timestamp,latency_ms,fps,in_luma,out_luma,luma_gain,det_count,avg_conf,reset_event
1779941185.6560342,0.0004019966581836343,2487582.8682714934,0.40710296245234207,0.4045284245642702,-0.0025745378880718817,5,0.5062328577041626,0
1779941185.7006004,0.008779999916441739,113895.217484839,0.41162206818491287,0.4054361043028323,-0.006185963882080592,6,0.4810136556625366,0
1779941185.7355666,0.007422000635415316,134734.56135645328,0.4111720409517974,0.4089247685185185,-0.0022472724332788796,6,0.500725269317627,0
1779941185.7700558,0.007255002856254578,137835.92092426188,0.4107642803649238,0.40878000748910676,-0.001984272875817039,6,0.5107165575027466,0
1779941185.8037271,0.007264010491780937,137664.99940101648,0.4110073359204793,0.40711454929193897,-0.0038927866285403123,7,0.4401400089263916,0
1779941185.8373046,0.0057150027714669704,174978.0428791135,0.40997115417347496,0.4082652505446623,-0.0017059036288126772,7,0.44776177406311035,0
1779941185.871217,0.007752998499199748,128982.35438884948,0.4095199014501634,0.4046325912309368,-0.004887310219226615,5,0.4098761975765228,0
1779941185.9040084,0.005714988219551742,174978.4884208275,0.40958890335648146,0.4093703022875817,-0.00021860106889975972,5,0.4425392150878906,0
1779941185.936969,0.0068829976953566074,145285.53462608563,0.40956644029139433,0.40774300449346407,-0.0018234357979302618,5,0.47774162888526917,0
1779941185.9721622,0.005923007847741246,168833.13777498243,0.4088952546296296,0.40533992034313726,-0.003555334286492351,6,0.3867062032222748,0
1779941186.0032349,0.006486006896011531,154178.06610950944,0.4081580797249455,0.4046500544662309,-0.0035080252587145755,6,0.4460603892803192,0
1779941186.0363717,0.006047994247637689,165344.07260565666,0.40799944257216775,0.402109068627451,-0.005890373944716754,7,0.4398921728134155,0
1779941186.0704558,0.007338996510952711,136258.4106025396,0.408243732128268,0.4012543402777778,-0.00698939185049019,6,0.42086440324783325,0
1779941186.104401,0.006517002475447953,153444.77829606226,0.4082574380446623,0.40530543641067535,-0.002952001633986956,6,0.4419328570365906,0
1779941186.1363807,0.00673301110509783,148521.95910427955,0.4076989506740196,0.39898359204793027,-0.008715358626089353,6,0.41583460569381714,0
1779941186.1695466,0.00637098855804652,156961.51246999277,0.4074766561138344,0.3983773658769063,-0.00909929023692807,7,0.43135756254196167,0
1779941186.203573,0.01790998794604093,55834.7667800108,0.4074740647126906,0.40103346269063184,-0.006440602022058761,4,0.5184193849563599,0
1779941186.237186,0.005962996510788798,167700.91986314408,0.4075664105051743,0.3976159620098039,-0.009950448495370356,7,0.34189388155937195,0
1779941186.2699318,0.006314992788247764,158353.30831430329,0.4067496127791394,0.40368343205337687,-0.003066180725762535,7,0.35160964727401733,0
1779941186.3043463,0.005897003575228155,169577.6485876236,0.40581928274782136,0.40200148080065357,-0.003817801947167798,5,0.4691852629184723,0
1779941186.336703,0.006681002560071647,149678.13453274235,0.4051043155977669,0.396203329248366,-0.008900986349400897,5,0.40355950593948364,0
1779941186.3707564,0.006433998350985348,155424.34819661602,0.4047415066721133,0.40347617102396516,-0.0012653356481481248,6,0.3676568865776062,0
1779941186.4034884,0.0063789921114221215,156764.57699476002,0.40351528884123095,0.3969226579520697,-0.006592630889161233,6,0.4099528193473816,0
1779941186.437441,0.005870999302715063,170328.75468705076,0.40178780722358387,0.40068125340413946,-0.0011065538194444113,7,0.36900725960731506,0
1779941186.4704604,0.006385991582646966,156592.75259888524,0.4004303342864924,0.4013038875272331,0.000873553240740732,9,0.3490910530090332,0
1779941186.5029702,0.005940004484727979,168350.04124509424,0.39939135688997823,0.3980328329248366,-0.0013585239651416336,5,0.500824511051178,0
1779941186.5371416,0.007454989827238023,134138.34534640634,0.39868571282679743,0.3960810185185185,-0.002604694308278921,7,0.43458014726638794,0
1779941186.5706027,0.00661700323689729,151125.81393702017,0.3978413288058279,0.394911424291939,-0.0029299045138889146,6,0.41618818044662476,0
1779941186.604462,0.0075830030255019665,131873.87590865477,0.39725150633169937,0.3921264808006536,-0.005125025531045768,8,0.41535893082618713,0
1779941186.6369905,0.015910001820884645,62853.54403211482,0.39754268790849673,0.39968280228758174,0.002140114379085012,4,0.5649909377098083,0
1779941186.6710906,0.007266993634402752,137608.48712814186,0.3980370200163399,0.39559475422113294,-0.002442265795206955,7,0.43468135595321655,0
1779941186.7034798,0.005879992386326194,170068.2474224763,0.39890248417075164,0.3952908156318083,-0.0036116685389433467,4,0.41528305411338806,0
1779941186.7380984,0.00818700937088579,122144.7240009456,0.39886556202342044,0.40565156930827884,0.0067860072848583974,9,0.3765900433063507,0
1779941186.7714214,0.023554006475023925,42455.62219151017,0.39982031675517427,0.3971769641884531,-0.0026433525667211577,7,0.4069778025150299,0
1779941186.8043132,0.0071459944592788815,139938.5355947942,0.40135935797930283,0.4084212452342048,0.007061887254901977,8,0.36593127250671387,0
1779941186.838379,0.006318005034700036,158277.80992698713,0.4022144735498366,0.40823655364923744,0.006022080099400862,7,0.383718878030777,0
1779941186.8708851,0.01587699807714671,62984.19859604293,0.4030057742715142,0.4042736077069717,0.0012678334354574994,6,0.4485272765159607,0
1779941186.904321,0.008705988875590265,114863.459428921,0.4037419534654139,0.40835176674836604,0.004609813282952124,6,0.46824344992637634,0
1779941186.9384665,0.007327995263040066,136462.97030835465,0.40408869910811546,0.40570901416122,0.0016203150531045596,9,0.45151758193969727,0
1779941186.9716032,0.005947003955952823,168151.8975616321,0.4041064133986928,0.39719449550653596,-0.006911917892156838,4,0.48063594102859497,0
1779941187.0042434,0.006949994713068008,143885.00154103854,0.40389231430419387,0.40376378676470587,-0.00012852753948799922,6,0.4589400291442871,0
1779941187.037711,0.005040987161919475,198373.84382848267,0.4038105000680828,0.40319446146514165,-0.0006160386029411269,8,0.3826195001602173,0
1779941187.0702627,0.0077260046964511275,129433.00441680306,0.40419098073257076,0.3985049360021787,-0.005686044730392081,5,0.5136284232139587,0
1779941187.1041605,0.005164998583495617,193610.89530506908,0.40439833963099125,0.4058584899237473,0.001460150292756035,6,0.48300671577453613,0
1779941187.137531,0.006843009032309055,146134.543338834,0.4043960503472222,0.3957595145697168,-0.008636535777505394,5,0.5363574624061584,0
1779941187.1711957,0.005493013304658234,182049.44072354079,0.40454974298747276,0.3943493668300654,-0.010200376157407376,4,0.4981803297996521,0
1779941187.2047396,0.007046997779980302,141904.40116795315,0.4050023403458606,0.3959548611111111,-0.009047479234749467,6,0.4665152430534363,0
1779941187.2410555,0.006264992407523096,159617.11283148327,0.4056513352736928,0.4003667619825708,-0.0052845732911219745,6,0.4995971620082855,0
1779941187.291067,0.008344999514520168,119832.24184255682,0.40588684640522876,0.4116412207244009,0.00575437431917214,8,0.4942639470100403,0
1779941187.3481653,0.012950986274518073,77214.19657185233,0.40564023777913943,0.4050990774782135,-0.0005411603009259358,5,0.5400179624557495,0
1779941187.3937595,0.015474011888727546,64624.481820934656,0.40643744468273424,0.4049130072167756,-0.0015244374659586502,4,0.5754449367523193,0
1779941187.4456766,0.009718001820147038,102901.81237945781,0.40666060304330065,0.4018450605936819,-0.004815542449618737,8,0.4239845871925354,0
1779941187.4918244,0.013843004126101732,72238.65505569315,0.4063463541666667,0.40219958469498907,-0.004146769471677636,6,0.3999747037887573,0
1779941187.5245762,0.006176996976137161,161890.96479457218,0.4059541760280501,0.40409422657952065,-0.0018599494485294632,4,0.4956399202346802,0
1779941187.5566044,0.007184993592090905,139178.96894170926,0.4058984375,0.3952962452342048,-0.010602192265795174,4,0.5028979182243347,0
1779941187.5881708,0.006267990102060139,159540.775227345,0.4055603979438998,0.39571956699346406,-0.009840830950435753,5,0.4319170415401459,0
1779941187.6227157,0.007272989023476839,137495.05145299283,0.4051330295138889,0.39569037649782135,-0.00944265301606756,4,0.4963582754135132,0
1779941187.6536322,0.00534798891749233,186986.1765661436,0.4056825512322985,0.40959439678649234,0.003911845554193827,6,0.4005495011806488,0
1779941187.684588,0.0058019941207021475,172354.53521607182,0.4056504884940087,0.40468761914488016,-0.0009628693491285367,5,0.3994625508785248,0
1779941187.7159111,0.0052910036174580455,189000.05978080007,0.40539590141612203,0.4056063112745098,0.00021040985838777226,8,0.3614875078201294,0
1779941187.7470093,0.005425012204796076,184331.38253881395,0.4052619825708061,0.39735881331699346,-0.007903169253812625,3,0.5320997834205627,0
1779941187.7963002,0.011284006177447736,88621.00784724882,0.4059254833877996,0.4044479166666667,-0.0014775667211329169,7,0.42678818106651306,0
1779941187.84149,0.013124998076818883,76190.4873545224,0.4063691789215686,0.40625629765795207,-0.00011288126361652662,6,0.4323267638683319,0
1779941187.879173,0.006009999196976423,166389.37331357566,0.4068931015114379,0.40924635757080613,0.002353256059368203,7,0.4077550768852234,0
1779941187.9139433,0.006372996722348034,156912.05308380656,0.4071838022535403,0.40880962350217864,0.0016258212486383594,7,0.4606204330921173,0
1779941187.9459705,0.004995003109797835,200200.0755592069,0.4075896905637255,0.40971851171023965,0.002128821146514137,7,0.42207998037338257,0
1779941187.9766927,0.006228990969248116,160539.64517477975,0.40868980204929195,0.3996668538943355,-0.009022948154956467,4,0.4960135519504547,0
1779941188.013345,0.008009999874047935,124843.94703175442,0.41009460529003267,0.4068845656318083,-0.0032100396582243618,6,0.4123690128326416,0
1779941188.0438955,0.0059019948821514845,169434.23706180256,0.4104654309640523,0.41730666190087146,0.006841230936819154,7,0.46771425008773804,0
1779941188.0750418,0.006008995114825666,166417.17639822248,0.4110519514229303,0.40927983728213513,-0.0017721141407951446,5,0.46069011092185974,0
1779941188.106146,0.007745999027974904,129098.90594982913,0.412003599877451,0.4087247072440087,-0.0032788926334422763,7,0.43792298436164856,0
1779941188.1373453,0.005175999831408262,193199.38805483395,0.412824597460512,0.40816244553376907,-0.004662151926742908,7,0.38924068212509155,0
1779941188.1697483,0.006066999048925936,164826.13429402694,0.4132122651143791,0.41032705269607844,-0.0028852124183006422,5,0.48454195261001587,0
1779941188.203254,0.0060010061133652925,166638.72375880848,0.4129275684232026,0.4075113187636165,-0.005416249659586092,4,0.5155453681945801,0
1779941188.2369661,0.006280999514274299,159210.32914067007,0.41326953125,0.4175567299836601,0.004287198733660125,7,0.4107702970504761,0
1779941188.2785769,0.0070160022005438805,142531.31219406973,0.4140197440087146,0.4025371902233116,-0.011482553785403027,6,0.4076100289821625,0
1779941188.3100727,0.0065990025177598,151538.05401781778,0.414140625,0.4204539930555556,0.0063133680555556015,7,0.37925681471824646,0
1779941188.3413045,0.004864996299147606,205550.0022014836,0.414203605834695,0.41482698461328976,0.000623378778594752,8,0.39512166380882263,0
1779941188.3726547,0.007652008207514882,130684.6481186364,0.4142720843545752,0.42012011505991287,0.005848030705337681,7,0.40940526127815247,0
1779941188.4040346,0.005456997314468026,183250.96062421,0.41381007029547934,0.4148756978485839,0.0010656275531045756,7,0.402963787317276,0
1779941188.4370346,0.00673800241202116,148411.93856148171,0.41325487217456425,0.4175975456154684,0.004342673440904166,6,0.4615347385406494,0
1779941188.470341,0.005412002792581916,184774.47967519023,0.41197979643246185,0.4133725149782135,0.0013927185457516256,9,0.406381756067276,0
1779941188.5033343,0.0070690002758055925,141462.71905273604,0.4104538143382353,0.4151028901143791,0.004649075776143818,5,0.4679977595806122,0
1779941188.5372105,0.00595299934502691,167982.54829901707,0.40971677134395423,0.41369682734204793,0.003980055998093701,5,0.43667373061180115,0
1779941188.570302,0.006556001608259976,152531.99430886187,0.40887343835103485,0.41445947372004355,0.005586035369008702,5,0.39132341742515564,0
1779941188.6037083,0.0059580052038654685,167841.41097278908,0.4070588533156318,0.4058793913398693,-0.001179461975762519,4,0.5415856838226318,0
1779941188.6371117,0.0066590000642463565,150172.6971545204,0.40572061376633983,0.4081823937908497,0.002461780024509863,6,0.460793137550354,0
1779941188.6702862,0.006100992322899401,163907.76238917894,0.4046492672589869,0.41159500953159045,0.006945742272603528,4,0.6062514781951904,0
1779941188.7096136,0.009758005035109818,102479.9635173324,0.4039326363357843,0.4036560797930283,-0.0002765565427559902,6,0.42794400453567505,0
1779941188.7402854,0.005579990101978183,179211.78742691432,0.4035220588235294,0.40576802491830066,0.00224596609477129,5,0.5317108035087585,0
1779941188.7714863,0.007328009814955294,136462.69932105715,0.40279510059232027,0.4009446146514161,-0.0018504859409041452,3,0.5819715857505798,0
1779941188.8039017,0.0057919969549402595,172652.02447094765,0.4027345069104031,0.4100033190359477,0.007268812125544644,8,0.46134382486343384,0
1779941188.8367796,0.007154987542890012,139762.64724509697,0.40287612762118735,0.40102864583333336,-0.0018474817878539884,3,0.6501379013061523,0
1779941188.8708494,0.005755005986429751,173761.76538443062,0.4023853443287037,0.407546466503268,0.00516112217456427,6,0.4727359712123871,0
1779941188.9041483,0.006014000973664224,166278.65615238133,0.4018434776688453,0.4044937704248366,0.002650292755991268,6,0.408316433429718,0
1779941188.9367952,0.006203001248650253,161212.28416931172,0.401611400462963,0.40484552015250547,0.0032341196895424584,4,0.5324557423591614,0
1779941188.9706957,0.0060349993873387575,165700.09967158723,0.40208452903730935,0.4036624285130719,0.0015778994757625342,6,0.4296921193599701,0
1779941189.0037384,0.005358990165404975,186602.32042512632,0.4024779113902505,0.3957595996732026,-0.006718311717047898,6,0.4581146240234375,0
1779941189.0383534,0.005912006599828601,169147.3077903857,0.4026044219771242,0.4012966537309368,-0.0013077682461873907,5,0.45061931014060974,0
1779941189.0708873,0.005986003088764846,167056.37888441858,0.4027674972766884,0.39703783700980394,-0.005729660266884484,5,0.44844913482666016,0
1779941189.1052833,0.0104930077213794,95301.55952925775,0.4031108940972222,0.4067144267429194,0.003603532645697183,5,0.493377685546875,0
1779941189.1374097,0.00610999995842576,163666.12222656212,0.40380656403186277,0.4038897229030501,8.315887118731657e-05,7,0.42304250597953796,0
1779941189.1707845,0.006804999429732561,146950.78380620826,0.40397280518110024,0.40596311614923747,0.001990310968137232,6,0.4384543299674988,0
1779941189.2046657,0.0061150058172643185,163532.1420589215,0.4040288798679194,0.39929166666666666,-0.004737213201252755,3,0.6360589861869812,0
1779941189.2378428,0.006422007572837174,155714.546994564,0.4030052423747277,0.4071024986383442,0.004097256263616511,4,0.6126991510391235,0
1779941189.271531,0.006019996362738311,166113.05717552474,0.40374665968818085,0.3970647807734205,-0.006681878914760353,4,0.49756184220314026,0
1779941189.3040967,0.006927002687007189,144362.5829502962,0.4040751761642157,0.4107554296023965,0.00668025343818085,5,0.5571343898773193,0
1779941189.337622,0.004963003448210657,201490.89365644837,0.40384117561955335,0.40968921909041395,0.005848043470860598,8,0.4650667607784271,0
1779941189.3708928,0.0065019994508475065,153798.8441185818,0.40360585171568625,0.40813049768518517,0.004524645969498919,5,0.4690077006816864,0
1779941189.4046388,0.006061993190087378,164962.2440413177,0.4037866498161765,0.4026007795479303,-0.0011858702682462363,8,0.43380206823349,0
1779941189.4385545,0.00669300789013505,149409.6550332652,0.4039693457244009,0.4097155330882353,0.005746187363834365,8,0.4629848003387451,0
1779941189.471549,0.005156995030120015,193911.37555095291,0.40368053853485836,0.40885057529956426,0.005170036764705899,7,0.47033408284187317,0
1779941189.504962,0.007060996722429991,141623.06531362576,0.40339836090686276,0.40873936206427014,0.005341001157407377,8,0.484762042760849,0
1779941189.5379615,0.007809998351149261,128041.00014346962,0.40320204418572986,0.4096836533224401,0.0064816091367102535,6,0.48546648025512695,0
1779941189.5721395,0.006810994818806648,146821.43014391686,0.4035895884395425,0.4105715379901961,0.006981949550653566,7,0.4054989218711853,0
1779941189.6054318,0.005920999683439732,168890.39916635538,0.4035123485157952,0.3940958265250545,-0.009416521990740723,6,0.4604954719543457,0
1779941189.6379054,0.006485992344096303,154178.412022059,0.40310299223856205,0.39865878608387795,-0.004444206154684105,3,0.7050821781158447,0
1779941189.6717556,0.006551010301336646,152648.21058149816,0.4029371425653595,0.3982727566721133,-0.004664385893246192,3,0.758633017539978,0
1779941189.7055447,0.006753994966857135,148060.51898278718,0.40340866693899785,0.39951712282135077,-0.0038915441176470833,5,0.5926670432090759,0
1779941189.7392895,0.00715100031811744,139840.57551591026,0.4035016042007081,0.4055374285130719,0.002035824312363821,6,0.5157566070556641,0
1779941189.7722564,0.008906004950404167,112283.79116885833,0.40361869383169935,0.4092399237472767,0.0056212299155773415,5,0.5357629656791687,0
1779941189.8056085,0.005270994734019041,189717.51072828667,0.40376535692401966,0.4055076252723312,0.0017422683483115375,6,0.41411063075065613,0
1779941189.838798,0.007199996616691351,138888.9541533611,0.40403651790577344,0.405106736791939,0.0010702188861655415,4,0.5606371164321899,0
1779941189.8717659,0.02077099634334445,48144.055464167715,0.40504696861383443,0.4090215822440087,0.003974613630174262,7,0.4878634214401245,0
1779941189.9050112,0.0060589954955503345,165043.85928895144,0.4052358302696078,0.4066156045751634,0.0013797743055555811,4,0.5601235628128052,0
1779941189.9382262,0.005651003448292613,176959.72213609933,0.4047487234477124,0.39783188657407403,-0.006916836873638366,6,0.48826414346694946,0
1779941189.9730167,0.00809799530543387,123487.35239806645,0.4045187355324074,0.39766515182461876,-0.0068535837077886574,4,0.5522342324256897,0
1779941190.0051458,0.005919006071053445,168947.28405338892,0.4041733260144335,0.40494441040305007,0.0007710843886165608,5,0.528615415096283,0
1779941190.041021,0.007013994036242366,142572.12008348582,0.40358907356345314,0.40558614174836605,0.001997068184912909,7,0.47393447160720825,0
1779941190.0718544,0.006889997166581452,145137.9406729366,0.40297586890659043,0.4059518995098039,0.0029760306032134975,7,0.47837674617767334,0
1779941190.1047947,0.007221999112516642,138465.81596318298,0.40239859068627454,0.3995187908496732,-0.00287979983660136,7,0.47378289699554443,0
1779941190.1380925,0.00580099003855139,172384.3677293605,0.4020807546977124,0.40332124863834423,0.0012404939406318594,6,0.4655108153820038,0
1779941190.1714563,0.007305992767214775,136873.93785652824,0.40201323784722226,0.39826863766339865,-0.00374460018382361,7,0.46320095658302307,0
1779941190.205718,0.005178997525945306,193087.56086294388,0.40108865655637255,0.40453930078976036,0.003450644233387812,9,0.40432921051979065,0
1779941190.237327,0.006675996701233089,149790.3676038808,0.3999832856753812,0.4015151824618737,0.0015318967864924593,5,0.497437059879303,0
1779941190.2710865,0.0057779980124905705,173070.32606073123,0.39975070635893245,0.3990924223856209,-0.0006582839733115242,6,0.4442968964576721,0
1779941190.3071058,0.007120004738681018,140449.34472687586,0.399792356004902,0.4000564236111111,0.0002640676062091174,7,0.4588460326194763,0
1779941190.338735,0.00624000676907599,160256.2364123971,0.39965764995234204,0.3903919696350763,-0.009265680317265768,6,0.4841148257255554,0
1779941190.371586,0.006619011401198804,151079.963364149,0.39960166036900874,0.40415342456427017,0.004551764195261432,7,0.4274515211582184,0
1779941190.404811,0.005249996320344508,190476.32397852413,0.3996045836737473,0.3925366625816994,-0.007067921092047902,5,0.505272388458252,0
1779941190.4380736,0.005898997187614441,169520.3384906852,0.4004104030501089,0.4012951218681917,0.0008847188180828303,6,0.4796462953090668,0
1779941190.4711735,0.005431997124105692,184094.3537253137,0.40120442282815905,0.4049168538943355,0.0037124310661764692,6,0.4936314821243286,0
1779941190.505317,0.006317990482784808,158278.17448044426,0.4018812168096405,0.4030355562363835,0.0011543394267429785,6,0.48460906744003296,0
1779941190.538065,0.0058019941207021475,172354.53521607182,0.40245645254629625,0.40420617170479306,0.0017497191584968097,4,0.5419813394546509,0
1779941190.5713375,0.011198993888683617,89293.73566410123,0.40261792364515253,0.4002624080882353,-0.0023555155569172093,3,0.5706949234008789,0
1779941190.6047783,0.0050289963837713,198846.83218843138,0.4032659398828976,0.40217325367647055,-0.0010926862064270515,5,0.43880748748779297,0
1779941190.6383064,0.006962000043131411,143636.8850624445,0.4027507531658497,0.3964455337690632,-0.006305219396786466,5,0.4214183986186981,0
1779941190.6710625,0.00511801044922322,195388.42484226928,0.40172175415305006,0.39566225830610025,-0.006059495846949814,5,0.4624102711677551,0
1779941190.7053177,0.006771995685994625,147666.9576249334,0.4006837214052288,0.3858499625544662,-0.014833758850762602,6,0.454488605260849,0
1779941190.7383199,0.0058010045904666185,172383.93530034466,0.3999440997753268,0.40120018041939,0.0012560806440631844,6,0.48820003867149353,0
1779941190.771934,0.008549002814106643,116972.70684598533,0.39954452188861656,0.39485443899782136,-0.0046900828907952,5,0.4887629449367523,0
1779941190.8042865,0.005433001206256449,184060.3309361382,0.39870199312363835,0.3956631093409586,-0.0030388837826797466,3,0.6676234006881714,0
1779941190.83903,0.007355003617703915,135961.86378385223,0.39775714443763616,0.40517036015795205,0.007413215720315891,5,0.4706299901008606,0
1779941190.8719535,0.005196998245082796,192418.76807369763,0.3979532186138344,0.4029049904684096,0.004951771854575182,6,0.4896143674850464,0
1779941190.9049873,0.006627000402659178,150897.83299224425,0.3985997370302287,0.39432526552287583,-0.004274471507352884,3,0.5133263468742371,0
1779941190.9385464,0.005430003511719406,184161.9435128783,0.39829794304874727,0.4037166394335512,0.005418696384803912,5,0.44912585616111755,0
1779941190.9717712,0.006157992174848914,162390.5928436057,0.3978796594158497,0.40049523420479305,0.0026155747889433645,6,0.45853811502456665,0
1779941191.0059345,0.007750990334898233,129015.77176500627,0.3972961558755447,0.4034540781590414,0.0061579222834967084,5,0.4826166331768036,0
1779941191.0392528,0.006488000508397818,154130.69075836823,0.3971184938385076,0.4021484204793028,0.005029926640795213,5,0.4553244709968567,0
1779941191.0723722,0.005484995199367404,182315.5652196983,0.39678546687772326,0.393719056372549,-0.003066410505174255,6,0.42999574542045593,0
1779941191.1077461,0.007329988875426352,136425.8550722336,0.3965869672521786,0.39507773352396514,-0.0015092337282134882,5,0.4637983739376068,0
1779941191.1381104,0.005889000021852553,169808.11619787046,0.396403611791939,0.3942379493464052,-0.002165662445533789,3,0.5753902792930603,0
1779941191.1722689,0.005984999006614089,167084.40534324048,0.39669139348447713,0.40598750680827883,0.009296113323801702,5,0.5119625926017761,0
1779941191.205033,0.00528499367646873,189214.98514794235,0.39666388378267975,0.40429117306644885,0.007627289283769101,4,0.612932026386261,0
1779941191.2383337,0.006062997272238135,164934.92493867697,0.3961985294117647,0.4035492578976035,0.007350728485838787,4,0.558789849281311,0
1779941191.271837,0.005704001523554325,175315.5211951752,0.3958149254493464,0.40387973175381264,0.008064806304466265,4,0.5594460964202881,0
1779941191.3051825,0.006130998372100294,163105.57258514332,0.39571440546704795,0.40050879970043574,0.004794394233387789,6,0.4618540406227112,0
1779941191.338108,0.005023000994697213,199084.1731975966,0.3956987208946079,0.4044482230392157,0.00874950214460779,6,0.528188169002533,0
1779941191.372358,0.006767993909306824,147754.27008361768,0.3952651484204793,0.4038097426470588,0.00854459422657955,6,0.4858001172542572,0
1779941191.4050922,0.005364010576158762,186427.6711989843,0.39471112047249457,0.40291455610021787,0.008203435627723299,4,0.6014131307601929,0
1779941191.4386568,0.005804002285003662,172294.90115532733,0.394900143824891,0.40327719907407406,0.00837705524918303,5,0.49682220816612244,0
1779941191.4713507,0.005644003977067769,177179.18060708567,0.3949376191448802,0.4009639501633987,0.006026331018518516,5,0.4828461706638336,0
1779941191.5045645,0.006053000106476247,165207.3322995776,0.3944209814133987,0.3991329316448802,0.004711950231481465,5,0.4823454022407532,0
1779941191.5386167,0.00500699388794601,199720.6352513093,0.39359588184232025,0.4043321248638344,0.010736243021514158,5,0.5311569571495056,0
1779941191.5728679,0.007207010639831424,138753.7843323332,0.39316803683278867,0.4032951729302832,0.010127136097494549,5,0.5180519223213196,0
1779941191.605932,0.005081994459033012,196773.13858981995,0.39322157969090415,0.39789261642156865,0.004671036730664491,6,0.5334255695343018,0
1779941191.6400054,0.006582995411008596,151906.5315354348,0.3930524960852397,0.38792587486383445,-0.005126621221405225,5,0.4997125566005707,0
1779941191.6715143,0.005413996404968202,184706.43960574875,0.39241131791258166,0.40071432461873635,0.008303006706154692,4,0.6075611114501953,0
1779941191.7054543,0.006162998033687472,162258.69204142445,0.3915305564065904,0.40030393858932467,0.008773382182734268,5,0.49248772859573364,0
1779941191.7387583,0.006123998900875449,163291.99534262592,0.3916185534109477,0.3920796568627451,0.00046110345179739554,4,0.5243617296218872,0
1779941191.773575,0.007574999472126365,132013.2105196427,0.3916792704929194,0.3938846677559913,0.0022053972630718954,6,0.5097782611846924,0
1779941191.8068326,0.005413006874732673,184740.2050545864,0.3915824567674292,0.39635297521786494,0.004770518450435746,8,0.3895290195941925,0
1779941191.839855,0.006841000868007541,146177.44088830275,0.39143830848311545,0.3919243600217865,0.00048605153867103956,3,0.6026666760444641,0
1779941191.872959,0.004683999577537179,213492.76050229586,0.39147839648011984,0.3967173372821351,0.005238940802015257,6,0.4753933846950531,0
1779941191.9053445,0.0066159991547465324,151148.7496612764,0.3920115953499455,0.39137481277233116,-0.0006367825776143476,3,0.5533608198165894,0
1779941191.938525,0.005859008524566889,170677.34170499817,0.39201344209558825,0.3952097120098039,0.003196269914215677,5,0.5038278102874756,0
1779941191.976803,0.0075599964475259185,132275.19443177246,0.3922985472834968,0.3947296262254902,0.002431078941993403,5,0.5040653944015503,0
1779941192.0101128,0.008761999197304249,114129.20470338139,0.3927147586465142,0.40173064746732023,0.009015888820806062,5,0.5137565732002258,0
1779941192.040844,0.006724003469571471,148720.92266539703,0.39315149271514166,0.4016208129084967,0.008469320193355057,6,0.4533660113811493,0
1779941192.0742245,0.007530994480475783,132784.5880902602,0.39348324312363836,0.4021739345043573,0.008690691380718929,7,0.43582209944725037,0
1779941192.107698,0.00916000863071531,109170.20281474445,0.3936681091707516,0.39786201320806097,0.004193904037309348,6,0.5397524237632751,0
1779941192.139281,0.005027002771385014,198925.69100861766,0.393678244995915,0.3915516578159042,-0.0021265871800108527,6,0.45485711097717285,0
1779941192.1731586,0.006783011485822499,147427.1423673907,0.3939764390999455,0.39689569716775597,0.0029192580678104596,6,0.5576686859130859,0
1779941192.2070992,0.005440000677481294,183823.50651893622,0.39421418419798476,0.38777968409586056,-0.006434500102124208,3,0.567108154296875,0
1779941192.2483327,0.007351001841016114,136035.87941174724,0.3939593375544662,0.4024235600490196,0.008464222494553364,7,0.4048134982585907,0
1779941192.2792675,0.006275993655435741,159337.3185031638,0.3938482775054466,0.3954801198257081,0.0016318423202614785,7,0.39165574312210083,0
1779941192.310063,0.006803995347581804,146972.46969097477,0.3937307666122004,0.40279748774509805,0.009066721132897637,5,0.4930095374584198,0
1779941192.3406882,0.005393987521529198,185391.60426468684,0.3938228060321351,0.4015647126906318,0.007741906658496722,5,0.4866712987422943,0
1779941192.3733108,0.00573300349060446,174428.63965438906,0.39387265539896515,0.4020779718137255,0.008205316414760355,5,0.478985458612442,0
1779941192.414264,0.005915993824601173,169033.30693848638,0.39385234545206976,0.38775755718954247,-0.006094788262527295,4,0.5778681039810181,0
1779941192.4448855,0.00614600139670074,162707.41502545282,0.39373049853622,0.40181969975490195,0.008089201218681952,5,0.536313533782959,0
1779941192.4753351,0.005152003723196685,194099.23861225895,0.3934626395697168,0.3867625442538126,-0.006700095315904153,6,0.40312623977661133,0
1779941192.5058112,0.006061003659851849,164989.17607062514,0.3927500765931372,0.3942176947167756,0.0014676181236383812,6,0.47611570358276367,0
1779941192.539605,0.0058250006986781955,171673.79915111756,0.3918080193014706,0.3854869791666667,-0.00632104013480389,5,0.5042462944984436,0
1779941192.5733235,0.007295995601452887,137061.48613917272,0.3907747566040305,0.39645137186819174,0.005676615264161244,6,0.4758349359035492,0
1779941192.6064868,0.006607006071135402,151354.48480496884,0.3906635348583878,0.3923455712145969,0.0016820363562091156,7,0.3966604471206665,0
1779941192.6396234,0.0070789974415674806,141262.941292796,0.39118891271786493,0.3835869076797386,-0.007602005038126358,5,0.42972609400749207,0
1779941192.680734,0.00616400211583823,162232.26099006814,0.39115625,0.3865121187363834,-0.004644131263616569,5,0.4807831943035126,0
1779941192.7238872,0.00812899088487029,123016.49911567791,0.39056044475081697,0.392279020288671,0.001718575537854039,7,0.4235973656177521,0
1779941192.76647,0.009516996215097606,105075.17050533407,0.3903478136914488,0.3960428410947712,0.00569502740332245,5,0.45124006271362305,0
1779941192.804027,0.009612995199859142,104025.85034211323,0.3909467720247821,0.40045722698801745,0.009510454963235326,5,0.4533046782016754,0
1779941192.8347435,0.006173999281600118,161969.56857125348,0.3911512374046841,0.39340281181917214,0.0022515744144880334,5,0.47955355048179626,0
1779941192.865071,0.00612800067756325,163185.3605469316,0.3915188631876362,0.39404975149782134,0.0025308883101851642,7,0.4227350652217865,0
1779941192.8958018,0.00520898902323097,191975.8316902215,0.39177582039760345,0.39918751702069716,0.007411696623093711,4,0.5557982921600342,0
1779941192.9263287,0.00626700057182461,159565.96597355252,0.3922187925517429,0.3996819682734205,0.007463175721677595,4,0.6016177535057068,0
1779941192.956946,0.005447000148706138,183587.29074709804,0.39274437465958606,0.4004227430555556,0.007678368395969526,4,0.5806974768638611,0
1779941192.9879634,0.006677000783383846,149767.84224566296,0.3928752170138889,0.38528989651416123,-0.007585320499727655,5,0.41871100664138794,0
1779941193.0187364,0.005380003130994737,185873.49777528935,0.39277148437500004,0.3892279922385621,-0.0035434921364379535,5,0.5039931535720825,0
1779941193.051579,0.006550006219185889,152671.61076440805,0.3933588601239107,0.40308180147058825,0.00972294134667756,6,0.46872687339782715,0
1779941193.082813,0.005383000825531781,185769.9882297921,0.3942570720996732,0.39617982366557736,0.0019227515659041572,5,0.5341275334358215,0
1779941193.1137762,0.006629998097196221,150829.60588222384,0.39492167926198257,0.3972570976307189,0.0023354183687363528,7,0.4143170714378357,0
1779941193.1442287,0.005219000740908086,191607.56045917017,0.39523148999183005,0.40041382421023963,0.005182334218409579,6,0.5181483626365662,0
1779941193.1750884,0.0064680061768740416,154607.14981618887,0.39555712145969496,0.3990501599945534,0.003493038534858439,8,0.4775475263595581,0
1779941193.2138689,0.006360001862049103,157232.65836872163,0.39644277216094775,0.3914063861655773,-0.005036385995370429,6,0.48408615589141846,0
1779941193.245374,0.006233007297851145,160436.19912730635,0.3973932844839324,0.3990897501361656,0.0016964656522331922,7,0.4172796905040741,0
1779941193.2762966,0.006262998795136809,159667.9215037524,0.39813935695806096,0.3942260859204793,-0.003913271037581656,7,0.40016528964042664,0
1779941193.3074493,0.00944799103308469,105842.60680373533,0.39830344924428107,0.3928140659041394,-0.005489383340141651,4,0.45513632893562317,0
1779941193.3486998,0.00774799264036119,129065.68790356812,0.3987761437908497,0.39199824686819174,-0.0067778969226579555,7,0.44829028844833374,0
1779941193.3799589,0.006350994226522744,157455.66195350073,0.39925838694852944,0.39559611587690635,-0.003662271071623091,7,0.3768908679485321,0
1779941193.4168365,0.00516399450134486,193648.54082233625,0.3996086941721133,0.4039798474945534,0.004371153322440091,7,0.401162713766098,0
1779941193.4490657,0.006412999937310815,155933.26208877735,0.39959202239923747,0.3996762493191721,8.422691993464904e-05,8,0.40632185339927673,0
1779941193.4832337,0.006279005901888013,159260.87913045494,0.39946481821895424,0.4020760484749455,0.002611230255991248,5,0.46539488434791565,0
1779941193.5139217,0.006470989319495857,154535.87552481206,0.40003953907952067,0.39672220520152507,-0.0033173338779955985,5,0.49367818236351013,0
1779941193.5536313,0.006812013452872634,146799.4752092421,0.40037359153730934,0.4030530875544662,0.0026794960171568905,5,0.4832628667354584,0
1779941193.584982,0.0064150081016123295,155884.44849331724,0.40064608438861654,0.3993623366013072,-0.0012837477873093306,7,0.38772052526474,0
1779941193.6158676,0.005073990905657411,197083.52233840578,0.401162458299292,0.4041010688997821,0.0029386106004901102,6,0.42258358001708984,0
1779941193.6469543,0.005972004146315157,167447.97483387875,0.4017799436614924,0.4040095145697168,0.0022295709082243986,7,0.44947394728660583,0
1779941193.6776705,0.005582987796515226,179115.56257102644,0.40251728026279954,0.4057691312636165,0.0032518510008169854,6,0.46480488777160645,0
1779941193.708844,0.00665700645186007,150217.67024434602,0.4026569818899782,0.40144985702614383,-0.0012071248638343968,5,0.5163412094116211,0
1779941193.7416945,0.0051209935918450356,195274.60483302645,0.40304227090141614,0.407705967456427,0.0046636965550108656,7,0.46744731068611145,0
1779941193.7828927,0.011019001249223948,90752.32658408389,0.4037608889910131,0.41182501021241835,0.008064121221405263,8,0.4801748991012573,0
1779941193.8152754,0.006948001100681722,143926.28692903952,0.40443864464188456,0.4082511233660131,0.003812478724128543,8,0.4288066625595093,0
1779941193.8505607,0.00717300281394273,139411.6280083177,0.40467797266476035,0.4120507216775599,0.007372749012799551,9,0.40231025218963623,0
1779941193.8978806,0.013353012036532164,74889.47042540857,0.4048784934980937,0.40698667279411765,0.002108179296023971,6,0.46374112367630005,0
1779941193.944725,0.01573300687596202,63560.64087964453,0.40533775871459693,0.4038969056372549,-0.0014408530773420414,5,0.5065432786941528,0
1779941193.992824,0.00792299397289753,126214.91363248993,0.4057992621527778,0.4027408939270153,-0.0030583682257624978,4,0.5177295804023743,0
1779941194.0315037,0.009302995749749243,107492.25592486747,0.4056038475285948,0.40663575708061,0.0010319095520152088,5,0.4053072929382324,0
1779941194.0780303,0.012208998668938875,81906.79900261741,0.40542670887799565,0.40177357366557737,-0.003653135212418279,8,0.41739749908447266,0
1779941194.1156309,0.008162998710758984,122504.00072732847,0.40582058057598036,0.41181062772331156,0.005990047147331201,3,0.4730163812637329,0
1779941194.149512,0.006155998562462628,162443.1828327073,0.4055542151756536,0.4071804874727669,0.0016262722971133181,6,0.4283156394958496,0
1779941194.1871314,0.00734800414647907,136091.37666030962,0.40519865281181916,0.3995848311546841,-0.005613821657135087,4,0.4095911681652069,0
1779941194.2244391,0.006360991392284632,157208.19890008328,0.40525047657952074,0.4047983558006536,-0.00045212077886713775,7,0.4335062503814697,0
1779941194.2584946,0.005870999302715063,170328.75468705076,0.4058771488630174,0.4120348583877996,0.006157709524782173,6,0.4355531334877014,0
1779941194.2920403,0.0058680016081780195,170415.7678836244,0.4061796449482571,0.4113086022603486,0.005128957312091509,6,0.44891947507858276,0
1779941194.3303516,0.006618996849283576,151080.2955146047,0.4066893978077342,0.4099315938180828,0.003242196010348586,6,0.5640913844108582,0
1779941194.370251,0.007287002517841756,137230.63736448073,0.4067870157611656,0.40348713235294115,-0.0032998834082244577,6,0.47087082266807556,0
1779941194.4133852,0.011060998076573014,90407.75462369723,0.4071698793232571,0.40310416666666665,-0.004065712656590448,5,0.45915642380714417,0
1779941194.4572577,0.008548988262191415,116972.90595456542,0.4079528696895425,0.4026839086328976,-0.005268961056644872,4,0.48115259408950806,0
1779941194.504334,0.012613003491424024,79283.25720990494,0.40832266986655774,0.40575514025054465,-0.0025675296160130867,6,0.40499669313430786,0
1779941194.5485659,0.008242001058533788,121329.75874403675,0.40884432444852936,0.4094350319989107,0.0005907075503813197,5,0.46691498160362244,0
1779941194.6031036,0.014549994375556707,68728.54890445538,0.40989730136846403,0.41050595724400873,0.0006086558755447058,5,0.39579975605010986,0
1779941194.6466951,0.011709009413607419,85404.32112368684,0.4098679619417211,0.40656304466230936,-0.0033049172794117343,3,0.4200957715511322,0
1779941194.6948676,0.00896799610927701,111507.630892652,0.41048645578022874,0.4085035232843137,-0.001982932495915024,4,0.5536996722221375,0
1779941194.7434518,0.012286007404327393,81393.40691328078,0.4111937423406863,0.411867391748366,0.0006736494076797217,5,0.4379667341709137,0
1779941194.7839835,0.008008006261661649,124875.02723212176,0.4116463141680283,0.4158300994008715,0.004183785232843185,5,0.3778485655784607,0
1779941194.81787,0.005442008841782808,183755.67351566427,0.41171587350217864,0.4089960001361656,-0.002719873366013037,4,0.5434374809265137,0
1779941194.8562698,0.007605995051562786,131475.23673375678,0.4121144258918845,0.41424273216230934,0.002128306270424818,4,0.46281248331069946,0
1779941194.8887506,0.00543700298294425,183924.85770873702,0.4120101273148148,0.41592333877995646,0.003913211465141675,5,0.4295566976070404,0
1779941194.9308808,0.02209399826824665,45261.16042279199,0.41195250799972766,0.40856876361655775,-0.0033837443831699066,5,0.5048758387565613,0
1779941194.9702563,0.0069929956225678325,143000.23251448845,0.4121122046909041,0.416789777369281,0.004677572678376929,8,0.39132294058799744,0
1779941195.006251,0.010010000551119447,99900.09439991161,0.4125413560389434,0.4088192231753813,-0.0037221328635621,5,0.45243749022483826,0
1779941195.0435014,0.006447007763199508,155110.71751893192,0.41275722954112204,0.4099245472494554,-0.002832682291666666,4,0.4762308597564697,0
1779941195.0787244,0.009217008482664824,108495.07211377544,0.412125655296841,0.4075662615740741,-0.004559393722766869,4,0.4436397850513458,0
1779941195.1102886,0.006193993613123894,161446.72766229374,0.4119154922385621,0.40597940495642704,-0.005936087282135072,4,0.4390552341938019,0
1779941195.1421862,0.006583999493159354,151883.3652765284,0.41232245710784315,0.408281556372549,-0.004040900735294173,5,0.37943974137306213,0
1779941195.1748488,0.006971997208893299,143430.9237422565,0.41239172283496733,0.41596755855119827,0.003575835716230935,5,0.40446576476097107,0
1779941195.2082148,0.006597998435609043,151561.11505014214,0.41213809742647056,0.41027762459150324,-0.0018604728349673194,5,0.4249415397644043,0
1779941195.2481577,0.007280003046616912,137362.57987758805,0.412166117749183,0.4074535505174292,-0.004712567231753784,3,0.4897472560405731,0
1779941195.2813058,0.006369999027810991,156985.89523076324,0.4126956401484205,0.4184866898148148,0.005791049666394321,8,0.3623483180999756,0
1779941195.3178034,0.00675101182423532,148125.94408591025,0.41309235430283225,0.41662208946078433,0.003529735157952074,5,0.37241312861442566,0
1779941195.352456,0.007437003660015762,134462.75485601692,0.4135323606004902,0.41719361043028325,0.003661249829793045,5,0.4563779830932617,0
1779941195.3832712,0.006750997272320092,148126.26337446785,0.4133915398624728,0.40987651484204796,-0.0035150250204248334,4,0.4014253616333008,0
1779941195.4138625,0.006227011908777058,160590.66766686062,0.41343005344498907,0.41442252178649236,0.0009924683415032942,4,0.4550654888153076,0
1779941195.4446557,0.00567000824958086,176366.5864284981,0.4135767718545752,0.4150436070261438,0.0014668351715685923,5,0.3949759304523468,0
1779941195.4752278,0.005982990842312574,167140.48648175353,0.41347954112200436,0.40918938929738563,-0.0042901518246187265,5,0.3759823441505432,0
1779941195.508814,0.005708992830477655,175162.24484666815,0.41323751531862746,0.409002331835512,-0.004235183483115468,3,0.3523463010787964,0
1779941195.5418618,0.006040005246177316,165562.77010403166,0.41321134599673204,0.407940342456427,-0.005271003540305019,5,0.4249339699745178,0
1779941195.58334,0.010186005965806544,98173.90676550801,0.4134750774441721,0.4117167075163398,-0.0017583699278322928,4,0.3853421211242676,0
1779941195.6174238,0.0069820089265704155,143225.25372238434,0.41298956631263617,0.40876130174291936,-0.004228264569716811,3,0.37797778844833374,0
1779941195.6481974,0.005251000402495265,190439.90160899665,0.4122898667279412,0.40726511437908497,-0.005024752348856243,5,0.39846402406692505,0
1779941195.6786337,0.00665700645186007,150217.67024434602,0.41177430555555555,0.4082504255174292,-0.00352388003812637,3,0.3230035603046417,0
1779941195.7083175,0.005303998477756977,188537.0073527798,0.4124647246051198,0.4090647126906318,-0.003400011914487966,3,0.5228615999221802,0
1779941195.7495682,0.008140996214933693,122835.08966207581,0.41330319393382353,0.41160830269607845,-0.0016948912377450776,4,0.4461376368999481,0
1779941195.7959094,0.0071250105975195765,140350.6684394447,0.41360742613017426,0.40892561955337686,-0.004681806576797398,3,0.4459865987300873,0
1779941195.8428977,0.015933008398860693,62762.786221308095,0.4138479583673747,0.4126504289215686,-0.0011975294458060892,4,0.4328130781650543,0
1779941195.8949275,0.011809010175056756,84681.1024104477,0.41446012901688456,0.4191680793845316,0.00470795036764704,5,0.4016764760017395,0
1779941195.9436831,0.01592500484548509,62794.32940226141,0.41437323410266885,0.4079273046023965,-0.0064459295002723405,5,0.41592034697532654,0
1779941195.982602,0.006536996806971729,152975.4456868476,0.4144365127995643,0.4165138208061002,0.0020773080065359384,4,0.3472120761871338,0
1779941196.0263326,0.009612995199859142,104025.85034211323,0.4147192691312636,0.41067643654684094,-0.004042832584422673,3,0.4523256719112396,0
1779941196.0681741,0.013493001461029053,74112.49475427941,0.4147491787513617,0.4128805998093682,-0.0018685789419934928,5,0.36066684126853943,0
1779941196.1134307,0.016215009964071214,61671.25411675807,0.4146692963643791,0.4104615332244009,-0.004207763139978227,3,0.4402869641780853,0
1779941196.1612675,0.01267300103791058,78907.90800131361,0.4143434819240196,0.4127700333605665,-0.0015734485634530948,4,0.4613332450389862,0
1779941196.2051876,0.04635400546249002,21573.108731870147,0.4148210529003268,0.4158952546296296,0.0010742017293028372,6,0.40501880645751953,0
1779941196.2376478,0.006607995601370931,151331.81986267283,0.41455736825980394,0.4102232604847495,-0.004334107775054441,3,0.5367062091827393,0
1779941196.2692022,0.0066459906520321965,150466.65762224962,0.41439307598039216,0.41400330201525054,-0.00038977396514161544,7,0.379240483045578,0
1779941196.300411,0.0054679985623806715,182882.27193033815,0.41437651909722223,0.40272566040305013,-0.011650858694172095,5,0.4231618046760559,0
1779941196.33208,0.006432004738599062,155472.5222758165,0.4146932019335512,0.4111264978213508,-0.0035667041122003917,3,0.39415979385375977,0
1779941196.36464,0.006415997631847858,155860.40665541706,0.41492670887799565,0.4036132727396514,-0.011313436138344235,5,0.3645370602607727,0
1779941196.3970077,0.00754599750507623,132520.58449890756,0.41477832244008717,0.40835340073529414,-0.00642492170479303,5,0.4306665062904358,0
1779941196.4288738,0.005884998245164752,169923.58507865702,0.4144708903526689,0.4069069478485839,-0.007563942504084986,4,0.5176671743392944,0
1779941196.4608865,0.00939400342758745,106450.8872823371,0.414378804125817,0.41611868532135077,0.0017398811955337545,4,0.509242057800293,0
1779941196.4922075,0.004586006980389357,218054.61794458478,0.4146809385212418,0.41539836941721137,0.0007174308959695397,6,0.3375060558319092,0
1779941196.52362,0.0057580036809667945,173671.3026609416,0.4148529879833878,0.404427253540305,-0.010425734443082812,6,0.47437161207199097,0
1779941196.5543108,0.004742993041872978,210837.33228609298,0.41520449091094774,0.4149693797657952,-0.0002351111451525667,5,0.4621489644050598,0
1779941196.585853,0.006684000254608691,149611.00567141498,0.4154545760144336,0.4170756740196079,0.001621098005174293,6,0.47446489334106445,0
1779941196.6180937,0.005098001565784216,196155.29479465194,0.4155283947780501,0.41873651960784314,0.0032081248297930465,8,0.4116324186325073,0
1779941196.649636,0.006293004844337702,158906.59942837586,0.4153467584082244,0.4062309538398693,-0.00911580456835509,6,0.4058248996734619,0
1779941196.6805985,0.00549500691704452,181983.39239540906,0.4149732519744009,0.410840907543573,-0.004132344430827883,3,0.5535506010055542,0
1779941196.711696,0.010830000974237919,92336.09511012695,0.4149304108796297,0.41037860838779955,-0.004551802491830126,5,0.4757554233074188,0
1779941196.7422569,0.005712994607165456,175039.5490914278,0.415517680249183,0.41381074686819175,-0.0017069333809912601,8,0.38369220495224,0
1779941196.7758467,0.007124006515368819,140370.44994872925,0.4161687729779412,0.4099707244008715,-0.006198048577069681,6,0.39377936720848083,0
1779941196.8086495,0.00565200753044337,176928.2851471281,0.41620657594635074,0.4111107366557734,-0.005095839290577331,6,0.4279295802116394,0
1779941196.8422382,0.007522001396864653,132943.3414379348,0.4158150871459695,0.41944914215686274,0.0036340550108932557,6,0.4137115478515625,0
1779941196.8756971,0.005616006092168391,178062.48490266345,0.4157631527437364,0.4089954554738562,-0.006767697269880191,4,0.4415387511253357,0
1779941196.91102,0.010675998055376112,93668.0575261467,0.4162040909245643,0.4118456563180828,-0.004358434606481498,3,0.49624356627464294,0
1779941196.950211,0.007494003511965275,133440.02286672985,0.4162317282815904,0.4110395901416122,-0.0051921381399782085,3,0.5568195581436157,0
1779941196.9882972,0.01243999577127397,80385.87941558365,0.4157435789419935,0.4150013786764706,-0.0007422002655229076,5,0.4440458416938782,0
1779941197.0192726,0.006486006896011531,154178.06610950944,0.4154710180078976,0.4155606958061002,8.967779820262534e-05,6,0.43986114859580994,0
1779941197.0575573,0.00756800000090152,132135.3065381709,0.4158052959899238,0.41078390522875813,-0.005021390761165645,3,0.30315476655960083,0
1779941197.1033683,0.0069759989855811,143348.6446983335,0.4160886693218954,0.4035326627178649,-0.0125560066040305,7,0.41363438963890076,0
1779941197.1449032,0.012386997696012259,80729.81238399113,0.41586140046296294,0.4139376361655773,-0.0019237642973856106,5,0.4020802080631256,0
1779941197.179557,0.006008005584590137,166444.58563169252,0.4156070303989651,0.4115667721949891,-0.0040402582039760215,8,0.4033970236778259,0
1779941197.2119265,0.006570990080945194,152184.06780126452,0.41614770135484747,0.4149614140795207,-0.0011862872753267695,8,0.37461838126182556,0
1779941197.2519922,0.007113005267456174,140587.55229315755,0.4162098694512527,0.4201314848856209,0.0039216154343681975,6,0.41919058561325073,0
1779941197.2836885,0.006140995537862182,162840.0466723222,0.41609299683415035,0.42097286900871456,0.004879872174564204,6,0.44407007098197937,0
1779941197.324688,0.006884991307742894,145243.46586689155,0.41596438419117643,0.41312513616557733,-0.002839248025599095,5,0.3867470920085907,0
1779941197.3612666,0.007991009624674916,125140.6326570006,0.41611753642429194,0.4087936410675381,-0.007323895356753818,5,0.47696810960769653,0
1779941197.3928263,0.006803995347581804,146972.46969097477,0.41633619281045753,0.4173622685185185,0.0010260757080609584,6,0.33696532249450684,0
1779941197.424129,0.006810994818806648,146821.43014391686,0.41556602328431375,0.40408558006535944,-0.011480443218954306,5,0.3996231257915497,0
1779941197.4553893,0.005741996574215591,174155.4504735331,0.4153578218613834,0.4041778662854031,-0.011179955575980338,5,0.37186935544013977,0
1779941197.486199,0.005920999683439732,168890.39916635538,0.41521033326525053,0.4089263174019608,-0.006284015863289749,5,0.5061745643615723,0
1779941197.5167472,0.0054109987104311585,184808.76701600954,0.41591647092864925,0.4109079861111111,-0.005008484817538128,5,0.3664119839668274,0
1779941197.5511224,0.006914997356943786,144613.2150717074,0.4162432768246187,0.41028606685729846,-0.005957209967320243,7,0.38232389092445374,0
1779941197.590114,0.0056240096455439925,177809.08338098577,0.4160206205746187,0.41155725762527234,-0.00446336294934635,3,0.44528767466545105,0
1779941197.6260147,0.006718997610732913,148831.72430402445,0.41527606719771243,0.41238960375816996,-0.0028864634395424638,6,0.4062670171260834,0
1779941197.663796,0.006585003575310111,151860.20608240998,0.41497273284313724,0.4063979098583878,-0.00857482298474943,4,0.3907783031463623,0
1779941197.695767,0.011252006515860558,88873.03776356902,0.4150622872412854,0.4106146684368192,-0.004447618804466202,3,0.6005763411521912,0
1779941197.7353346,0.007741997251287103,129165.63614560191,0.41512127672249455,0.4103219635076253,-0.004799313214869261,3,0.5710299015045166,0
1779941197.7725058,0.009273993782699108,107828.4095753361,0.41482718886165576,0.4068820976307189,-0.00794509123093684,4,0.5376042127609253,0
1779941197.8042762,0.005520007107406855,181159.18703404933,0.41501576967592596,0.4111897807734205,-0.0038259889025054616,3,0.6419187784194946,0
1779941197.836473,0.005959998816251755,167785.26822408,0.41509666479439,0.403409603077342,-0.011687061717047975,5,0.46915626525878906,0
1779941197.8680468,0.007658003596588969,130582.33616466573,0.41479346235021786,0.40365660743464055,-0.01113685491557731,5,0.46636390686035156,0
1779941197.907767,0.007694994565099478,129954.60770505072,0.41449633203976033,0.41672269880174295,0.0022263667619826233,4,0.5453125238418579,0
1779941197.9409785,0.005954003427177668,167954.21974992423,0.41401001242510893,0.40999760008169933,-0.004012412343409599,3,0.6843762397766113,0
1779941197.9823575,0.0066929933382198215,149409.9798799406,0.41387585954520695,0.42075975285947714,0.006883893314270195,7,0.4561220109462738,0
1779941198.024427,0.008032002369873226,124501.95529708038,0.4136369698052832,0.4098027301198257,-0.0038342396854574856,6,0.432864785194397,0
1779941198.061787,0.0065889908000826836,151768.31025283132,0.4138511369825708,0.4093833571623094,-0.004467779820261419,6,0.49467572569847107,0
1779941198.0957077,0.007739989086985588,129199.14857263184,0.4139537888071895,0.41193494689542487,-0.002018841911764657,6,0.47824761271476746,0
1779941198.1270857,0.006408008630387485,156054.72115906485,0.41435355392156864,0.4081135791122004,-0.006239974809368221,4,0.543405294418335,0
1779941198.1746764,0.013169003068469465,75935.89239828635,0.41436859170751633,0.41423631535947714,-0.0001322763480391953,6,0.47362980246543884,0
1779941198.2120538,0.008139992132782936,122850.24158347874,0.4139290151824619,0.41849565972222225,0.004566644539760356,5,0.4553169310092926,0
1779941198.2518437,0.01074399915523827,93075.21208361663,0.41512165117783223,0.4054375340413943,-0.009684117136437909,4,0.49023863673210144,0
1779941198.2935865,0.009023991879075766,110815.70256271327,0.4154405807461874,0.4146695772058824,-0.0007710035403050153,7,0.4317404329776764,0
1779941198.3425934,0.0109329994302243,91466.20800468515,0.4149532696759259,0.41900646786492374,0.004053198188997853,5,0.3942825496196747,0
1779941198.3848698,0.01107199932448566,90317.92458553587,0.41416920275054464,0.41108248229847494,-0.0030867204520697022,6,0.40500497817993164,0
1779941198.4270136,0.008953997166827321,111681.96520150687,0.414793653833061,0.41640558619281043,0.001611932359749435,5,0.4220770001411438,0
1779941198.4640663,0.008422997780144215,118722.57670034414,0.41493392565359477,0.40913071895424835,-0.005803206699346419,6,0.49201035499572754,0
1779941198.4990413,0.007681999704800546,130174.43874348128,0.4148432351239107,0.4125551640795207,-0.0022880710443899943,5,0.49718400835990906,0
1779941198.5384681,0.014614997780881822,68422.86362219778,0.414580252587146,0.40268909994553376,-0.011891152641612224,5,0.4069089889526367,0
1779941198.5701637,0.0074830022640526295,133636.20171597035,0.414675270629085,0.418627536083878,0.003952265454792991,5,0.4505082666873932,0
1779941198.605184,0.007188995368778706,139101.49453467847,0.4149564950980392,0.4053206358932462,-0.00963585920479304,6,0.42927002906799316,0
1779941198.6439059,0.00673301110509783,148521.95910427955,0.41470335052423746,0.40795875885076255,-0.006744591673474909,5,0.50089031457901,0
1779941198.6740923,0.005856010830029845,170764.71151179608,0.4146913083809913,0.41729119008714594,0.002599881706154661,4,0.529873788356781,0
1779941198.713967,0.00702901161275804,142267.5128584146,0.4144998851102941,0.40578169253812635,-0.008718192572167771,6,0.3929833769798279,0
1779941198.7451627,0.006296992069110274,158805.98054195958,0.41420452495234206,0.4089422998366013,-0.00526222511574076,7,0.3836206793785095,0
1779941198.7861128,0.007854003342799842,127323.60254426808,0.4142354473039216,0.4140578022875817,-0.00017764501633987795,5,0.4919089376926422,0
1779941198.817401,0.00732101034373045,136593.16857220093,0.4137389025054466,0.41866671772875813,0.004927815223311538,5,0.47791463136672974,0
1779941198.847782,0.005490001058205962,182149.32736766772,0.41385528152233114,0.4170932223583878,0.003237940836056663,4,0.4466189742088318,0
1779941198.8784304,0.006352012860588729,157430.41173681064,0.4140253395629085,0.41238168913398693,-0.0016436504289215614,5,0.49906882643699646,0
1779941198.91941,0.005904003046452999,169376.60636892437,0.41385753250953156,0.41864498229847497,0.00478744978894341,5,0.4416455328464508,0
1779941198.959364,0.006766000296920538,147797.80610638426,0.4134368106617647,0.4142655739379085,0.0008287632761438402,6,0.41738462448120117,0
1779941198.9960368,0.006290996680036187,158957.3243892171,0.41334637969771243,0.4150737847222222,0.0017274050245097983,7,0.4287750720977783,0
1779941199.03482,0.007144000846892595,139977.5869896442,0.4134611502587146,0.4163632216775599,0.002902071418845298,4,0.5085694789886475,0
1779941199.0939622,0.021871004719287157,45722.63656082248,0.4139845452069717,0.4167350047657952,0.002750459558823526,4,0.5350160598754883,0
1779941199.134942,0.00933500996325165,107123.61357262777,0.41380513003812636,0.41074911492374727,-0.003056015114379085,5,0.46549519896507263,0
1779941199.1668425,0.005502995918504894,181719.19710812534,0.4138279803240741,0.4175015318627451,0.003673551538670994,6,0.4759465157985687,0
1779941199.198132,0.006119997124187648,163398.76959218952,0.41390020339733113,0.412472903050109,-0.0014273003472221601,6,0.4305678606033325,0
1779941199.2301934,0.005006004357710481,199760.11376413476,0.4138862549360022,0.41661922998366013,0.0027329750476579595,6,0.4286770224571228,0
1779941199.261969,0.0072359980549663305,138197.9365394748,0.414173011131536,0.4088410777505447,-0.005331933380991305,7,0.4176194369792938,0
1779941199.294505,0.005948997568339109,168095.54694089215,0.41437022994961875,0.41405145356753814,-0.00031877638208061,7,0.3500332236289978,0
1779941199.335627,0.008834991604089737,113186.29884572815,0.41443912122140525,0.41194298066448803,-0.0024961405569172146,6,0.4753131866455078,0
1779941199.3726716,0.0063720071921125054,156936.42047953667,0.4145529896854575,0.4119925108932462,-0.0025604787922113292,4,0.5058778524398804,0
1779941199.404685,0.007927999831736088,126135.2196296677,0.4143852379493464,0.41026148897058823,-0.004123748978758168,7,0.42527124285697937,0
1779941199.4424233,0.006214992026798427,160901.25227644693,0.414383016748366,0.41602350558278867,0.0016404888344226931,7,0.400704950094223,0
1779941199.474695,0.0063920015236362815,156445.51965487018,0.414340630957244,0.4116885382625272,-0.002652092694716779,6,0.4235842227935791,0
1779941199.5064535,0.004992994945496321,200280.59529721728,0.41443418521922654,0.4188838167211329,0.004449631501906359,9,0.35235825181007385,0
1779941199.5371053,0.006400994607247412,156225.72136957714,0.41430957244008715,0.41662814882897603,0.002318576388888882,4,0.4671112895011902,0
1779941199.5760145,0.005950001650489867,168067.18027005412,0.41411568967864926,0.4118034620098039,-0.002312227668845368,9,0.3875698447227478,0
1779941199.6244702,0.014493998605757952,68994.07314712556,0.41437084694989107,0.4183721915849673,0.004001344635076232,5,0.4893229901790619,0
1779941199.6625462,0.006704009138047695,149164.47448208797,0.4146551308891612,0.4136583605664488,-0.000996770322712448,7,0.4505084753036499,0
1779941199.7036772,0.00985599763225764,101461.06333539545,0.41465842864923746,0.4212329112200436,0.006574482570806117,6,0.4498085379600525,0
1779941199.7394753,0.005804002285003662,172294.90115532733,0.41455813844635075,0.41066249659586057,-0.0038956418504901835,7,0.48190534114837646,0
1779941199.771776,0.007251001079566777,137911.99160319899,0.414818869995915,0.42002498638344227,0.005206116387527271,5,0.44911691546440125,0
1779941199.8034747,0.005050009349361062,198019.43537520818,0.4151085367306645,0.41371682666122,-0.0013917100694444962,7,0.42546647787094116,0
1779941199.8435717,0.008472008630633354,118035.76266248935,0.4151378208401416,0.41525994008714595,0.00012211924700433752,6,0.388007253408432,0
1779941199.8786163,0.005576992407441139,179308.1157266313,0.4150746357570806,0.41147651143790853,-0.003598124319172058,7,0.43737760186195374,0
1779941199.9110641,0.0056919961934909225,175685.28966051474,0.41487844669117646,0.42216128812636167,0.0072828414351852055,8,0.3571110963821411,0
1779941199.9424198,0.0046869972720742226,213356.2154939023,0.4153985013276144,0.41623330269607844,0.0008348013684640332,6,0.4001455307006836,0
1779941199.9749398,0.006233996828086674,160410.7328856178,0.4150959031181917,0.4167463405501089,0.0016504374319171733,7,0.40773117542266846,0
1779941200.0067165,0.004809990059584379,207900.63755067464,0.4151111196214597,0.4140935968137255,-0.0010175228077342058,6,0.4570147395133972,0
1779941200.0385752,0.005880996468476951,170039.21110311057,0.4149544313385076,0.413776177832244,-0.0011782535062636046,5,0.41572895646095276,0
1779941200.070211,0.005130990757606924,194894.1339481961,0.4149796900531046,0.41724807666122005,0.002268386608115458,7,0.3980167508125305,0
1779941200.101733,0.005595007678493857,178730.7645427922,0.4149585971541394,0.41757022739651417,0.002611630242374763,5,0.4034775197505951,0
1779941200.1420686,0.0071060057962313294,140726.03213050432,0.41483857996323525,0.4201055283224401,0.005266948359204826,6,0.41991743445396423,0
1779941200.174461,0.006632995791733265,150761.44044087964,0.4147862242987473,0.41903989651416124,0.004253672215413951,5,0.36437663435935974,0
1779941200.210888,0.006797999958507717,147102.0897475142,0.4148998161764706,0.4124921364379085,-0.0024076797385620963,8,0.391177237033844,0
1779941200.2480042,0.0068359950091689825,146284.48362801905,0.415052355664488,0.41613575708061,0.0010834014161220096,6,0.4306609630584717,0
1779941200.2802093,0.005316993338055909,188076.21834742365,0.4148991396037582,0.41846686070261435,0.003567721098856169,6,0.3510743975639343,0
1779941200.3119986,0.0065789936343207955,151998.93108016942,0.4147650462962963,0.4170275565087146,0.0022625102124183005,6,0.39078474044799805,0
1779941200.3481855,0.0057779980124905705,173070.32606073123,0.4150699295343137,0.4142276688453159,-0.0008422606889977868,6,0.3983083963394165,0
1779941200.379707,0.007095004548318684,140944.23663716632,0.41542533020152506,0.4169894301470588,0.0015640999455337479,7,0.37394607067108154,0
1779941200.4112604,0.005321999196894467,187899.31433727528,0.4158127638208061,0.4120660913671024,-0.003746672453703692,4,0.5075898170471191,0
1779941200.4453146,0.005855996278114617,170765.13585523618,0.4162195882693355,0.41950001702069717,0.0032804287513616415,6,0.3838748633861542,0
1779941200.4825075,0.00587200338486582,170299.62935262354,0.4168131425313181,0.4189885450708061,0.0021754025394879473,4,0.45382654666900635,0
1779941200.5143344,0.010189003660343587,98145.02313823672,0.41732782288262527,0.4145020595043573,-0.0028257633782679537,4,0.40414586663246155,0
1779941200.545338,0.006283997208811343,159134.3800404323,0.4173148743872549,0.4156534245642701,-0.001661449822984773,5,0.4787401258945465,0
1779941200.5931773,0.012867007171735168,77718.15051107538,0.4171610923883442,0.4141551436546841,-0.003005948733660113,5,0.38501596450805664,0
1779941200.6257226,0.005869005690328777,170386.61278653162,0.41669713371459693,0.41372177968409585,-0.0029753540305010873,6,0.44089800119400024,0
1779941200.6566784,0.006567002856172621,152276.46795677196,0.41645278884123094,0.4064509803921568,-0.010001808449074112,6,0.41247642040252686,0
1779941200.6880643,0.005323003279045224,187863.87074692314,0.41622448597494555,0.4159245302287582,-0.00029995574618735255,5,0.4577355980873108,0
1779941200.719933,0.006881004082970321,145327.62776218704,0.41569326576116555,0.41779828771786487,0.0021050219566993156,6,0.44932231307029724,0
1779941200.750373,0.005387002602219582,185631.98755240525,0.41513222954112206,0.41428618600217865,-0.0008460435389434084,8,0.37437331676483154,0
1779941200.790312,0.007809998351149261,128041.00014346962,0.41522213711873635,0.4146789556100218,-0.0005431815087145186,6,0.3606138825416565,0
1779941200.8214712,0.005163004971109331,193685.65507794553,0.4154741796023965,0.4177081461056645,0.002233966503267959,5,0.432680606842041,0
1779941200.8535922,0.006542992196045816,152835.27322626777,0.4154629842388344,0.4228632386982571,0.007400254459422717,7,0.3978677988052368,0
1779941200.8853827,0.005809997674077749,172117.10849070782,0.4156374889365469,0.41709220111655776,0.0014547121800108642,6,0.4274227023124695,0
1779941200.9172223,0.006608010153286159,151331.48660534376,0.4158105255991285,0.4147282815904139,-0.0010822440087145946,6,0.4665597379207611,0
1779941200.9485815,0.005245005013421178,190657.58706448338,0.41616920700571897,0.41198636642156866,-0.004182840584150305,3,0.5315484404563904,0
1779941200.9800837,0.0058910081861540675,169750.23092827306,0.41653397331154685,0.41519796772875817,-0.0013360055827886796,5,0.4523332118988037,0
1779941201.020252,0.020571009372361004,48612.10171551376,0.41658907356345315,0.41024991489651413,-0.006339158666939015,6,0.39428603649139404,0
1779941201.079374,0.020252002286724746,49377.83365033013,0.4162966324550654,0.4147649101307189,-0.0015317223243464517,6,0.40489572286605835,0
1779941201.1172848,0.007570997695438564,132082.98829657392,0.41605153016067536,0.4187397194989107,0.002688189338235336,6,0.43153655529022217,0
1779941201.159748,0.007187001756392419,139140.08009119495,0.4164851579520697,0.41865556917211333,0.002170411220043633,5,0.5762731432914734,0
1779941201.2258549,0.02777299960143864,36006.19358192048,0.4163917951729303,0.41050434027777777,-0.005887454895152522,3,0.5184463262557983,0
1779941201.270706,0.025060988264158368,39902.6562503992,0.41499568099809364,0.4112047589869281,-0.003790922011165543,5,0.40388423204421997,0
1779941201.3050478,0.007016991730779409,142511.21254904562,0.41497474128540307,0.41179491761982573,-0.0031798236655773415,5,0.37854355573654175,0
1779941201.3368812,0.007060007192194462,141642.91519498723,0.41496289913534856,0.41526950571895427,0.00030660658360570636,9,0.35168904066085815,0
1779941201.3675125,0.004850997356697917,206143.17561300463,0.41468052576933556,0.4153936376633987,0.0007131118940631453,4,0.4143328070640564,0
1779941201.3988845,0.006438000127673149,155327.73845430545,0.41429400275735295,0.40356159790305013,-0.010732404854302824,4,0.45657646656036377,0
1779941201.430687,0.005335008609108627,187441.1220804159,0.41423681747004354,0.4105895799291939,-0.0036472375408496127,7,0.3711186945438385,0
1779941201.4623702,0.0062150065787136555,160900.87553969637,0.41445441857298476,0.40836475354030505,-0.006089665032679714,7,0.38650789856910706,0
1779941201.4933906,0.0048670044634491205,205465.19065473095,0.4145377050994009,0.4145342456427015,-3.459456699383967e-06,6,0.4364827573299408,0
1779941201.5236742,0.014577002730220556,68601.20825297188,0.41506341911764705,0.4136400973583878,-0.001423321759259244,5,0.4594099521636963,0
1779941201.554378,0.0054109987104311585,184808.76701600954,0.4157091418164488,0.4181303444989107,0.002421202682461876,5,0.4491898715496063,0
1779941201.5861428,0.006665999535471201,150015.01195413942,0.4157770756740196,0.41815837758714597,0.0023813019131263546,5,0.47774258255958557,0
1779941201.6173122,0.006261994712986052,159693.52352313738,0.4154448146446078,0.4193547964324619,0.003909981787854067,5,0.39599597454071045,0
1779941201.6483047,0.006853995728306472,145900.29519132574,0.4151953550517429,0.41002090141612196,-0.0051744536356209125,5,0.4563862383365631,0
1779941201.679249,0.005861002136953175,170619.28602534978,0.4152952963303377,0.4191067878540305,0.0038114915236928115,6,0.44025635719299316,0
1779941201.7158706,0.008639006409794092,115754.05232554222,0.41550491047113286,0.4164983660130719,0.0009934555419390256,6,0.39575326442718506,0
1779941201.7465744,0.005843001417815685,171144.91825227631,0.41560612830201527,0.4196737642973856,0.004067635995370356,6,0.47051167488098145,0
1779941201.7795897,0.006454996764659882,154918.74534699178,0.4157307240604575,0.4165096337145969,0.0007789096541394036,4,0.4704138934612274,0
1779941201.8135395,0.005476002115756273,182614.97692315868,0.41571155875544663,0.4130772739651416,-0.0026342847903050304,5,0.4168282449245453,0
1779941201.8543143,0.011109994375146925,90009.04647053662,0.41577256093409587,0.41565955201525057,-0.00011300891884530317,7,0.40502944588661194,0
1779941201.8862476,0.005042995326220989,198294.84965026894,0.41574458741830067,0.4182515999455338,0.002507012527233121,5,0.5175032615661621,0
1779941201.9176898,0.006429996574297547,155521.07819112582,0.4150644871663943,0.4182742885348584,0.003209801368464049,7,0.4225817322731018,0
1779941201.9495964,0.006090005626901984,164203.46076243362,0.4145208801402505,0.4119257727396514,-0.002595107400599095,8,0.42819905281066895,0
1779941201.9807456,0.006155998562462628,162443.1828327073,0.41420125697848587,0.41426184640522873,6.058942674286305e-05,5,0.4615260660648346,0
1779941202.0128624,0.006639995262958109,150602.51707988436,0.41447733268654685,0.41953070533769066,0.005053372651143806,7,0.46088528633117676,0
1779941202.0471332,0.006987000233493745,143122.93782477305,0.41501315699891067,0.4171359443082789,0.0021227873093682126,4,0.5258355140686035,0
1779941202.0810487,0.005996000254526734,166777.8448216444,0.41491981549564266,0.405846592456427,-0.00907322303921565,5,0.4106058180332184,0
1779941202.1141484,0.00796299718786031,125580.85560101825,0.41477937346813726,0.41497237540849674,0.00019300194035948293,6,0.39994335174560547,0
1779941202.1469522,0.0068929948611184955,145074.8216338775,0.415121195874183,0.40344595928649235,-0.011675236587690652,5,0.4406336843967438,0
1779941202.1796656,0.008476999937556684,117966.26251813196,0.4155613681236383,0.41232061887254906,-0.0032407492510892477,4,0.49664393067359924,0
1779941202.2141464,0.0058779987739399076,170125.92864658247,0.4156316721132898,0.4146337656590414,-0.000997906454248354,6,0.46429020166397095,0
1779941202.2475207,0.006950998795218766,143864.21713780882,0.41556226171023963,0.4153834933278867,-0.00017876838235292292,6,0.45743244886398315,0
1779941202.280369,0.005219000740908086,191607.56045917017,0.4155826312295751,0.4040710784313725,-0.011511552798202596,5,0.43783053755760193,0
1779941202.3136678,0.006232992745935917,160436.57369118993,0.41617769182325703,0.40295617170479303,-0.013221520118464003,5,0.42022696137428284,0
1779941202.3470309,0.005135996616445482,194704.1781137464,0.41634008203976036,0.41959378404139436,0.0032537020016339957,5,0.5380553603172302,0
1779941202.3816054,0.010135991033166647,98658.33510781865,0.4162344260620915,0.41486974060457515,-0.0013646854575163347,5,0.4500868022441864,0
1779941202.4152818,0.008467002771794796,118105.54773067881,0.41569563589324615,0.40538407203159044,-0.010311563861655715,7,0.4163484275341034,0
1779941202.462043,0.008278992027044296,120787.65104899039,0.4156529947916667,0.4153369587418301,-0.00031603604983659883,5,0.46016499400138855,0
1779941202.509898,0.010805000783875585,92549.73877394904,0.4162224434912854,0.4053205848311547,-0.010901858660130714,6,0.41824668645858765,0
1779941202.5473537,0.007415001164190471,134861.74551520444,0.4163686087282135,0.41552149714052283,-0.0008471115876906854,6,0.42257291078567505,0
1779941202.580016,0.006274000043049455,159387.94917730885,0.4161786747685185,0.4228067470043573,0.006628072235838778,4,0.45488473773002625,0
1779941202.611363,0.0057019933592528105,175377.26493091532,0.41593787871051197,0.41103555623638344,-0.004902322474128529,7,0.41410520672798157,0
1779941202.643057,0.005024994607083499,199005.1887001723,0.4164236408973312,0.4195172079248366,0.003093567027505406,8,0.3925330638885498,0
1779941202.6745675,0.006234011380001903,160410.358442383,0.41684683074618734,0.411254561546841,-0.005592269199346356,7,0.4170232117176056,0
1779941202.709877,0.007230002665892243,138312.53544587616,0.41745525684232027,0.4106520629084967,-0.006803193933823559,5,0.45619890093803406,0
1779941202.7759566,0.023123997380025685,43245.11820191571,0.4181428930078976,0.4098997651143791,-0.008243127893518498,5,0.5232973694801331,0
1779941202.8332155,0.016494988813064992,60624.472761566336,0.418626472290305,0.4111513991013072,-0.007475073188997761,5,0.46651458740234375,0
1779941202.8696358,0.009839000995270908,101636.33487593381,0.4184261259191176,0.41921413739106755,0.0007880114719499565,6,0.47405850887298584,0
1779941202.933458,0.0135790032800287,73643.10762563469,0.4178312823393246,0.41631854234749455,-0.0015127399918300477,6,0.41711732745170593,0
1779941202.9861372,0.015926998457871377,62786.46931781324,0.4170643382352941,0.41910311138344225,0.002038773148148154,4,0.5726526379585266,0
1779941203.0444643,0.011485986760817468,87062.61123435502,0.4147484170751634,0.4157511744281046,0.001002757352941197,6,0.409792959690094,0
1779941203.107122,0.02830701123457402,35326.93691019579,0.4142728290100762,0.41520407815904137,0.0009312491489651409,7,0.4137556254863739,0
1779941203.1523147,0.012643999070860445,79088.90173083098,0.4130397305623638,0.40999708946078434,-0.0030426411015794796,4,0.41835498809814453,0
1779941203.2060404,0.014347999240271747,69696.12858587386,0.4141687985089869,0.4048689065904139,-0.009299891918573,4,0.49554935097694397,0
1779941203.2562444,0.013801996828988194,72453.28428852484,0.4145910224332789,0.404062397875817,-0.010528624557461896,5,0.4455738961696625,0
1779941203.3172178,0.027914997190237045,35823.03781673812,0.41462185117102396,0.4131445567810458,-0.0014772943899781787,2,0.6185550093650818,0
1779941203.3770876,0.01463800435885787,68315.32328345507,0.4154642820669935,0.4222857945261438,0.006821512459150303,3,0.5661338567733765,0
1779941203.421886,0.023358006728813052,42811.87224620752,0.4150898948120915,0.4184102668845316,0.00332037207244007,5,0.4858890473842621,0
1779941203.4552689,0.005613997927866876,178126.17903476235,0.41449281726579523,0.42657792075163403,0.0120851034858388,8,0.49184441566467285,0
1779941203.4869878,0.006788002792745829,147318.7372681513,0.416088984204793,0.4183087384259259,0.002219754221132908,4,0.5115652084350586,0
1779941203.5180373,0.005586000042967498,179018.9746344437,0.4190309478826253,0.4136346507352941,-0.005396297147331197,4,0.40404313802719116,0
1779941203.56144,0.011830998118966818,84523.72233893385,0.41983428649237475,0.4085649169389978,-0.011269369553376929,2,0.577097475528717,0
1779941203.6103303,0.00808399636298418,123701.19370400772,0.4197752757352941,0.4089317299836601,-0.010843545751633987,2,0.477762371301651,0
1779941203.6679509,0.025403001927770674,39365.426292661716,0.41309536696623095,0.41643028322440084,0.0033349162581698955,2,0.35729163885116577,0
1779941203.711228,0.011652009561657906,85822.10602457788,0.4070347222222222,0.3959854473039216,-0.0110492749183006,2,0.3153364658355713,0
1779941203.7692173,0.024634005967527628,40594.290726331434,0.40481429142837694,0.4012455916394336,-0.0035686997889433636,3,0.49476438760757446,0
1779941203.81685,0.012007003533653915,83284.72605152009,0.4034385084763072,0.39585617510893245,-0.007582333367374738,4,0.3067285120487213,0
1779941203.8556578,0.006433998350985348,155424.34819661602,0.4048979609204793,0.39391600285947714,-0.010981958061002162,2,0.436651349067688,0
1779941203.91939,0.02687299274839461,37212.08163760398,0.4027106396377996,0.3989634225217865,-0.0037472171160130574,3,0.6297035217285156,0
1779941203.9610121,0.012087999493815005,82726.67454293526,0.39962932751225494,0.39605524918300655,-0.003574078329248387,3,0.4816662669181824,0
1779941203.9984548,0.005754001904278994,173792.08707879376,0.3988302015250545,0.3971983421840959,-0.001631859340958608,4,0.5302534699440002,0
1779941204.0510457,0.01247199543286115,80179.63167026226,0.3980320116761982,0.39411563861655774,-0.003916373059640488,3,0.5351876616477966,0
1779941204.092961,0.011634998372755945,85947.58400152085,0.3983283249931917,0.39434694989106756,-0.003981375102124152,3,0.526739239692688,0
1779941204.1309445,0.009656010661274195,103562.43743708142,0.3979514271854575,0.3902608932461874,-0.0076905339392701055,4,0.40337663888931274,0
1779941204.168229,0.00656799238640815,152253.52606519568,0.40000160845588234,0.3964785028594771,-0.0035231055964052294,3,0.47246453166007996,0
1779941204.2000916,0.006251008016988635,159974.19892635822,0.40124591077750543,0.3976712962962963,-0.0035746144812091596,3,0.3942967653274536,0
1779941204.2311525,0.005213994882069528,191791.51928953986,0.4010469132965686,0.3972554296023965,-0.003791483694172093,3,0.5237876772880554,0
1779941204.263382,0.005973008228465915,167419.82628355364,0.40191339018246186,0.4033861996187364,0.0014728094362745359,5,0.41870662569999695,0
1779941204.2976313,0.0056249991757795215,177777.80382721894,0.40520198035811544,0.401812806372549,-0.0033891739855664293,3,0.4259992241859436,0
1779941204.329168,0.006999005563557148,142877.44036193675,0.4056448929398148,0.41084024373638345,0.005195350796568632,3,0.4535132348537445,0
1779941204.3611994,0.006528993253596127,153162.9703322494,0.40582710375816994,0.40874036628540306,0.002913262527233118,4,0.45794135332107544,0
1779941204.3976183,0.00777900277171284,128551.18186052689,0.4053473541326253,0.4089736689814815,0.003626314848856227,4,0.46624892950057983,0
1779941204.4306254,0.0065580097725614905,152485.28664656295,0.40792942793436815,0.41072695397603487,0.0027975260416667203,4,0.5175558924674988,0
1779941204.4626317,0.006333997589536011,157878.17817487576,0.4087416258169934,0.41415837758714596,0.00541675177015255,3,0.4737062156200409,0
1779941204.4935358,0.005800000508315861,172413.77799298998,0.40852737779139436,0.41103965822440086,0.0025122804330064974,4,0.516514241695404,0
1779941204.524542,0.005956986569799483,167870.11155434934,0.40733154616013073,0.3955896820533769,-0.011741864106753819,2,0.5470595955848694,0
1779941204.5576048,0.006412010407075286,155957.32640991308,0.4059326916530501,0.4123353928376906,0.00640270118464048,4,0.353821337223053,0
1779941204.588988,0.006977003067731857,143328.014950277,0.4050473345588236,0.4040432836328976,-0.001004050925925981,2,0.37428534030914307,0
1779941204.6200686,0.005585010512731969,179050.6925135292,0.40303519880174293,0.4083104915577342,0.005275292755991257,5,0.325113981962204,0
1779941204.6505086,0.006234011380001903,160410.358442383,0.40051163364651415,0.38937472766884534,-0.01113690597766881,2,0.4564800262451172,0
1779941204.6817138,0.005823996616527438,171703.3964549675,0.40242357706971676,0.39718013003812636,-0.005243447031590409,4,0.3587062358856201,0
1779941204.7150815,0.007041002390906215,142025.23227254502,0.40712328090958605,0.3948392565359477,-0.012284024373638347,3,0.40961953997612,0
1779941204.7485538,0.00605199602432549,165234.74172497535,0.41021946912445534,0.4068532135076253,-0.003366255616830016,3,0.5164310336112976,0
1779941204.7819335,0.006569011020474136,152229.9166317767,0.4140040679466231,0.40504633033769066,-0.008957737608932426,1,0.5812963247299194,0
1779941204.8147268,0.0057110009947791696,175100.6523924914,0.41752897348175383,0.4062163841230937,-0.011312589358660141,2,0.34783220291137695,0
1779941204.8481038,0.006346002919599414,157579.5051892482,0.4226055666190087,0.41356752110566447,-0.00903804551334425,1,0.4851507544517517,0
1779941204.8807194,0.006409987690858543,156006.53982941763,0.431749242578976,0.4270625510620915,-0.0046866915168845,0,0.0,0
1779941204.9150987,0.007131995516829193,140213.21208634033,0.43544740179057734,0.42973643450435733,-0.005710967286220003,3,0.46445971727371216,0
1779941204.948139,0.00547300442121923,182714.99948418248,0.44242452171840957,0.4294421466503268,-0.012982375068082752,3,0.3475797176361084,0
1779941204.9824133,0.006849993951618671,145985.53036148264,0.44946603945397606,0.4441897467320261,-0.00527629272194996,3,0.39603573083877563,0
1779941205.0160053,0.0061580067267641425,162390.20910025403,0.4572993770424837,0.44506067878540306,-0.012238698257080627,2,0.4327503442764282,0
1779941205.0494738,0.0070829992182552814,141183.1300817685,0.4667239030160676,0.45845964392701527,-0.008264259089052317,1,0.5515481233596802,0
1779941205.0821471,0.005879992386326194,170068.2474224763,0.472860643041939,0.4660968818082789,-0.0067637612336600705,5,0.41395804286003113,0
1779941205.11572,0.007499998901039362,133333.3528704142,0.4746815810525599,0.46771350762527236,-0.006968073427287558,3,0.4673478603363037,0
1779941205.1503541,0.008315997547470033,120250.15571393823,0.47437935304330064,0.4714087520424836,-0.0029706010008170303,4,0.4027603268623352,0
1779941205.1824603,0.006654008757323027,150285.34474041028,0.4729422530296841,0.4678214358660131,-0.005120817163671021,4,0.37563076615333557,0
1779941205.2155154,0.006222995580174029,160694.3130710105,0.4736443014705882,0.46787270220588234,-0.0057715992647058845,3,0.4136384427547455,0
1779941205.2500691,0.010528005077503622,94984.75662182317,0.47441592201116556,0.4682943048747277,-0.006121617136437885,3,0.37540239095687866,0
1779941205.281592,0.010579999070614576,94517.96671489796,0.4747998706427015,0.46905254289215687,-0.005747327750544651,3,0.4307408034801483,0
1779941205.3374062,0.0165940000442788,60262.74540988538,0.47494832941857296,0.4693861315359477,-0.005562197882625242,5,0.3860546052455902,0
1779941205.3743906,0.017318001482635736,57743.38343847997,0.47643835529003264,0.46150097017973857,-0.014937385110294077,3,0.32119545340538025,0
1779941205.4058406,0.006472997483797371,154487.93275497336,0.47532918879357294,0.4690708741830065,-0.006258314610566418,3,0.491197407245636,0
1779941205.4497821,0.009141993359662592,109385.33432022833,0.4730907245710784,0.4640186887254902,-0.009072035845588244,4,0.34645965695381165,0
1779941205.4841018,0.007338996510952711,136258.4106025396,0.4726201703771787,0.4635242885348584,-0.009095881842320297,4,0.33581000566482544,0
1779941205.5228164,0.007957001798786223,125675.47743328926,0.4857938240400327,0.4738267633442266,-0.011967060695806109,3,0.3274754583835602,0
1779941205.5547912,0.0065490021370351315,152695.01812267245,0.4941937763820806,0.4807618464052288,-0.01343192997685183,3,0.3048745095729828,0
1779941205.5938895,0.005895999493077397,169606.527472419,0.49841203278186275,0.4957332175925926,-0.002678815189270156,3,0.35930198431015015,0
1779941205.6319253,0.007062000804580748,141602.92920829926,0.49856406590413943,0.4964911662581699,-0.002072899645969517,3,0.38245901465415955,0
1779941205.6632493,0.005766996764577925,173400.47876256923,0.49747609443082785,0.49012641271786495,-0.007349681712962908,1,0.6640285849571228,0
1779941205.6947255,0.0059480080381035805,168123.51187051064,0.48865402028867105,0.4838162445533769,-0.0048377757352941475,7,0.38531944155693054,0
1779941205.7292695,0.0057359866332262754,174337.92369867113,0.48218809572440086,0.48168098107298474,-0.0005071146514161184,5,0.43088340759277344,0
1779941205.7612064,0.006426998879760504,155593.61666440248,0.4797220775462963,0.4748149169389978,-0.004907160607298511,6,0.40920647978782654,0
1779941205.7930431,0.005494002834893763,182016.65162033666,0.4760854694308279,0.4796032645697168,0.0035177951388888906,3,0.4139217138290405,0
1779941205.8242197,0.006593007128685713,151675.85602161265,0.46997275411900874,0.46266110089869283,-0.007311653220315906,1,0.3821369409561157,0
1779941205.8549461,0.005270005203783512,189753.1333141885,0.46499505974264704,0.4631252382897604,-0.0018698214528866663,3,0.4572833478450775,0
1779941205.8860607,0.006490998202934861,154059.50960637405,0.45884224792347494,0.4517817265795207,-0.00706052134395424,1,0.6009764671325684,0
1779941205.9167144,0.004909990821033716,203666.36852275557,0.45550252757352944,0.4542528084150327,-0.0012497191584967537,2,0.40709376335144043,0
1779941205.9572392,0.007310998626053333,136780.21993280362,0.45192659398828977,0.4512766373910675,-0.0006499565972222787,4,0.3079814612865448,0
1779941205.9882092,0.009138995665125549,109421.21395417713,0.4517144012118736,0.450513599537037,-0.0012008016748366046,2,0.45908409357070923,0
1779941206.0195637,0.007615002687089145,131319.71728591112,0.4517667313453159,0.4489537717864924,-0.0028129595588235468,5,0.3895643353462219,0
1779941206.050568,0.005669004167430103,176397.8241090841,0.4534725200844226,0.4485497344771242,-0.004922785607298419,3,0.4243922233581543,0
1779941206.0827825,0.0069350062403827906,144195.9769519693,0.45341317742374726,0.4461065155228758,-0.007306661900871481,4,0.46705347299575806,0
1779941206.1169512,0.0065350031945854425,153022.11341358593,0.4533336737472767,0.4465736145152505,-0.006760059232026161,4,0.38736027479171753,0
1779941206.1499655,0.008624003385193646,115955.42758214557,0.45158554176879084,0.4517733694172113,0.00018782764842045774,7,0.32576557993888855,0
1779941206.1834698,0.00839300628285855,119146.81894643034,0.450883293334695,0.44630015999455336,-0.004583133340141654,3,0.34740421175956726,0
1779941206.2180822,0.006936999852769077,144154.53671962023,0.44950034466911765,0.44936432802287585,-0.00013601664624179888,4,0.3010610342025757,0
1779941206.2493796,0.0065689964685589075,152230.25385784352,0.4487173925994009,0.44693799360021785,-0.0017793989991830572,2,0.3442842364311218,0
1779941206.283137,0.007498005288653076,133368.80430230233,0.44847004357298476,0.45142713439542487,0.0029570908224401116,4,0.46234890818595886,0
1779941206.3162642,0.0053209951147437096,187934.7713041766,0.448722554125817,0.4469308959694989,-0.0017916581563180989,5,0.3278835415840149,0
1779941206.3493822,0.006236994522623718,160333.63447292717,0.45057652930964054,0.44517653867102397,-0.00539999063861657,4,0.3612174391746521,0
1779941206.3833115,0.007137001375667751,140114.86720589825,0.45245533769063184,0.45524860430283226,0.002793266612200418,3,0.4056926667690277,0
1779941206.4163723,0.0065689964685589075,152230.25385784352,0.4527473660471133,0.45497048611111107,0.0022231200639977744,5,0.35530394315719604,0
1779941206.4501798,0.005726993549615145,174611.6861031213,0.45276134854983663,0.4544882216775599,0.001726873127723294,6,0.3832079768180847,0
1779941206.483092,0.005882990080863237,169981.58865725395,0.453503323291122,0.44731192129629627,-0.006191401994825707,5,0.327163428068161,0
1779941206.5158713,0.0049910013331100345,200360.59565162883,0.4549136710239651,0.45729990468409587,0.0023862336601307432,3,0.5040091276168823,0
1779941206.5495327,0.006357993697747588,157282.32010583222,0.4547729779411765,0.4581875680827887,0.003414590141612217,4,0.4639698266983032,0
1779941206.5831332,0.005409005098044872,184876.88250866282,0.4540197908156318,0.4563288909313726,0.0023091001157407587,5,0.4295387268066406,0
1779941206.6165066,0.00600700150243938,166472.40717251538,0.4529626608455882,0.45315701593137253,0.0001943550857843035,4,0.37343353033065796,0
1779941206.6498177,0.005649999366141856,176991.17029863625,0.45191642412173205,0.45216188385076256,0.00024545972903050606,6,0.42178139090538025,0
1779941206.6830192,0.00686800922267139,145602.60005169865,0.45121997549019605,0.44764339937363834,-0.003576576116557706,4,0.47890007495880127,0
1779941206.7167706,0.0052689865697175264,189789.81759932832,0.45157990366285405,0.4502936410675381,-0.0012862625953159457,5,0.3894711136817932,0
1779941206.749857,0.006962000043131411,143636.8850624445,0.44981283615876905,0.4468126702069717,-0.0030001659517973622,3,0.39794668555259705,0
1779941206.783272,0.00628999259788543,158982.69901560456,0.4494954682393791,0.44934460103485835,-0.00015086720452073266,5,0.37198343873023987,0
1779941206.817118,0.006281989044509828,159185.25054957782,0.4499628395629085,0.448900462962963,-0.0010623765999455137,5,0.415814071893692,0
1779941206.8497267,0.006877991836518049,145391.27462911402,0.4490771846064815,0.44680586192810456,-0.0022713226783769302,4,0.3975992798805237,0
1779941206.8831127,0.008139992132782936,122850.24158347874,0.44834952852668847,0.4455261608115469,-0.002823367715141578,3,0.36789470911026,0
1779941206.9166093,0.0052209943532943726,191534.39600428112,0.4483168785743464,0.4476523011982571,-0.0006645773760892704,5,0.39801597595214844,0
1779941206.9498994,0.006854010280221701,145899.98542687536,0.4499407126565904,0.45079001565904137,0.0008493030024509518,4,0.4005201458930969,0
1779941206.9829333,0.006130008841864765,163131.90173079708,0.45134394573801745,0.4449976341230937,-0.006346311614923772,4,0.3121545612812042,0
1779941207.016449,0.006845002644695342,146091.98153852695,0.45142961516203706,0.44944372957516343,-0.001985885586873626,3,0.347795695066452,0
1779941207.0499864,0.005916997906751931,169004.62291171213,0.4458440436070261,0.4431821725217865,-0.002661871085239631,3,0.3787647485733032,0
1779941207.0835013,0.01202299608848989,83173.94371918171,0.43418587026824623,0.42237139161220044,-0.01181447865604579,3,0.33018970489501953,0
1779941207.116876,0.006565998774021864,152299.7542973148,0.4312803564133987,0.4287090311819172,-0.0025713252314814583,3,0.4282881021499634,0
1779941207.1500258,0.007084003300406039,141163.1188741375,0.4259601460375817,0.4225436240468409,-0.003416521990740773,3,0.49209243059158325,0
1779941207.1844752,0.008803996024653316,113584.78549964794,0.4273441670070806,0.4214057053376906,-0.005938461669389994,4,0.32793301343917847,0
1779941207.2168,0.008036993676796556,124424.63441113313,0.4278201890999455,0.42188747617102396,-0.0059327129289215574,4,0.3694782555103302,0
1779941207.2498498,0.006140995537862182,162840.0466723222,0.426755961499183,0.41978010961328976,-0.006975851885893225,1,0.5709351301193237,0
1779941207.2838237,0.0070390087785199285,142065.45714953163,0.4252755523216231,0.41622770288671024,-0.00904784943491288,2,0.3050975799560547,0
1779941207.3169916,0.006251997547224164,159948.8791296778,0.42353461584286495,0.41429765795206974,-0.009236957890795205,2,0.41943225264549255,0
1779941207.3502846,0.0068599911173805594,145772.78350497968,0.42357732502723316,0.4227298304738562,-0.0008474945533769596,5,0.37192681431770325,0
1779941207.3841639,0.006190006388351321,161550.7218024609,0.424030535130719,0.4150278799019608,-0.009002655228758205,2,0.35139966011047363,0
1779941207.4170828,0.006645001121796668,150489.0641357215,0.4239112583401416,0.41698117510893246,-0.006930083231209139,1,0.6446922421455383,0
1779941207.450725,0.0066619977587834,150105.12404954905,0.42242010059232027,0.42348185593681914,0.0010617553444988714,3,0.501111626625061,0
1779941207.4845512,0.006532005500048399,153092.33894438553,0.4211579478145425,0.41855945329520694,-0.0025984945193355813,5,0.3538456857204437,0
1779941207.516781,0.005833004252053797,171438.24293423077,0.42137013208061,0.4144436104302832,-0.006926521650326811,1,0.719130277633667,0
1779941207.5494714,0.006608999683521688,151308.82854985062,0.4212011463439543,0.414210529003268,-0.006990617340686289,1,0.5283727645874023,0
1779941207.583042,0.005948997568339109,168095.54694089215,0.42307392939814814,0.42278867102396517,-0.00028525837418297284,2,0.4921988248825073,0
1779941207.6166692,0.006777001544833183,147557.88284605078,0.42370494195942265,0.42495804398148146,0.0012531020220588052,4,0.40393784642219543,0
1779941207.6505666,0.007458991603925824,134066.37962612518,0.42228118617238564,0.4170610191993464,-0.005220166973039231,4,0.3829649090766907,0
1779941207.68373,0.007548005669377744,132485.32709202904,0.42086274509803917,0.41963716979847493,-0.001225575299564241,4,0.38692885637283325,0
1779941207.7171469,0.0053010007832199335,188643.6242691102,0.4207139756944444,0.414851868872549,-0.005862106821895419,4,0.3748542070388794,0
1779941207.7506158,0.007505994290113449,133226.85327873938,0.42140647977941176,0.41673490264161217,-0.004671577137799587,4,0.31257617473602295,0
1779941207.7845182,0.006681002560071647,149678.13453274235,0.4214131263616558,0.4207607230392157,-0.0006524033224400982,5,0.38993072509765625,0
1779941207.8169503,0.006410002242773771,156006.1856651199,0.421694801879085,0.4252507659313725,0.00355596405228753,5,0.4300176799297333,0
1779941207.8502603,0.006223999662324786,160668.3891795843,0.4164497166053922,0.40846466503267975,-0.007985051572712454,2,0.32727235555648804,0
1779941207.883656,0.007223003194667399,138446.56759092677,0.39335754527505445,0.3930930861928104,-0.0002644590822440396,4,0.3367345631122589,0
1779941207.931331,0.014403995010070503,69425.18372860123,0.3826022773692811,0.38162392769607845,-0.0009783496732026498,2,0.5153969526290894,0
1779941207.9644718,0.006275993655435741,159337.3185031638,0.36673783020152506,0.36525471473311544,-0.0014831154684096237,5,0.3242909014225006,0
1779941207.995221,0.006041998858563602,165508.1411646833,0.35736668538943356,0.35037869349128536,-0.006987991898148194,1,0.5663714408874512,0
1779941208.027506,0.007087990525178611,141083.7100370984,0.35722431151279954,0.3563747787309368,-0.0008495327818627274,3,0.4550013542175293,0
1779941208.0592215,0.006510003004223108,153609.76014162964,0.3526440036083878,0.3505476749727669,-0.0020963286356209254,3,0.39881253242492676,0
1779941208.3457904,233.50189300253987,4.2826205267171975,0.3380148888548475,0.6081781896786492,0.27016330082380174,4,0.4509488046169281,0
1779941208.4633675,65.08651400508825,15.364165914951649,0.3367746076729303,0.6040967796840958,0.2673221720111655,2,0.4478253126144409,0
1779941208.5767496,59.21700899489224,16.887040007141444,0.34666053496051197,0.5720635893246188,0.2254030543641068,3,0.3246176242828369,0
1779941208.6088157,0.006118003511801362,163452.0147088905,0.3519349043436819,0.339535505174292,-0.012399399169389924,6,0.3328331410884857,0
1779941208.6440585,0.0059689918998628855,167532.47730541753,0.3560703678172658,0.35346641816448804,-0.0026039496527777706,4,0.3419964909553528,0
1779941208.6795223,0.007480004569515586,133689.75790141278,0.36008876293572983,0.3623467796840959,0.002258016748366065,4,0.36898455023765564,0
1779941208.7104514,0.005669993697665632,176367.03906949767,0.3635604830473856,0.352958095043573,-0.01060238800381258,3,0.4549257159233093,0
1779941208.741589,0.006093003321439028,164122.67436017463,0.36745409092456427,0.35497806032135076,-0.012476030603213506,5,0.36658209562301636,0
1779941208.7746937,0.01098601205740124,91024.84093181959,0.3703425457856754,0.36925924223856205,-0.0010833035471133345,5,0.35504254698753357,0
1779941208.8061945,0.007494003511965275,133440.02286672985,0.3735777250136166,0.3676605732570806,-0.005917151756535954,4,0.5094993114471436,0
1779941208.840494,0.006503003532998264,153775.09714175746,0.3764153220315904,0.378650667211329,0.0022353451797386126,4,0.4368307590484619,0
1779941208.9034986,0.02345400571357459,42636.64007812641,0.3802838499114924,0.37786395356753816,-0.002419896343954231,7,0.38808950781822205,0
1779941208.9591131,0.013181997928768396,75861.0345263065,0.39362523403458605,0.38922855392156863,-0.004396680113017415,5,0.32846885919570923,0
1779941209.0042245,0.013659009709954262,73211.74969743458,0.4097992664079521,0.3996693048747277,-0.01012996153322443,2,0.37322938442230225,0
1779941209.0495608,0.010631993063725531,94055.74232472198,0.4254832729098584,0.4167856924019608,-0.008697580507897595,1,0.7269735932350159,0
1779941209.084048,0.008956005331128836,111656.92326290271,0.4428013003812636,0.4394808857570806,-0.003320414624182977,2,0.5259313583374023,0
1779941209.1224127,0.007394002750515938,135244.74276537457,0.4531688197848584,0.4481419015522876,-0.005026918232570787,4,0.31724026799201965,0
1779941209.1529167,0.006866001058369875,145645.18582195207,0.4594729158156318,0.4538323971949891,-0.005640518620642743,3,0.36051005125045776,0
1779941209.1885245,0.007024995284155011,142348.8500064215,0.4603621408632898,0.45402456086601306,-0.006337579997276743,4,0.4579015374183655,0
1779941209.2200968,0.006563990609720349,152346.34835082493,0.4633546177151416,0.4543992374727669,-0.008955380242374689,1,0.41473469138145447,0
1779941209.250529,0.006521993782371283,153327.34641712852,0.46740355647467324,0.45784097562636167,-0.009562580848311575,4,0.4124426245689392,0
1779941209.2830799,0.00730300962459296,136929.84829603534,0.4673374565972222,0.4646650326797385,-0.0026724239174836795,2,0.42329996824264526,0
1779941209.3229687,0.006314003258012235,158378.12543587733,0.4644859919662309,0.4615737336601307,-0.0029122583061002016,2,0.34758979082107544,0
1779941209.354266,0.00646000262349844,154798.69874394045,0.46136152386301743,0.45804696010348583,-0.003314563759531597,3,0.41868922114372253,0
1779941209.387346,0.0064109917730093,155982.10626475394,0.45294425721677556,0.45026734409041397,-0.002676913126361591,3,0.3941810131072998,0
1779941209.4260328,0.008261005859822035,121050.6343862517,0.4463563623366013,0.4425923032407408,-0.003764059095860528,3,0.3448137044906616,0
1779941209.464041,0.006169997504912317,162074.61983636755,0.43955157696759256,0.43160321350762526,-0.0079483634599673,4,0.4407624900341034,0
1779941209.4989877,0.006716989446431398,148876.22021369706,0.4338583154616013,0.4268067299836601,-0.0070515854779412135,4,0.34525030851364136,0
1779941209.528546,0.005296999006532133,188786.14075004053,0.429848822167756,0.42081284041394335,-0.00903598175381265,2,0.4930059313774109,0
1779941209.562069,0.00658599310554564,151837.38943758755,0.4292388514433551,0.42234517973856206,-0.006893671704793047,4,0.35446441173553467,0
1779941209.6017134,0.006070011295378208,164744.3392340001,0.4320920479302832,0.4293585409858388,-0.0027335069444444082,3,0.4817383289337158,0
1779941209.63455,0.005840003723278642,171232.7675432695,0.4313912207244009,0.4296597392429194,-0.0017314814814815005,4,0.4025947153568268,0
1779941209.6730223,0.00721898686606437,138523.5932068093,0.42670919287854026,0.4208674768518519,-0.0058417160266883705,3,0.3768298625946045,0
1779941209.711578,0.008467002771794796,118105.54773067881,0.4254705201525054,0.4268349332788671,0.0013644131263617076,5,0.3513198792934418,0
1779941209.743798,0.006287009455263615,159058.1352097028,0.4240976051879085,0.4207692333877996,-0.00332837180010892,2,0.5167157649993896,0
1779941209.7831023,0.009801995474845171,102020.04301739341,0.42747629442401963,0.42200148080065364,-0.005474813623365993,4,0.36024385690689087,0
1779941209.8148818,0.005602007149718702,178507.44800463418,0.416615889671841,0.41404561546840957,-0.002570274203431422,2,0.49450159072875977,0
1779941209.8454247,0.005830996087752283,171497.28536097807,0.41374774901279954,0.410289368872549,-0.0034583801402505165,3,0.47082754969596863,0
1779941209.89087,0.008342001819983125,119875.30350383247,0.4113953354779412,0.4088047045206971,-0.0025906309572441,4,0.39127063751220703,0
1779941209.9332433,0.008798000635579228,113662.18774251812,0.39222765607979304,0.3897089460784314,-0.002518710001361668,2,0.3945818245410919,0
1779941209.9733038,0.007317998097278178,136649.3932776418,0.37625554449210236,0.3790000680827887,0.002744523590686332,3,0.32972317934036255,0
1779941210.0108774,0.009442010195925832,105909.65051398629,0.37238778254357296,0.3758398863017429,0.0034521037581699554,6,0.35646623373031616,0
1779941210.0438108,0.005876005161553621,170183.64901088667,0.3744306406590414,0.36380853417755993,-0.010622106481481486,3,0.3760305345058441,0
1779941210.089929,0.014933000784367323,66965.77696874258,0.3756379059436275,0.38333232911220044,0.007694423168572939,4,0.32199764251708984,0
1779941210.1518047,0.03427999035920948,29171.536792201732,0.38139987574891066,0.3777697269880174,-0.003630148760893237,4,0.3924603760242462,0
1779941210.190342,0.01029099803417921,97172.30502607496,0.38726908871187365,0.38453128404139436,-0.0027378046704792935,3,0.4578033685684204,0
1779941210.2245226,0.006671005394309759,149902.4421195913,0.3997351834831155,0.39778393927015254,-0.0019512442129629437,5,0.3986702561378479,0
1779941210.256232,0.006803995347581804,146972.46969097477,0.4061632625272331,0.4044539249727669,-0.0017093375544662281,4,0.4101833701133728,0
1779941210.2958841,0.008062008419074118,124038.57054205918,0.41234273301334423,0.4097075333605664,-0.0026351996527778088,2,0.5763342380523682,0
1779941210.3307543,0.006624002708122134,150966.12185466546,0.41792687908496734,0.4202504936002179,0.0023236145152505383,4,0.4228101968765259,0
1779941210.3701987,0.007727008778601885,129416.18531213042,0.4212393365332244,0.41749278322440087,-0.003746553308823508,2,0.5109763145446777,0
1779941210.4013233,0.006226007826626301,160616.5664815542,0.4232709780092592,0.420289164624183,-0.0029818133850762485,2,0.5747510194778442,0
1779941210.4302368,0.005173991667106748,193274.3738953858,0.4248514390999455,0.42152873093681914,-0.0033227081631263533,2,0.551954984664917,0
1779941210.4599135,0.0063580082496628165,157281.96012533215,0.4265050083401416,0.42303371800108935,-0.0034712903390522465,2,0.5838213562965393,0
1779941210.500492,0.007066002581268549,141522.7334689809,0.4292362047249455,0.4223643961056645,-0.006871808619280995,4,0.39195266366004944,0
1779941210.5396326,0.006598987965844572,151538.38818556097,0.4332669015522876,0.43331886574074074,5.196418845315742e-05,6,0.38061946630477905,0
1779941210.574229,0.005569992936216295,179533.44132592413,0.44030244076797387,0.4360482196350763,-0.004254221132897584,6,0.37022852897644043,0
1779941210.6044972,0.006947011570446193,143946.7877459965,0.44866729217728757,0.43951991421568626,-0.00914737796160131,5,0.3690885901451111,0
1779941210.6517556,0.007372000254690647,135648.3946624556,0.4561322593273421,0.4512215073529412,-0.004910751974400884,5,0.3162829577922821,0
1779941210.687715,0.0069689995143562555,143492.6201300464,0.46248796636710243,0.45743829997276686,-0.005049666394335572,3,0.5002826452255249,0
1779941210.7174513,0.005686000804416835,175870.5343874044,0.467562091503268,0.4645908905228758,-0.002971200980392219,2,0.5049698948860168,0
1779941210.747333,0.007094000466167927,140964.18583126835,0.47345994604438996,0.4720983455882353,-0.0013616004561546324,3,0.5309195518493652,0
1779941210.778376,0.007248992915265262,137950.19690171778,0.4808357800585512,0.47423303036492376,-0.006602749693627452,3,0.44967007637023926,0
1779941210.8099844,0.009498995495960116,105274.28931041139,0.49185469856345315,0.4877386642156863,-0.0041160343477668615,6,0.35116803646087646,0
1779941210.8396032,0.006714995834045112,148920.42001425938,0.5042671355868736,0.5027574891067538,-0.001509646480119864,4,0.3563411235809326,0
1779941210.8792965,0.009333991329185665,107135.30415152464,0.5134481464460784,0.5060768314270152,-0.007371315019063185,4,0.47213202714920044,0
1779941210.9112513,0.005926995072513819,168719.55987233,0.5138478519880174,0.5071157066993465,-0.006732145288670943,5,0.34498509764671326,0
1779941210.9428487,0.007295995601452887,137061.48613917272,0.5126641093069172,0.5030784483932461,-0.009585660913671079,4,0.3770830035209656,0
1779941210.9854174,0.007714988896623254,129617.81454250524,0.5100806993804466,0.5048552559912854,-0.0052254433891611995,3,0.3555697798728943,0
1779941211.021065,0.008372997399419546,119431.54312568215,0.505275739549292,0.5036820363562091,-0.0015937031930828294,2,0.3612406253814697,0
1779941211.0543153,0.005816997145302594,171910.00356730985,0.4941292721949891,0.4942871561819172,0.0001578839869281201,3,0.42999181151390076,0
1779941211.0861447,0.0076040014391765,131509.70682986855,0.489861123876634,0.48305216843681914,-0.006808955439814857,1,0.5445773005485535,0
1779941211.1224272,0.005013993359170854,199441.8277740532,0.48531306593818085,0.4849508782679739,-0.0003621876702069593,2,0.4451231360435486,0
1779941211.1530612,0.008251008694060147,121197.30290914542,0.48387495319308277,0.4837575912309368,-0.00011736196214595651,2,0.38988205790519714,0
1779941211.1898928,0.007145004929043353,139957.9160449775,0.48111463439542484,0.4809282577614379,-0.00018637663398696214,3,0.4769618511199951,0
1779941211.2288728,0.005889000021852553,169808.11619787046,0.4765276033156318,0.47347991557734204,-0.003047687738289784,3,0.32693397998809814,0
1779941211.2593205,0.005820998921990395,171791.8201671933,0.4720613553581155,0.47157795479302833,-0.00048340056508716645,4,0.36258605122566223,0
1779941211.2977443,0.00937600270844996,106655.25929282927,0.46847721354166666,0.468471286083878,-5.927457788656998e-06,4,0.38130953907966614,0
1779941211.3291755,0.005182999302633107,192938.47859326788,0.4639074627246732,0.4632803479030501,-0.0006271148216230871,5,0.3877350986003876,0
1779941211.3610063,0.005964990123175085,167644.87104761766,0.4601593945738018,0.46085830269607847,0.0006989081222766869,6,0.39473527669906616,0
1779941211.3906693,0.005739988409914076,174216.37964857309,0.46049912768927015,0.4715667381535948,0.01106761046432464,4,0.40522006154060364,0
1779941211.420411,0.006754009518772364,148060.1999775926,0.4606207278050109,0.4632043675108933,0.002583639705882379,4,0.35666507482528687,0
1779941211.453034,0.005080000846646726,196850.36089316662,0.4620137271922658,0.45893072576252725,-0.003083001429738552,3,0.4698711335659027,0
1779941211.4869518,0.006233996828086674,160410.7328856178,0.4677847903050109,0.46848582175925924,0.0007010314542483242,4,0.4353431463241577,0
1779941211.5187962,0.005039997631683946,198412.7916476587,0.4736288636982571,0.47279180283224403,-0.0008370608660130396,2,0.4710415005683899,0
1779941211.551997,0.006608999683521688,151308.82854985062,0.4699365808823529,0.4667105119825708,-0.0032260688997821085,3,0.44701671600341797,0
1779941211.5864782,0.005950001650489867,168067.18027005412,0.4641732579316449,0.4639447337962963,-0.0002285241353485734,2,0.5243562459945679,0
1779941211.6200998,0.006018002750352025,166168.0862378311,0.4575564959490741,0.4601539351851852,0.00259743923611111,4,0.478411465883255,0
1779941211.6521497,0.00515900319442153,193835.894709526,0.445474026416122,0.4447596337145969,-0.0007143927015250684,4,0.45569562911987305,0
1779941211.685347,0.007415001164190471,134861.74551520444,0.43542677270561003,0.43538054874727666,-4.622395833336901e-05,2,0.558725118637085,0
1779941211.7235565,0.007263995939865708,137665.27518440314,0.4275357477192266,0.42937876157407406,0.001843013854847475,3,0.38283759355545044,0
1779941211.7573872,0.006140006007626653,162866.2901563737,0.42070621851171025,0.42310033700980393,0.002394118498093678,3,0.42069754004478455,0
1779941211.7889733,0.005998997949063778,166694.50606431082,0.4130428368395969,0.4104821963507625,-0.0025606404888344203,4,0.3540726900100708,0
1779941211.8298047,0.010785995982587337,92712.81035282943,0.40598599622140524,0.40539181644880173,-0.0005941797726035092,4,0.3805142045021057,0
1779941211.8673768,0.005989990313537419,166945.178148284,0.39823928121595864,0.40119485294117646,0.0029555717252178204,4,0.3832731246948242,0
1779941211.8984292,0.006043002940714359,165480.64096784758,0.3942812542551743,0.3989945703976035,0.0047133161424292025,3,0.41960203647613525,0
1779941211.9277678,0.0057580036809667945,173671.3026609416,0.39244512527233116,0.3930997923474946,0.0006546670751634287,2,0.33284667134284973,0
1779941211.9580991,0.0064589985413476825,154822.76294048334,0.3941142386642157,0.39272358387799566,-0.0013906547862200247,6,0.34090349078178406,0
1779941211.988751,0.005698006134480238,175499.98655647607,0.39633079299428103,0.3968475456154684,0.0005167526211873885,2,0.4772881269454956,0
1779941212.0289545,0.009076989954337478,110168.6798190347,0.3998394692946623,0.3957948325163399,-0.004044636778322397,4,0.36013084650039673,0
1779941212.0593355,0.006920003215782344,144508.60336586484,0.4007494638480392,0.39572886029411763,-0.005020603553921588,5,0.436962753534317,0
1779941212.0998657,0.009516006684862077,105086.09683837078,0.39951613562091504,0.3992005718954248,-0.00031556372549024214,4,0.44144487380981445,0
1779941212.1378598,0.006589005351997912,151767.975070286,0.39820778441584964,0.3925866693899782,-0.005621115025871426,4,0.391216903924942,0
1779941212.1713085,0.007860013283789158,127226.2480856673,0.3997336005582789,0.3988937908496732,-0.0008398097086056988,6,0.384818971157074,0
1779941212.201918,0.004447996616363525,224820.3149078727,0.4024367978962418,0.3993187806372549,-0.003118017258986916,5,0.4974380433559418,0
1779941212.2355955,0.006580012268386781,151975.4005329795,0.40577032696759263,0.3986442674291939,-0.007126059538398732,5,0.4420710504055023,0
1779941212.2752445,0.006754999049007893,148038.51084877207,0.4096103111383442,0.4037202137799564,-0.005890097358387747,4,0.5487321019172668,0
1779941212.3070202,0.006848000339232385,146028.03014932288,0.4154141263276144,0.41520692061546843,-0.0002072057121459414,2,0.32417237758636475,0
1779941212.3380103,0.005630994564853609,177588.52161598517,0.41927799479166666,0.41990201184640524,0.0006240170547385793,4,0.41797399520874023,0
1779941212.3689587,0.006571004632860422,152183.73077979253,0.4224046628199891,0.41544195942265794,-0.0069627033973311825,4,0.48611980676651,0
1779941212.4089174,0.006055997801013291,165125.55533502338,0.42510531981889976,0.4216955337690632,-0.0034097860498365495,3,0.4603247046470642,0
1779941212.4494483,0.010103991371579468,98970.78918859754,0.4268305461941721,0.42401780364923747,-0.002812742544934632,6,0.43608903884887695,0
1779941212.4807563,0.005808004061691463,172176.18813248046,0.43036206852532677,0.4238942674291939,-0.006467801096132875,5,0.45553746819496155,0
1779941212.5191078,0.007991999154910445,125125.13835609953,0.434666015625,0.4310014978213508,-0.0036645178036492365,6,0.3806682825088501,0
1779941212.5517864,0.005586000042967498,179018.9746344437,0.4374417296432462,0.43082591230936823,-0.006615817333877949,5,0.4354040324687958,0
1779941212.5842385,0.006543006747961044,152834.93331435486,0.43740059061819175,0.434505378540305,-0.002895212077886733,4,0.479411244392395,0
1779941212.6150472,0.005585010512731969,179050.6925135292,0.43566656879765797,0.4294984511165577,-0.00616811768110026,4,0.49898117780685425,0
1779941212.6472723,0.0074129929998889565,134898.27928003974,0.43253111383442266,0.43176184640522874,-0.0007692674291939205,4,0.4193883240222931,0
1779941212.6826644,0.00642899249214679,155545.36752399858,0.42963837826797385,0.42892122821350764,-0.000717150054466209,4,0.3786543309688568,0
1779941212.714832,0.006186994141899049,161629.37560064634,0.4270767420683551,0.42012629357298475,-0.006950448495370354,4,0.3798239529132843,0
1779941212.7448792,0.004744011675938964,210792.0612994853,0.4233446733728214,0.4271079112200436,0.0037632378472222117,3,0.3420248031616211,0
1779941212.7838562,0.009260998922400177,107979.71238083566,0.4185062423406863,0.4222460341775599,0.0037397918368736183,3,0.3636276125907898,0
1779941212.8166597,0.006173009751364589,161995.53220840817,0.4147561274509804,0.4149145390795207,0.00015841162854030033,4,0.3244481086730957,0
1779941212.8493292,0.008400995284318924,119033.51521534284,0.4112868923611111,0.41125073188997824,-3.616047113286225e-05,2,0.3756588399410248,0
1779941212.8801873,0.005626003257930279,177746.07552713805,0.40799550653594774,0.4046925551470589,-0.003302951388888864,3,0.3532256484031677,0
1779941212.9115129,0.006710004527121782,149031.19602349124,0.40393815529684096,0.4011393144063181,-0.002798840890522847,5,0.39149758219718933,0
1779941212.950587,0.006784990546293557,147384.14050499612,0.4014986936614924,0.39524440019063184,-0.006254293470860539,4,0.37160155177116394,0
1779941212.982222,0.0062920007621869445,158931.95786143304,0.4026561819172113,0.40225958265250544,-0.0003965992647058658,2,0.4168407917022705,0
1779941213.0209043,0.008421993697993457,118736.7309759743,0.4033590643722767,0.3999671670751634,-0.003391897297113311,3,0.424298495054245,0
1779941213.051869,0.008237999281845987,121388.6971565647,0.3993247634123094,0.3944099434912854,-0.004914819921023994,4,0.3639437258243561,0
1779941213.0926886,0.010878007742576301,91928.59792570476,0.3943179040713508,0.3888099128540305,-0.005507991217320318,5,0.3638516664505005,0
1779941213.1292272,0.007184004061855376,139198.1395597562,0.38856897212009806,0.3878027982026144,-0.0007661739174836812,3,0.4151449203491211,0
1779941213.1666236,0.00756300869397819,132222.5109692415,0.3782501574414488,0.37856837214052286,0.00031821469907405975,2,0.4595065116882324,0
1779941213.2031934,0.00967600499279797,103348.43778442843,0.37486867681100217,0.373861706835512,-0.0010069699754901573,3,0.33535265922546387,0
1779941213.2410455,0.0051440001698210835,194401.23775011103,0.37639377382897604,0.37540146718409584,-0.0009923066448802031,2,0.39633578062057495,0
1779941213.279265,0.008418996003456414,118779.00875466036,0.377292794287854,0.37586868532135076,-0.0014241089665032458,2,0.3461622893810272,0
1779941213.3114743,0.006066009518690407,164853.02189500854,0.3817874370234205,0.3805575469771242,-0.0012298900462963114,2,0.6233941316604614,0
1779941213.34363,0.00683200778439641,146369.85664505465,0.3803632174223856,0.37848806849128536,-0.0018751489311002456,3,0.43075689673423767,0
1779941213.3871484,0.006457994459196925,154846.83461997792,0.37951284211601305,0.37863555283224404,-0.0008772892837690116,2,0.4220696985721588,0
1779941213.4246674,0.007570997695438564,132082.98829657392,0.3776083154616013,0.3764409722222222,-0.0011673432393790595,2,0.47935017943382263,0
1779941213.4556897,0.006336995284073055,157803.49442792352,0.3779460146037582,0.376476154003268,-0.0014698606004902026,4,0.3383250832557678,0
1779941213.490887,0.00703400291968137,142166.5602671229,0.38044161900871465,0.38055293436819176,0.00011131535947711546,5,0.35917988419532776,0
1779941213.523986,0.009388997568748891,106507.64287430236,0.3807746289488017,0.37627018654684097,-0.00450444240196074,3,0.5681883096694946,0
1779941213.5561795,0.006534988642670214,153022.4541586039,0.3820811206427015,0.3734118157679739,-0.008669304874727612,3,0.4346662163734436,0
1779941213.5906134,0.0065559870563447475,152532.33287460823,0.38721672453703704,0.38350495302287585,-0.0037117715141611884,3,0.4072924554347992,0
1779941213.6205587,0.006952992407605052,143822.96734658,0.38973993225762527,0.3923130957244009,0.0025731634667756076,3,0.39641380310058594,0
1779941213.655569,0.006337009835988283,157803.13205779422,0.39063398267293026,0.3917377110566449,0.0011037283837146417,5,0.41208821535110474,0
1779941213.6889665,0.007377006113529205,135556.3469258932,0.3916670964392701,0.3907731481481481,-0.0008939482911219931,4,0.4234965443611145,0
1779941213.7274907,0.007046997779980302,141904.40116795315,0.39367818542347494,0.3970686614923747,0.0033904760688997504,4,0.4942643642425537,0
1779941213.7754996,0.011340001947246492,88183.40637435373,0.39510890267565363,0.3900167824074074,-0.005092120268246236,3,0.42479416728019714,0
1779941213.8274882,0.013341006706468761,74956.86210210223,0.39649679159858386,0.39223609409041393,-0.0042606975081699305,5,0.4552176594734192,0
1779941213.8800108,0.010402000043541193,96135.35818247951,0.3990448240059913,0.3902432938453159,-0.008801530160675364,4,0.40384358167648315,0
1779941213.930049,0.013226002920418978,75608.63293445588,0.4013787871051198,0.3925308755446623,-0.0088479115604575,4,0.422370970249176,0
1779941213.9693644,0.013302997103892267,75171.03042196516,0.4019746221405229,0.3968686853213508,-0.005105936819172097,5,0.4514581859111786,0
1779941214.0014963,0.006097994628362358,163988.33730500584,0.4016835511982571,0.3986643178104575,-0.0030192333877995803,4,0.4290415346622467,0
1779941214.0329049,0.006155009032227099,162469.29854433777,0.401295811206427,0.4032747310729847,0.001978919866557738,3,0.5253599882125854,0
1779941214.073131,0.006160000339150429,162337.65339985638,0.4011228936887255,0.39843244485294116,-0.0026904488357843426,4,0.42578446865081787,0
1779941214.133218,0.02405900158919394,41564.484556547366,0.400450895288671,0.39789402913943356,-0.0025568661492374467,6,0.3870074152946472,0
1779941214.177072,0.010635005310177803,94029.1020863892,0.39963942504084965,0.3978617578976035,-0.0017776671432461755,4,0.5062953233718872,0
1779941214.2201364,0.01265099854208529,79045.14388120134,0.399427428002451,0.39811123025599127,-0.0013161977464597463,4,0.44973188638687134,0
1779941214.2766302,0.012434000382199883,80424.6396382268,0.3989746646922658,0.3979933619281046,-0.000981302764161196,4,0.3828049600124359,0
1779941214.3376858,0.01621399133000523,61675.12857549293,0.3987825222971133,0.3969186751089325,-0.0018638471881808338,2,0.47359490394592285,0
1779941214.388581,0.010073999874293804,99265.437013925,0.39961499608523965,0.3997383408224401,0.00012334473720043704,3,0.5263885855674744,0
1779941214.4475265,0.014042001566849649,71214.91870224538,0.40075125102124187,0.3922208095043573,-0.00853044151688459,4,0.31498944759368896,0
1779941214.4949431,0.010290008503943682,97181.64952115895,0.4027479830473856,0.3982076695261438,-0.0045403135212418455,3,0.4444724917411804,0
1779941214.553478,0.02483501157257706,40265.73521327467,0.40435802185457514,0.3961401654411765,-0.008217856413398672,4,0.47548985481262207,0
1779941214.6062918,0.014448000001721084,69213.73199618475,0.4047780713848039,0.39711395356753815,-0.007664117817265725,4,0.38255980610847473,0
1779941214.650621,0.007922004442662,126230.67902041896,0.40564346745642704,0.3974586737472767,-0.008184793709150318,4,0.42185163497924805,0
1779941214.697344,0.012734002666547894,78529.9034550221,0.4061730877246732,0.4004844260620915,-0.0056886616625816955,3,0.4195336103439331,0
1779941214.7394068,0.010488001862540841,95347.04637797788,0.4046405143654684,0.3958753914760349,-0.008765122889433485,4,0.4260748624801636,0
1779941214.7844446,0.013313998351804912,75108.91721452218,0.40384458401416123,0.39502471405228756,-0.008819869961873672,4,0.3949125409126282,0
1779941214.8193305,0.009257011697627604,108026.22192389375,0.4031462162990196,0.3978948631535948,-0.0052513531454247975,3,0.4784366488456726,0
1779941214.8495216,0.005369001883082092,186254.35821712675,0.4104331597222222,0.4144976341230937,0.004064474400871487,5,0.32218652963638306,0
1779941214.8782094,0.0069130037445575,144654.91947509567,0.4652079801538671,0.4605750612745098,-0.004632918879357295,0,0.0,0
1779941214.9090765,0.005766996764577925,173400.47876256923,0.47954976851851855,0.47441140727124187,-0.005138361247276679,5,0.31957411766052246,0
1779941214.9402466,0.006286994903348386,159058.50336659423,0.47887224690223307,0.47292407066993464,-0.00594817623229843,3,0.33894073963165283,0
1779941214.9797924,0.00787799945101142,126935.77934581027,0.47750759548611116,0.4737821010348584,-0.0037254944512527532,5,0.33120545744895935,0
1779941215.010837,0.0063680054154247046,157035.04233488571,0.4766443014705882,0.4760812908496732,-0.0005630106209150165,4,0.3317199945449829,0
1779941215.0420718,0.005243986379355192,190694.62192671854,0.4749888769744009,0.4693298611111111,-0.005659015863289818,5,0.35653993487358093,0
1779941215.0740693,0.005895999493077397,169606.527472419,0.47271875,0.46704411764705883,-0.005674632352941189,3,0.3143484890460968,0
1779941215.104096,0.004608999006450176,216966.85084994065,0.47056378931781045,0.4641107026143791,-0.0064530867034313655,5,0.37358421087265015,0
1779941215.1492567,0.009388997568748891,106507.64287430236,0.4683851188044662,0.462216213916122,-0.006168904888344207,4,0.3632492423057556,0
1779941215.190962,0.008104994776658714,123380.70875503392,0.46559783071214594,0.46662013208061,0.0010223013684640403,4,0.43302619457244873,0
1779941215.2304306,0.008674993296153843,115273.86429720485,0.4599657501021242,0.4685251395697168,0.008559389467592604,4,0.49426713585853577,0
1779941215.2797768,0.00882800668478012,113275.85441502268,0.4406454758986928,0.4389500612745098,-0.0016954146241829893,2,0.555368959903717,0
1779941215.3246722,0.012634001905098557,79151.48402791056,0.43346845213779955,0.4318903696895425,-0.0015780824482570788,2,0.5113325119018555,0
1779941215.3704207,0.010388001101091504,96264.91085902238,0.42525372327750544,0.4146490672657952,-0.010604656011710234,2,0.5189210772514343,0
1779941215.4043224,0.006471993401646614,154511.90042090873,0.42389407594635076,0.4228477158224401,-0.0010463601239106834,4,0.45629528164863586,0
1779941215.4413707,0.006857007974758744,145836.2019821311,0.42172814116966234,0.4186131025326797,-0.0031150386369826477,2,0.46631795167922974,0
1779941215.4719176,0.00640600046608597,156103.6414677307,0.41849543419798474,0.4118267463235294,-0.006668687874455348,3,0.45443880558013916,0
1779941215.5134838,0.010162999387830496,98396.14879810308,0.4136155918096405,0.4121012220860566,-0.0015143697235839304,5,0.4061577022075653,0
1779941215.5518262,0.007850001566112041,127388.50961723836,0.41208742255582786,0.41445581427015254,0.00236839171432468,5,0.4264685809612274,0
1779941215.5825286,0.004948989953845739,202061.43260059043,0.41183971183959694,0.41397947303921573,0.0021397611996187837,4,0.3975859582424164,0
1779941215.618945,0.0071499962359666824,139860.21348790257,0.41254718137254903,0.4097623059640523,-0.0027848754084967564,4,0.3665820360183716,0
1779941215.6501195,0.005392997991293669,185425.62070565886,0.41289327171840956,0.41419527845860565,0.0013020067401960933,3,0.41921088099479675,0
1779941215.6817145,0.006193993613123894,161446.72766229374,0.4124672394131264,0.4231589392701525,0.010691699857026116,6,0.41960710287094116,0
1779941215.7216735,0.006524001946672797,153280.15046194065,0.41181727856072986,0.4026301232298475,-0.00918715533088238,6,0.39818692207336426,0
1779941215.7525456,0.007134003681130707,140173.74320186846,0.41112716588371456,0.4045438623366013,-0.006583303547113284,4,0.48948800563812256,0
1779941215.7856872,0.007151989848352969,139821.22754694484,0.409789951831427,0.4098161254084967,2.6173577069688037e-05,6,0.38502317667007446,0
1779941215.8171237,0.006439993740059435,155279.65404369647,0.4089005991285403,0.41390529684095856,0.005004697712418238,4,0.5351290702819824,0
1779941215.8472354,0.005788999260403216,172741.4281843159,0.40749636608115464,0.41001669730392154,0.002520331222766903,4,0.5114986896514893,0
1779941215.877232,0.0071590038714930415,139684.2379122007,0.40578972205201524,0.4098492476851852,0.004059525633169969,3,0.5044479966163635,0
1779941215.9088428,0.00561200431548059,178189.4567047146,0.40272094141476034,0.40538994417211327,0.002669002757352934,5,0.4154808223247528,0
1779941215.940195,0.007372000254690647,135648.3946624556,0.4029517973856209,0.4031520458877995,0.00020024850217859047,5,0.48356518149375916,0
1779941215.9700465,0.005837995558977127,171291.66850123633,0.4050084082244009,0.4014403935185185,-0.003568014705882361,3,0.4860254228115082,0
1779941216.000463,0.006943009793758392,144029.75506371562,0.4060252374387255,0.40578683278867106,-0.00023840465005442457,5,0.3903251886367798,0
1779941216.0326245,0.009420007700100541,106157.02575161662,0.4062680461941721,0.4020902607570806,-0.004177785437091519,4,0.457353413105011,0
1779941216.064574,0.006523012416437268,153303.4028082042,0.40441764535675384,0.40565742442810454,0.0012397790713506995,3,0.38328349590301514,0
1779941216.0948565,0.009338997188024223,107077.87783492866,0.4024032160607299,0.4007072099673203,-0.0016960060934095855,4,0.4375201463699341,0
1779941216.1249428,0.0062259932747110724,160616.94188810486,0.40154268790849673,0.40290623297930284,0.0013635450708061048,4,0.43232548236846924,0
1779941216.1572611,0.006217000191099942,160849.2792764536,0.4026766578159041,0.3972836328976035,-0.005393024918300626,3,0.4868602752685547,0
1779941216.1909223,0.007194990757852793,138985.58506257634,0.4041956231277233,0.40861002178649236,0.004414398658769081,3,0.5404002070426941,0
1779941216.2229497,0.006328002200461924,158027.75794341587,0.40412168096405227,0.4053626940359477,0.001241013071895447,3,0.3878706097602844,0
1779941216.25737,0.006948001100681722,143926.28692903952,0.40397938793572985,0.40475485089869284,0.0007754629629629917,5,0.46385088562965393,0
1779941216.2910755,0.0062820035964250565,159184.88180571512,0.4050007574210239,0.4059881195533769,0.0009873621323529536,3,0.5531681776046753,0
1779941216.3242946,0.0066250067902728915,150943.24151761495,0.40838679108796294,0.41160581767429194,0.003219026586328999,4,0.3581674098968506,0
1779941216.3568597,0.006978007149882615,143307.39113914812,0.4111033752042484,0.4135866183278867,0.00248324312363829,4,0.38093826174736023,0
1779941216.389716,0.007021008059382439,142429.68980268613,0.4141818491285403,0.4114201729302832,-0.002761676198257068,3,0.5211124420166016,0
1779941216.424525,0.0065119966166093946,153562.7333480819,0.41518315121187366,0.4113111723856209,-0.003871978826252731,5,0.3767588436603546,0
1779941216.4576786,0.006918999133631587,144529.57439165458,0.41647079248366015,0.40923325163398694,-0.007237540849673207,4,0.48551690578460693,0
1779941216.4952915,0.0051240058382973075,195159.80886007287,0.4193943312568083,0.4129528016067538,-0.006441529650054512,4,0.42137375473976135,0
1779941216.533561,0.00809700577519834,123502.44371358429,0.42322537530637255,0.42058797998366015,-0.002637395322712399,4,0.49165791273117065,0
1779941216.5654647,0.005099005647934973,196116.66843416542,0.4266703516476035,0.42445380582788667,-0.0022165458197168086,4,0.5321863293647766,0
1779941216.596547,0.005895999493077397,169606.527472419,0.4349148114106754,0.42687702546296297,-0.008037785947712428,4,0.4639471173286438,0
1779941216.6259735,0.0054440024541690946,183688.3815572467,0.45005879374319174,0.44320908224400873,-0.006849711499183009,4,0.36111727356910706,0
1779941216.6559017,0.006440008291974664,155279.30317204227,0.4621464162922113,0.45950830610021787,-0.002638110191993448,2,0.6208587884902954,0
1779941216.690817,0.00612800067756325,163185.3605469316,0.47206930827886706,0.47183158020152505,-0.0002377280773420143,3,0.5564570426940918,0
1779941216.7244925,0.006981004844419658,143245.85389728827,0.4783157041462418,0.4793750851034858,0.001059380957244005,3,0.48299336433410645,0
1779941216.756067,0.005141992005519569,194477.15961568395,0.47949828941993466,0.47592226647603486,-0.0035760229438998037,4,0.46723711490631104,0
1779941216.788896,0.008342001819983125,119875.30350383247,0.4808409245642702,0.47599164283769063,-0.004849281726579557,3,0.5372327566146851,0
1779941216.8231037,0.006465998012572527,154655.16662015574,0.4811888105936819,0.47511146854575165,-0.0060773420479302565,3,0.6024341583251953,0
1779941216.8587277,0.010069998097606003,99304.88469880998,0.48141966230936817,0.4755578873910675,-0.005861774918300644,3,0.5129587054252625,0
1779941216.8888433,0.006230999133549631,160487.90548143236,0.48191694325299567,0.47809953703703706,-0.0038174062159586075,4,0.3955380320549011,0
1779941216.9229667,0.0072490074671804905,137949.91997558958,0.4879957703567538,0.48099138752723314,-0.00700438282952065,4,0.378299742937088,0
1779941216.9570262,0.005947993486188352,168123.92318889865,0.49691013497412856,0.4900320329520697,-0.006878102022058852,4,0.42969974875450134,0
1779941216.9898956,0.006166999810375273,162153.40209960996,0.5005308755446624,0.4950744315087146,-0.0054564440359477495,4,0.349079966545105,0
1779941217.0218084,0.005368012352846563,186288.6920276399,0.49997434129901963,0.49545360157952073,-0.004520739719498901,3,0.4719429910182953,0
1779941217.0555074,0.00743399141356349,134517.2390400501,0.4986744621459695,0.48808195465686277,-0.010592507489106728,3,0.4725303053855896,0
1779941217.0903964,0.007087000994943082,141103.40900382944,0.49665911373229843,0.4921787173202614,-0.004480396412037013,3,0.48807764053344727,0
1779941217.1233034,0.00645501131657511,154918.396104467,0.4951109026075708,0.48564448869825705,-0.009466413909313742,2,0.5859890580177307,0
1779941217.155351,0.005533001967705786,180733.71486882766,0.4944177389705882,0.4843949993191721,-0.01002273965141609,3,0.5374123454093933,0
1779941217.1888,0.006436996045522392,155351.96742828595,0.49369827835648145,0.4842565529684096,-0.009441725388071864,2,0.5010942816734314,0
1779941217.2236707,0.0053249968914315104,187793.53685804154,0.4914706818491285,0.48933542687908493,-0.0021352549700435763,4,0.4625641107559204,0
1779941217.2584574,0.00852800440043211,117260.72748617842,0.489371574584695,0.48636652369281047,-0.00300505089188452,3,0.48461246490478516,0
1779941217.2889822,0.00661201192997396,151239.89650816287,0.4853503497753268,0.48183418436819175,-0.0035161654071350634,3,0.4066404700279236,0
1779941217.3227372,0.006682996172457933,149633.48387377735,0.48194341043709155,0.4780421602668845,-0.003901250170207038,4,0.3917124271392822,0
1779941217.3569806,0.00573799479752779,174276.90949299032,0.4796851639093137,0.4703705235566449,-0.009314640352668824,2,0.42813339829444885,0
1779941217.3902566,0.006532995030283928,153069.1505755729,0.4777710843886166,0.47603702001633985,-0.0017340643722767446,4,0.4257761240005493,0
1779941217.4220097,0.0060449965531006455,165426.06620463205,0.4782224392361111,0.4748017939814815,-0.003420645254629595,3,0.4101189970970154,0
1779941217.456047,0.0067920045694336295,147231.9386386084,0.47919938044662314,0.473950793164488,-0.00524858728213512,3,0.3812870681285858,0
1779941217.490192,0.006000991561450064,166639.12784412625,0.47969554653458607,0.47580113017429193,-0.0038944163602941395,3,0.3496131896972656,0
1779941217.5237374,0.006544010830111802,152811.48304317758,0.4806233702682462,0.4687031760620915,-0.0119201942061547,3,0.35294079780578613,0
1779941217.5555687,0.005541005521081388,180472.65901385332,0.4832663526348039,0.4784799836601307,-0.004786368974673161,3,0.3867949843406677,0
1779941217.5892427,0.006262998795136809,159667.9215037524,0.48453887952750546,0.4811595179738562,-0.0033793615536492627,4,0.4087556302547455,0
1779941217.623899,0.005012989277020097,199481.77519231327,0.48361252808415034,0.4791110770697168,-0.004501451014433555,3,0.5015501976013184,0
1779941217.6574697,0.007542010280303657,132590.6439840782,0.48263194444444446,0.4789537037037037,-0.003678240740740746,4,0.44860291481018066,0
1779941217.6892838,0.005166992195881903,193536.1932222388,0.47932035079656865,0.4751585307734205,-0.004161820023148133,4,0.43238183856010437,0
1779941217.7227564,0.00632999581284821,157977.98759523118,0.47455290883714596,0.47070814610566447,-0.003844762731481488,3,0.5441669225692749,0
1779941217.7575464,0.0056549906730651855,176834.9512516469,0.4696346166938998,0.4698560389433551,0.0002214222494553164,4,0.4633408188819885,0
1779941217.79098,0.007073002052493393,141382.6820038144,0.4650626914828431,0.4645033360566449,-0.000559355426198227,4,0.4730357229709625,0
1779941217.8224015,0.004772009560838342,209555.32197725124,0.4614942980664488,0.4610404922385621,-0.00045380582788673296,3,0.44151172041893005,0
1779941217.8565335,0.007048001862131059,141884.1849876635,0.4576861851511438,0.45274749795751634,-0.004938687193627445,5,0.4669080376625061,0
1779941217.8910043,0.007272989023476839,137495.05145299283,0.4534067095588235,0.44902580337690634,-0.004380906181917166,4,0.37364113330841064,0
1779941217.9249363,0.0071269896579906344,140311.69511784273,0.45385392412173203,0.4497877178649237,-0.0040662062568083135,6,0.39355382323265076,0
1779941217.9566498,0.005997993866913021,166722.41122424966,0.45888948886846403,0.45396255446623096,-0.004926934402233074,4,0.4272211790084839,0
1779941217.989879,0.006098998710513115,163961.3397976713,0.4591967890454793,0.45843331290849676,-0.0007634761369825216,2,0.5267684459686279,0
1779941218.0249903,0.005246009095571935,190621.09534733414,0.4575316882829521,0.45778744553376904,0.0002557572508169459,3,0.424121618270874,0
1779941218.0579417,0.005474008503369987,182681.48458015104,0.45603906675517425,0.4511867170479303,-0.004852349707243964,4,0.42791253328323364,0
1779941218.090317,0.008270988473668694,120904.53313815806,0.4556523224741285,0.4520326116557734,-0.003619710818355104,3,0.43690240383148193,0
1779941218.1231427,0.0062920007621869445,158931.95786143304,0.45493034279684097,0.4542164862472767,-0.0007138565495642957,2,0.5170955657958984,0
1779941218.1577227,0.005074994987808168,197044.5295812772,0.4537617059844771,0.44766081154684095,-0.006100894437636173,4,0.40368032455444336,0
1779941218.1909158,0.0058250006986781955,171673.79915111756,0.4523806976783769,0.4504287002995643,-0.001951997378812631,4,0.39089441299438477,0
1779941218.2229335,0.004856003215536475,205930.6708860001,0.4504605119825708,0.4462745608660131,-0.004185951116557729,3,0.41690653562545776,0
1779941218.2581782,0.008639995940029621,115740.79512780091,0.44850758272058827,0.442155841503268,-0.006351741217320295,4,0.3680368661880493,0
1779941218.2931528,0.005466004949994385,182948.97446095932,0.44803899441721134,0.44382803989651415,-0.0042109545206971966,3,0.4231495261192322,0
1779941218.3246863,0.006857997504994273,145815.1594939717,0.44911483438861655,0.4448375204248366,-0.0042773139637799495,3,0.43381088972091675,0
1779941218.3559413,0.004963003448210657,201490.89365644837,0.4508024790645425,0.4467388514433551,-0.004063627621187393,3,0.5194205641746521,0
1779941218.390289,0.006510003004223108,153609.76014162964,0.45179616438589326,0.46104750476579526,0.009251340379901996,5,0.3393040597438812,0
1779941218.4245906,0.006547998054884374,152718.4326595922,0.45403878591367103,0.4490501429738562,-0.004988642939814825,2,0.48697903752326965,0
1779941218.458177,0.00654099858365953,152881.85545524524,0.4527926240808824,0.4494859749455338,-0.003306649135348616,5,0.3911617398262024,0
1779941218.4897768,0.0055310083553195,180798.85904316895,0.452903816040305,0.44649955746187364,-0.006404258578431354,4,0.4614031910896301,0
1779941218.5235226,0.006673013558611274,149857.33075718654,0.4520389986723857,0.4477742885348584,-0.004264710137527272,3,0.5423766374588013,0
1779941218.5583143,0.006006986950524151,166472.81045162634,0.4515213141680283,0.447611911083878,-0.003909403084150331,5,0.4602530598640442,0
1779941218.5911028,0.006526999641209841,153209.75256169014,0.45120505684912854,0.45903642429193897,0.007831367442810433,4,0.43578898906707764,0
1779941218.6231358,0.0050810049287974834,196811.46033382593,0.450300300415305,0.44911574074074073,-0.0011845596745642673,4,0.4057128131389618,0
1779941218.6568282,0.006232003215700388,160462.048138981,0.44903804551334425,0.44412006399782133,-0.004917981515522918,4,0.3486100137233734,0
1779941218.6914895,0.006076996214687824,164554.98155207754,0.4477588635280501,0.4588930930010893,0.011134229473039214,5,0.39499449729919434,0
1779941218.7249937,0.006931993993930519,144258.63624168964,0.4472712290645425,0.4513412649782135,0.004070035913671,3,0.34060192108154297,0
1779941218.7566254,0.00554900907445699,180212.35622107127,0.44734373297930285,0.4573579963235294,0.01001426334422656,4,0.3991454839706421,0
1779941218.7903109,0.007513997843489051,133084.9463666681,0.44766709218409584,0.45195143995098036,0.004284347766884522,3,0.48987478017807007,0
1779941218.8247888,0.004617002559825778,216590.7397802558,0.4481021965209695,0.456208605664488,0.008106409143518511,6,0.3488580584526062,0
1779941218.8582747,0.006472997483797371,154487.93275497336,0.447336418334695,0.45702902028867104,0.009692601953976032,4,0.44624054431915283,0
1779941218.8900714,0.005502006388269365,181751.8791203269,0.4466258084831155,0.4558047045206972,0.009178896037581707,5,0.418856143951416,0
1779941218.9236555,0.007775990525260568,128600.97974032584,0.4459370787377451,0.44185031998910673,-0.004086758748638342,3,0.40041738748550415,0
1779941218.9580216,0.005303998477756977,188537.0073527798,0.44608856719771245,0.4421866149237473,-0.00390195227396517,3,0.4522440433502197,0
1779941218.9916513,0.006857997504994273,145815.1594939717,0.44578532645697166,0.4549144369553377,0.009129110498366011,4,0.46592050790786743,0
1779941219.023712,0.005783003871329129,172920.51367245003,0.4456072516680283,0.44005958946078433,-0.005547662207243953,5,0.3523758351802826,0
1779941219.0572333,0.006695001502521336,149365.16438770032,0.44534002672249456,0.4553346949891067,0.009994668266612161,4,0.3885783553123474,0
1779941219.0925794,0.00856400583870709,116767.78587425278,0.44616758152913943,0.4402889433551198,-0.005878638174019624,5,0.432699590921402,0
1779941219.1254873,0.006132002454251051,163078.8649320816,0.4466398973651961,0.4538856038943355,0.007245706529139417,6,0.36257824301719666,0
1779941219.156975,0.006139001925475895,162892.92822179396,0.44702782883986925,0.45645414624183006,0.009426317401960815,4,0.40414953231811523,0
1779941219.1907172,0.006668007699772716,149969.83282339128,0.44780339392701524,0.4418662513616558,-0.005937142565359432,5,0.34639427065849304,0
1779941219.2250402,0.005658992449752986,176709.9017853699,0.4491945082720588,0.44599676606753813,-0.0031977422045206816,4,0.44105637073516846,0
1779941219.2641673,0.010029005352407694,99710.78535319825,0.44949085137527234,0.4529455337690632,0.0034546823937908755,5,0.3454318940639496,0
1779941219.3004463,0.005470996256917715,182782.06619782746,0.4490810653254357,0.4697749863834423,0.020693921058006604,6,0.32466280460357666,0
1779941219.3299596,0.0064739870140329,154464.31972019988,0.4493272271582244,0.4591928955610022,0.009865668402777805,4,0.4007636308670044,0
1779941219.360499,0.004795001586899161,208550.50449455253,0.449322542211329,0.44526165917755994,-0.004060883033769058,3,0.4672890305519104,0
1779941219.3922718,0.005889000021852553,169808.11619787046,0.4480554406658497,0.44249194921023965,-0.005563491455610026,4,0.41865941882133484,0
1779941219.4246037,0.004638000973500311,215610.131544517,0.44920458026960786,0.4658054704520697,0.016600890182461858,6,0.3715361952781677,0
1779941219.4582129,0.006797010428272188,147123.50533412406,0.4490862055759804,0.45837498297930285,0.009288777403322457,7,0.36488646268844604,0
1779941219.500254,0.006278001819737256,159286.35077105658,0.4492774543845316,0.45695178036492373,0.007674325980392138,5,0.4617752730846405,0
1779941219.5485113,0.015155994333326817,65980.49445037599,0.4497588379970044,0.4566133067810458,0.00685446878404139,5,0.38563594222068787,0
1779941219.5989146,0.019839993910863996,50403.241275816086,0.4485455899373639,0.45574870642701526,0.007203116489651384,5,0.38620826601982117,0
1779941219.6492038,0.01139099185820669,87788.66778660241,0.447614651416122,0.44291862404684096,-0.004696027369281042,4,0.3773795962333679,0
1779941219.6953723,0.013312004739418626,75120.16556295735,0.4466575222971133,0.4409838473583878,-0.005673674938725504,4,0.41501927375793457,0
1779941219.7324944,0.009190989658236504,108802.2114249525,0.44761917892156866,0.4530386029411765,0.005419424019607821,4,0.3953203856945038,0
1779941219.7643251,0.0051910028560087085,192641.00362466116,0.44597474979575163,0.44776622072440087,0.0017914709286492303,4,0.42467886209487915,0
1779941219.8105748,0.021016006940044463,47582.77834856312,0.44553532220179737,0.4474888174019608,0.001953495200163413,4,0.4062914252281189,0
1779941219.8587284,0.011048003216274083,90514.09385244983,0.4448753829656863,0.4495582278050109,0.004682844839324629,3,0.4634760618209839,0
1779941219.8966415,0.00754599750507623,132520.58449890756,0.44535411985974943,0.4477597869008715,0.0024056670411220504,4,0.3916504383087158,0
1779941219.9280567,0.005599009455181658,178603.02041007276,0.4463645790781591,0.4473239379084967,0.0009593588303376532,4,0.4121648073196411,0
1779941219.9896858,0.020494990167208016,48792.41179632279,0.446551436546841,0.45468030024509803,0.00812886369825705,4,0.4665916860103607,0
1779941220.0324943,0.011198004358448088,89301.62625321466,0.4467918368736384,0.4523849230664488,0.005593086192810404,4,0.3816363513469696,0
1779941220.0644925,0.006886999472044408,145201.1146594657,0.4463315036083878,0.45510830269607844,0.008776799087690634,5,0.4123091697692871,0
1779941220.103657,0.007452996214851737,134174.2262000992,0.44622163926334424,0.454536934912854,0.00831529564950978,4,0.41396838426589966,0
1779941220.1346107,0.006365007720887661,157109.0003109282,0.4449698520901416,0.4527629357298475,0.007793083639705878,5,0.4050973355770111,0
1779941220.1799526,0.0077830045484006405,128485.08487708565,0.4450209950299564,0.45196466503267974,0.0069436700027233345,5,0.4216282069683075,0
1779941220.2269962,0.007170994649641216,139450.66882040314,0.445621021412037,0.44732165713507627,0.0017006357230392455,5,0.42879852652549744,0
1779941220.2735271,0.013740005670115352,72780.17375021976,0.4456413568899782,0.44862431917211326,0.002982962282135071,4,0.47952568531036377,0
1779941220.3174577,0.010137009667232633,98648.42126297354,0.44566167109204796,0.4538055385348584,0.008143867442810426,5,0.43121519684791565,0
1779941220.3595746,0.01044898817781359,95703.04636034588,0.44689730136846406,0.4536735430283224,0.006776241659858351,5,0.4041686952114105,0
1779941220.3920107,0.01204499858431518,83022.01058804484,0.4474895067401961,0.4559845452069717,0.008495038466775573,4,0.4295695722103119,0
1779941220.4248066,0.006414004019461572,155908.85147027794,0.44747557955473855,0.46144444444444443,0.01396886488970589,4,0.4315564036369324,0
1779941220.4566715,0.008643008186481893,115700.4573435498,0.44750587639569717,0.4553260314542484,0.007820155058551215,5,0.4119984805583954,0
1779941220.4879615,0.00545500370208174,183317.93241833727,0.4492325154888344,0.45893673406862745,0.009704218579793034,4,0.41765540838241577,0
1779941220.5189524,0.006217000191099942,160849.2792764536,0.4502095290373094,0.4617013378267974,0.011491808789488023,4,0.3852084279060364,0
1779941220.5487351,0.005925990990363061,168748.14720883232,0.4496754876429739,0.4493902505446623,-0.00028523709831157484,5,0.35613077878952026,0
1779941220.578174,0.0068580120569095016,145814.8500909228,0.4499712435321351,0.44207701865468413,-0.00789422487745095,2,0.43467575311660767,0
1779941220.6090171,0.00497901055496186,200843.11711358887,0.4516843937227669,0.45002456086601306,-0.0016598328567538623,4,0.39738932251930237,0
1779941220.6397357,0.005580004653893411,179211.32006623986,0.45348292398556644,0.4585430283224401,0.00506010433687365,4,0.37521666288375854,0
1779941220.669731,0.0058589939726516604,170677.7656143279,0.45455362370642705,0.451966213916122,-0.0025874097903050286,4,0.4091079533100128,0
1779941220.700163,0.0056349963415414095,177462.40447894554,0.45425637425108933,0.46347906454248367,0.009222690291394331,4,0.46249622106552124,0
1779941220.7300372,0.005666996003128588,176460.3326785352,0.45806966571350766,0.45511717047930283,-0.0029524952342048216,0,0.0,0
1779941220.7611556,0.006114001735113561,163558.99839819493,0.4459101690155229,0.43991130514705884,-0.005998863868464044,1,0.585126519203186,0
1779941220.792314,0.005918991519138217,168947.6994124155,0.44578099894471673,0.43690987540849674,-0.008871123536219994,2,0.5970269441604614,0
1779941220.8255286,0.006684000254608691,149611.00567141498,0.44596335869417214,0.4369574312363834,-0.00900592745778872,2,0.5793441534042358,0
1779941220.8603306,0.005519992555491626,181159.66460953627,0.44580081103622005,0.44240990944989106,-0.003390901586328987,3,0.5223333239555359,0
1779941220.894016,0.0059150042943656445,169061.58478237336,0.44583543538943354,0.4398986928104575,-0.005936742578976029,5,0.46928539872169495,0
1779941220.9260151,0.005295994924381375,188821.9332303854,0.4459522611996187,0.4465783973311547,0.0006261361315359482,5,0.481422483921051,0
1779941220.9599736,0.010657997336238623,93826.25726503662,0.44485348158360566,0.44065093954248363,-0.004202542041122026,6,0.42341336607933044,0
1779941220.9941454,0.005786991096101701,172801.37179986874,0.4437880880650872,0.4403476307189543,-0.003440457346132908,3,0.5051065683364868,0
1779941221.028044,0.006610003765672445,151285.8442219463,0.44149926811002177,0.4379549121732026,-0.003544355936819177,5,0.45580872893333435,0
1779941221.0598137,0.005521011189557612,181126.24040527042,0.4396043538943355,0.44988119553376904,0.010276841639433543,5,0.3882943391799927,0
1779941221.09342,0.006336005753837526,157828.13950166167,0.43693547028186275,0.44667973856209153,0.009744268280228785,5,0.38011088967323303,0
1779941221.1278226,0.005636000423692167,177430.78864868075,0.4347199116625817,0.4310944818899782,-0.00362542977260355,6,0.40256279706954956,0
1779941221.1731443,0.007544003892689943,132555.6049843756,0.43381954231345315,0.42414312704248364,-0.009676415270969518,3,0.4776570796966553,0
1779941221.2080827,0.006957008736208081,143739.93736639322,0.43414300789760346,0.4311515012254902,-0.0029915066721132866,6,0.37720784544944763,0
1779941221.2447314,0.007665003067813814,130463.09194566528,0.4397230051742919,0.4380426028050109,-0.00168040236928102,3,0.47732412815093994,0
1779941221.3050811,0.01941999653354287,51493.31506175948,0.4454378276484205,0.44085564746732026,-0.004582180181100237,5,0.4285438656806946,0
1779941221.3487325,0.012123011401854455,82487.75546371508,0.4539710137527233,0.45568605324074074,0.0017150394880174336,5,0.39196857810020447,0
1779941221.3923612,0.013519995263777673,73964.52295210244,0.4551454673883442,0.4532815053104575,-0.0018639620778866939,5,0.38552841544151306,0
1779941221.4345448,0.011398995411582291,87727.02890852295,0.4525837290645425,0.44450510620915035,-0.008078622855392126,3,0.44252318143844604,0
1779941221.4920144,0.011391006410121918,87788.55563731502,0.447841388378268,0.4470015999455338,-0.0008397884327341898,6,0.38199347257614136,0
1779941221.5506349,0.026294001145288348,38031.4884172427,0.4462251242510893,0.43663301674836597,-0.009592107502723324,3,0.4449496269226074,0
1779941221.587858,0.00874800025485456,114311.8393766697,0.44332023590686276,0.44225287649782136,-0.0010673594090414018,2,0.5192815065383911,0
1779941221.6352675,0.0139519979711622,71674.32234916674,0.44213513156998907,0.44067003676470584,-0.001465094805283229,4,0.4559403359889984,0
1779941221.670945,0.008798000635579228,113662.18774251812,0.44017866200299566,0.43069420615468407,-0.00948445584831159,4,0.3807886838912964,0
1779941221.7029433,0.006328002200461924,158027.75794341587,0.4390792568763617,0.44981525735294114,0.010736000476579466,4,0.38964203000068665,0
1779941221.7423291,0.00551799894310534,181225.11626238812,0.439816916870915,0.44834991149237474,0.008532994621459733,6,0.3507154583930969,0
1779941221.7808313,0.009077004506252706,110168.50320071437,0.4402138310185185,0.44939179942810453,0.009177968409586013,5,0.39453497529029846,0
1779941221.8180585,0.007740993169136345,129182.3901856729,0.4398439031862745,0.4383914079520697,-0.0014524952342047648,5,0.3820447027683258,0
1779941221.849322,0.005744004738517106,174094.56390145037,0.4405099868940632,0.4555960988562091,0.015086111962145932,6,0.34987616539001465,0
1779941221.8795702,0.005217996658757329,191644.4308797528,0.44209329044117646,0.4397988153594771,-0.002294475081699332,3,0.4861176908016205,0
1779941221.9111557,0.006617992767132819,151103.21742361775,0.44347658377587146,0.43895208673747277,-0.004524497038398689,4,0.4132281243801117,0
1779941221.9517596,0.006664995453320444,150037.6117288735,0.4437291581563181,0.4414987915305011,-0.002230366625816993,5,0.4617619216442108,0
1779941221.987859,0.007241993444040418,138083.52737779956,0.4444454784517974,0.4538054364106754,0.009359957958878007,6,0.38890236616134644,0
1779941222.027473,0.007577007636427879,131978.22253633654,0.44487982962282135,0.4412126225490196,-0.003667207073801748,3,0.5030794143676758,0
1779941222.0586648,0.007066992111504078,141502.91725558028,0.4453427457788671,0.45026319104030504,0.004920445261437922,3,0.43741554021835327,0
1779941222.1024923,0.008378003258258104,119360.18275169696,0.44536832363153595,0.45914418232570803,0.013775858694172083,7,0.4130111038684845,0
1779941222.139381,0.008825998520478606,113301.6278758421,0.4475451176130174,0.45700577001633985,0.009460652403322445,6,0.3993462324142456,0
1779941222.1974008,0.019724990124814212,50697.11029877734,0.45203925823801744,0.4591457482298475,0.007106489991830056,3,0.33954066038131714,0
1779941222.247434,0.016676989616826177,59962.86038285077,0.4631165492238562,0.4700684742647059,0.0069519250408496824,6,0.36428365111351013,0
1779941222.2938797,0.007677997928112745,130242.28573161394,0.4635951329316449,0.46000743804466226,-0.0035876948869826286,3,0.504541277885437,0
1779941222.336096,0.010350995580665767,96609.06452977935,0.46666377740332243,0.4571076048474946,-0.009556172555827858,3,0.3953719735145569,0
1779941222.3890076,0.0103049969766289,97040.30018329347,0.4662560848992375,0.47763046364379086,0.011374378744553382,5,0.3371240198612213,0
1779941222.429372,0.012271993909962475,81486.35073785314,0.46400856992102396,0.4777783564814815,0.01376978656045752,4,0.3628902733325958,0
1779941222.474354,0.0188510020961985,53047.57778376463,0.4627501063793573,0.48039011437908496,0.017640007999727647,5,0.3657034933567047,0
1779941222.515524,0.009516006684862077,105086.09683837078,0.4632531615944989,0.4746754153050109,0.011422253710511976,5,0.4300214946269989,0
1779941222.5468392,0.005716996383853257,174917.02510506046,0.46322695823120913,0.46672926879084964,0.003502310559640509,3,0.4432609975337982,0
1779941222.5765967,0.006564994691871107,152323.0477609095,0.460831724877451,0.4631148216230937,0.0022830967456426987,3,0.42346903681755066,0
1779941222.6079767,0.005003996193408966,199840.27991810907,0.4586607902709695,0.4677003336056645,0.009039543334694977,3,0.4913792014122009,0
1779941222.6393092,0.0057110009947791696,175100.6523924914,0.45491651773556646,0.45259215005446624,-0.0023243676811002256,3,0.48107850551605225,0
1779941222.668819,0.004916000762023032,203417.38099903797,0.4543817316857298,0.45160103485838776,-0.002780696827342055,3,0.44281673431396484,0
1779941222.7029483,0.00858200655784458,116522.86598242309,0.45425040424155777,0.4635442708333333,0.009293866591775557,6,0.2996891736984253,0
1779941222.7356877,0.0059680023696273565,167560.25518509306,0.4518818252995643,0.44491763684640523,-0.006964188453159048,3,0.3110831677913666,0
1779941222.7681704,0.006061003659851849,164989.17607062514,0.4419143986587691,0.45154350490196077,0.009629106243191687,3,0.4131840169429779,0
1779941222.8001416,0.005116002284921706,195465.11989396106,0.43248677917347494,0.45101443355119825,0.0185276543777233,4,0.4197428226470947,0
1779941222.8342693,0.006273010512813926,159413.09168178382,0.4270052168436819,0.4317708503540305,0.004765633510348588,4,0.39304688572883606,0
1779941222.8684788,0.006257003406062722,159820.91347929428,0.42239328448393243,0.42684916258169936,0.00445587809776693,4,0.39546075463294983,0
1779941222.904663,0.005812995368614793,172028.34968683193,0.42033698001770153,0.43689852260348583,0.016561542585784295,5,0.45127734541893005,0
1779941222.937647,0.006055008270777762,165152.5407200725,0.4208544560185185,0.42708151211873635,0.006227056100217843,5,0.341094970703125,0
1779941222.9664254,0.0060019956436008215,166611.25055400116,0.41522709439678646,0.42335988562091503,0.008132791224128577,3,0.4442605972290039,0
1779941222.9965055,0.005380003130994737,185873.49777528935,0.4063252867987473,0.4131159620098039,0.006790675211056585,3,0.49312910437583923,0
1779941223.0309622,0.00750999606680125,133155.8620144434,0.40393758935866014,0.4109042415577342,0.006966652199074053,3,0.6036546230316162,0
1779941223.0607023,0.006130998372100294,163105.57258514332,0.4036897041802832,0.42137370642701527,0.017684002246732056,6,0.43263086676597595,0
1779941223.0947676,0.007095004548318684,140944.23663716632,0.4034834686478758,0.421289879493464,0.017806410845588205,5,0.5128783583641052,0
1779941223.1291504,0.005950001650489867,168067.18027005412,0.40343594260620913,0.4201538330610022,0.01671789045479305,4,0.5296674966812134,0
1779941223.1616507,0.007313996320590377,136724.15956579006,0.403642884497549,0.4087129119008715,0.005070027403322519,4,0.46579068899154663,0
1779941223.1941893,0.0054010015446692705,185150.84502928704,0.4039045096337146,0.42101892701525057,0.017114417381535962,6,0.41767019033432007,0
1779941223.2276704,0.007201000698842108,138869.5879672385,0.40539298236655774,0.42537908496732024,0.0199861026007625,4,0.5050616264343262,0
1779941223.2624874,0.005587004125118256,178986.80180030005,0.4064342405364924,0.42320431644880174,0.016770075912309335,5,0.41248083114624023,0
1779941223.2956629,0.006710004527121782,149031.19602349124,0.40773259208197166,0.4264482230392157,0.018715630957244045,4,0.4802076816558838,0
1779941223.3278563,0.005626003257930279,177746.07552713805,0.4094231898488562,0.41475745506535944,0.0053342652165032645,6,0.4703097343444824,0
1779941223.3615563,0.006622998625971377,150989.00912927982,0.41122426470588236,0.43617834286492374,0.024954078159041382,5,0.44444379210472107,0
1779941223.3962412,0.0058219884522259235,171762.62168944522,0.41173084746051203,0.4358129595588235,0.02408211209831146,7,0.44048359990119934,0
1779941223.4292812,0.0068789959186688066,145370.0528133931,0.41254115604575164,0.41839598651960785,0.00585483047385621,4,0.47960835695266724,0
1779941223.4612818,0.00567499955650419,176211.46751525067,0.41399411509395423,0.4271465482026144,0.013152433108660155,7,0.4080136716365814,0
1779941223.494739,0.007031994755379856,142207.15953107702,0.41464624608523964,0.43364573120915034,0.018999485123910698,4,0.4402623176574707,0
1779941223.529534,0.005578011041507125,179275.3711957174,0.4139086328976035,0.4338840379901961,0.019975405092592602,5,0.4031808078289032,0
1779941223.562892,0.007155002094805241,139762.36299441924,0.41504774305555553,0.43275895288671024,0.017711209831154706,5,0.40411415696144104,0
1779941223.6031544,0.006417001713998616,155836.01884015574,0.4160867587486383,0.41969218069172115,0.0036054219430828316,4,0.5144661664962769,0
1779941223.633282,0.007494993042200804,133422.4053804276,0.417765420751634,0.42251353145424836,0.004748110702614383,3,0.5746683478355408,0
1779941223.674001,0.0070020032580941916,142816.27173538055,0.4197663739106754,0.4351476375272331,0.015381263616557728,7,0.38158145546913147,0
1779941223.7072208,0.006281989044509828,159185.25054957782,0.4215794994212963,0.425810270288671,0.004230770867374722,3,0.5658891201019287,0
1779941223.7373416,0.004992994945496321,200280.59529721728,0.42490592235157953,0.4431450163398693,0.018239093988289767,4,0.44108468294143677,0
1779941223.767799,0.006169997504912317,162074.61983636755,0.4314757625272331,0.43920162717864925,0.00772586465141617,5,0.35974979400634766,0
1779941223.7985497,0.0056680000852793455,176429.07285713553,0.44836150684232023,0.442604404956427,-0.005757101885893234,1,0.46573343873023987,0
1779941223.829891,0.006319998647086322,158227.88197289014,0.4612424002587146,0.45609414147603483,-0.005148258782679771,1,0.5503848195075989,0
1779941223.8699107,0.007458002073690295,134084.167598681,0.46302819478485835,0.4700783632897603,0.007050168504901977,3,0.39712879061698914,0
1779941223.9018054,0.006249989382922649,160000.27179764188,0.4642988153594771,0.47367890454793027,0.009380089188453178,3,0.434969425201416,0
1779941223.9342754,0.00563899811822921,177336.4663427172,0.46623940887118737,0.47595132080610025,0.009711911934912887,4,0.4476364850997925,0
1779941223.9752116,0.009046998457051814,110533.89748514167,0.4691601519948257,0.4806681815087146,0.011508029513888907,2,0.5960915088653564,0
1779941224.0062037,0.005021996912546456,199123.97745639784,0.47138865910947714,0.4787484170751634,0.0073597579656862755,4,0.4241272509098053,0
1779941224.037604,0.008383998647332191,119274.82840401011,0.47255985328159045,0.4792762288943355,0.0067163756127450736,5,0.4553980827331543,0
1779941224.0695925,0.005516994860954583,181258.0988750412,0.4754745455473856,0.49231769131263614,0.016843145765250533,5,0.4405685067176819,0
1779941224.1009128,0.006947011570446193,143946.7877459965,0.47841094345724405,0.48509866898148146,0.006687725524237409,3,0.5586662888526917,0
1779941224.1344118,0.006297006621025503,158805.6135531178,0.4827387705950436,0.4758763105936819,-0.006862460001361703,2,0.44095665216445923,0
1779941224.173283,0.008560004062019289,116822.37447024084,0.4819759199686819,0.47757831222766883,-0.004397607741013054,4,0.38328874111175537,0
1779941224.213056,0.006361995474435389,157183.387510779,0.4834051904616013,0.49326179534313724,0.009856604881535946,5,0.4761761724948883,0
1779941224.2523313,0.007733993697911501,129299.3037051532,0.4844968256399782,0.4841183449074074,-0.0003784807325707962,4,0.4003916382789612,0
1779941224.282636,0.004995003109797835,200200.0755592069,0.4847394599332789,0.4826241830065359,-0.0021152769267429594,4,0.40161842107772827,0
1779941224.3222013,0.008521994459442794,117343.4229227819,0.4864370702273965,0.5009425381263617,0.014505467898965174,6,0.45549261569976807,0
1779941224.353308,0.005092006176710129,196386.25038866026,0.48553094788262524,0.4921269573801743,0.006596009497549071,4,0.5134454965591431,0
1779941224.3870723,0.006413989467546344,155909.20519277803,0.4879010714528867,0.4917124353213507,0.003811363868464035,5,0.4208103120326996,0
1779941224.4189909,0.005369001883082092,186254.35821712675,0.48790229694308274,0.4919465890522876,0.004044292109204872,5,0.4416291415691376,0
1779941224.4506035,0.007704002200625837,129802.66281839389,0.48151291019880177,0.4825112166394336,0.0009983064406318132,2,0.5356078743934631,0
1779941224.4838507,0.005442998372018337,183722.26696609988,0.4653707363153595,0.46457715482026146,-0.0007935814950980613,2,0.3580358624458313,0
1779941224.516077,0.006393005605787039,156420.94840254574,0.45720041870915035,0.45298190699891067,-0.004218511710239681,3,0.4821733236312866,0
1779941224.5476432,0.005132998921908438,194817.88623251885,0.4640667764501634,0.4681363698257081,0.004069593375544689,5,0.5008363127708435,0
1779941224.587856,0.008485003490932286,117854.98981452103,0.46172860498366014,0.46818676811002174,0.006458163126361605,7,0.4118492305278778,0
1779941224.6247034,0.006923000910319388,144446.0304070458,0.4583603877314815,0.46840740740740744,0.010047019675925917,5,0.5123252868652344,0
1779941224.658044,0.00630300201009959,158654.55831961564,0.4585086550245098,0.4574108626089325,-0.0010977924155773366,5,0.4177760183811188,0
1779941224.688117,0.005098001565784216,196155.29479465194,0.46044814219090413,0.45686568967864927,-0.0035824525122548634,4,0.40494585037231445,0
1779941224.7300913,0.009879004210233688,101224.77718595334,0.46335089443763616,0.45999933619281047,-0.003351558244825692,3,0.4559100270271301,0
1779941224.7675533,0.006080008461140096,164473.45532352835,0.4634689499931917,0.4687056951252723,0.005236745132080611,5,0.409635066986084,0
1779941224.8023195,0.0076369906309992075,130941.62980126141,0.4649851664624183,0.47478480732570805,0.009799640863289771,5,0.5252375602722168,0
1779941224.8388267,0.006032991223037243,165755.25523416244,0.4638604770901416,0.4705958605664488,0.0067353834763072,4,0.4899021089076996,0
1779941224.8702137,0.007504990207962692,133244.67751323828,0.4592024484272876,0.456710529003268,-0.0024919194240196063,4,0.39079350233078003,0
1779941224.9117932,0.007424998329952359,134680.16497269922,0.4554942299836601,0.45146313316993464,-0.004031096813725488,4,0.43008023500442505,0
1779941224.9504244,0.006557005690410733,152508.63690151222,0.45863014025054466,0.46677958197167757,0.00814944172113291,4,0.4581263065338135,0
1779941224.98391,0.005756999598816037,173701.59278900354,0.46148846847766883,0.47180392156862744,0.010315453090958604,6,0.3680940568447113,0
1779941225.0222003,0.007915994501672685,126326.51523301279,0.46011275360838777,0.47952959899237474,0.01941684538398697,5,0.3788372576236725,0
1779941225.061204,0.00820099376142025,121936.44198393096,0.45810861757897603,0.45123597494553375,-0.006872642633442283,2,0.4389718770980835,0
1779941225.0962403,0.007303999154828489,136911.29733208215,0.4560354711328976,0.4534705882352941,-0.002564882897603482,3,0.5660382509231567,0
1779941225.1344378,0.006232003215700388,160462.048138981,0.45433564814814814,0.4654722903050109,0.011136642156862775,6,0.41198381781578064,0
1779941225.1662676,0.010645002475939691,93940.79543525186,0.44634995404411765,0.4578772637527233,0.01152730970860566,5,0.348384827375412,0
1779941225.198833,0.006811009370721877,146821.1164557557,0.44683453754765795,0.45197586465141615,0.005141327103758198,5,0.41594934463500977,0
1779941225.245707,0.008239992894232273,121359.32795524223,0.44807898454520695,0.44988679534313725,0.0018078107979302982,3,0.5111243724822998,0
1779941225.2853227,0.009152994607575238,109253.86093556485,0.4469642480255991,0.4413216401143791,-0.00564260791122001,1,0.5367632508277893,0
1779941225.3217602,0.01849600812420249,54065.72019675288,0.4450116336465142,0.45980439814814816,0.01479276450163397,5,0.42645716667175293,0
1779941225.3609786,0.005908994353376329,169233.5345402068,0.4430344456358932,0.45578242442810457,0.012747978792211345,5,0.4471680819988251,0
1779941225.3926136,0.006207003025338054,161108.34744526917,0.44146116727941176,0.43789639501633987,-0.0035647722630718914,3,0.47415995597839355,0
1779941225.4243765,0.0052340037655085325,191058.3264364237,0.4390252374387255,0.4498460137527233,0.010820776313997804,5,0.4564872682094574,0
1779941225.4560106,0.006968009984120727,143512.99758164556,0.4370003659449891,0.4488914760348584,0.011891110089869317,4,0.5142536163330078,0
1779941225.496891,0.007055001333355904,141743.41757697766,0.4360049104711329,0.4466058517156863,0.010600941244553408,4,0.5343890190124512,0
1779941225.539232,0.010650997865013778,93887.91666974072,0.4414032288262527,0.45058527369281043,0.009182044866557715,6,0.3950454890727997,0
1779941225.57502,0.013046999811194837,76645.97336331382,0.4454865962009804,0.4433978247549019,-0.0020887714460784967,3,0.45657575130462646,0
1779941225.60746,0.007131995516829193,140213.21208634033,0.45146195448665577,0.4603548474945534,0.00889289300789764,4,0.3530253469944,0
1779941225.6386468,0.005040012183599174,198412.21877481256,0.4570551768450436,0.4537160266884532,-0.0033391501565904202,3,0.44396519660949707,0
1779941225.670506,0.006450994987972081,155014.84683595414,0.45783527369281046,0.47007761437908496,0.0122423406862745,7,0.4143408536911011,0
1779941225.7008843,0.005626992788165808,177714.81813573875,0.45878321589052284,0.46857618464052286,0.00979296875000002,5,0.3834838569164276,0
1779941225.731706,0.006542992196045816,152835.27322626777,0.4589259089052288,0.4686517565359477,0.009725847630718931,5,0.40409937500953674,0
1779941225.7731047,0.007084003300406039,141163.1188741375,0.4532381152982026,0.4551203022875817,0.0018821869893790866,5,0.4242625832557678,0
1779941225.827234,0.015587997040711343,64151.92390582889,0.4472316899850218,0.4465937670206972,-0.0006379229643245776,2,0.5941498279571533,0
1779941225.8609543,0.007006994565017521,142714.53912530607,0.441825865502451,0.4440327308006536,0.002206865298202576,6,0.39271801710128784,0
1779941225.8910735,0.00724098936188966,138102.67492770255,0.43695948648556643,0.42861129833878,-0.00834818814678645,3,0.37414640188217163,0
1779941225.9230897,0.0052679970394819975,189825.4673465667,0.4276807555487473,0.4233481753812636,-0.004332580167483668,5,0.35738784074783325,0
1779941225.9666514,0.008647999493405223,115633.67929919265,0.41914468018110024,0.42369088711873637,0.0045462069376361325,3,0.3828589618206024,0
1779941226.0025594,0.005617999704554677,177999.2973636632,0.3996198597494553,0.4158061342592592,0.016186274509803922,6,0.4388025403022766,0
1779941226.0337982,0.005538997356779873,180538.0894027643,0.399335150292756,0.4181414930555556,0.018806342762799577,6,0.4527284502983093,0
1779941226.0706036,0.005922003765590489,168861.76361630345,0.39899279598992377,0.4187253540305011,0.01973255804057733,4,0.5274443626403809,0
1779941226.10793,0.011330994311720133,88253.50825263915,0.3986219022331155,0.41608389501633986,0.017461992783224356,4,0.4966272711753845,0
1779941226.1378353,0.005764988600276411,173460.8807295913,0.39901569733796294,0.4180960307734205,0.019080333435457564,4,0.49234604835510254,0
1779941226.1767216,0.007912996807135642,126374.37172958768,0.39950784228622005,0.41332140182461874,0.01381355953839869,5,0.47088032960891724,0
1779941226.2095125,0.005708003300242126,175192.61069060373,0.3989836856617647,0.4036589392701525,0.0046752536083878304,5,0.43611183762550354,0
1779941226.2412157,0.006741989636793733,148324.167474628,0.39864682904411763,0.4149319512527233,0.016285122208605673,5,0.4972788393497467,0
1779941226.2706575,0.005202004103921354,192233.60459215785,0.39903397331154683,0.41564069308278867,0.01660671977124184,5,0.4987448751926422,0
1779941226.301097,0.006546004442498088,152764.9436819477,0.4011068346609477,0.4207238732298475,0.01961703856889979,5,0.5402557253837585,0
1779941226.3423352,0.006472997483797371,154487.93275497336,0.4023512646377996,0.422325282543573,0.01997401790577341,5,0.4958321154117584,0
1779941226.3753262,0.006629998097196221,150829.60588222384,0.4037871476715686,0.42575948052832246,0.021972332856753873,6,0.46073707938194275,0
1779941226.4136443,0.006633999873884022,150738.6220998717,0.4045707975898693,0.4226315870098039,0.01806078941993461,6,0.43828409910202026,0
1779941226.4577205,0.007587994332425296,131787.13058953712,0.40655661934912857,0.4111450674019608,0.004588448052832206,3,0.6247777938842773,0
1779941226.4942002,0.006171001587063074,162048.24871482875,0.40835089018246185,0.41296755855119827,0.004616668368736421,3,0.659903883934021,0
1779941226.5345857,0.009722993127070367,102848.98764515632,0.4108462052355665,0.4309997787309368,0.020153573495370336,5,0.5696830749511719,0
1779941226.5677145,0.006353991921059787,157381.3773173966,0.4127261497480937,0.43443627450980393,0.021710124761710248,6,0.49448713660240173,0
1779941226.5979621,0.005829992005601525,171526.82182740356,0.41432192521105665,0.4171589392701525,0.002837014059095866,4,0.5840457677841187,0
1779941226.6378376,0.007687005563639104,130089.66778041334,0.41624531930827885,0.42979629629629634,0.013550976988017494,4,0.6006436347961426,0
1779941226.6706483,0.006429996574297547,155521.07819112582,0.42061686836192813,0.4401293232570806,0.019512454895152465,6,0.4485611319541931,0
1779941226.7084367,0.0062680046539753675,159540.40483453826,0.4228564474400871,0.4254562908496732,0.002599843409586078,3,0.6071909070014954,0
1779941226.745887,0.007861992344260216,127194.222051115,0.424662590209695,0.43938432734204796,0.014721737132352974,5,0.42443618178367615,0
1779941226.7831423,0.00687700230628252,145412.19494523725,0.42691599860430285,0.4379079010076253,0.010991902403322429,4,0.5635409355163574,0
1779941226.8149881,0.006355010555125773,157356.15091833766,0.4289040670955882,0.4314773454520697,0.002573278356481523,3,0.42886626720428467,0
1779941226.8461463,0.005480993422679603,182448.6772529477,0.4260382582720588,0.4498239549291939,0.02378569665713509,6,0.43831130862236023,0
1779941226.8777635,0.006646005203947425,150466.32816448074,0.42740247140522875,0.44312094907407407,0.01571847766884532,5,0.4802892804145813,0
1779941226.910591,0.005428009899333119,184229.58294951878,0.4277623144744009,0.4430884565631808,0.015326142088779915,5,0.50480717420578,0
1779941226.9434268,0.0062220060499385,160719.86943983834,0.4285983328227124,0.4310041360294118,0.002405803206699364,4,0.5504909753799438,0
1779941226.9822893,0.007242997526191175,138064.38513666912,0.42964017395152504,0.4321832788671024,0.0025431049155773544,3,0.6447370052337646,0
1779941227.0123024,0.0063680054154247046,157035.04233488571,0.4300045955882353,0.4320640999455338,0.002059504357298514,4,0.45040595531463623,0
1779941227.0429628,0.005706999218091369,175223.4338546899,0.43150637850626367,0.44036734068627453,0.008860962180010867,4,0.5308272242546082,0
1779941227.0737827,0.006272006430663168,159438.6120382637,0.43305633850762526,0.42951261233660126,-0.0035437261710239976,3,0.5061823725700378,0
1779941227.1129148,0.0076260039350017905,131130.27589852212,0.4325704827069717,0.43468081086601307,0.002110328159041386,4,0.3936348259449005,0
1779941227.1547058,0.007148002623580396,139899.221175594,0.43073502178649237,0.43144633374183006,0.0007113119553376901,5,0.5057224035263062,0
1779941227.1964135,0.00702099350746721,142429.98500660132,0.42860180078976035,0.4312153628812636,0.002613562091503263,3,0.605731725692749,0
1779941227.236357,0.008293995051644742,120569.15802013829,0.4271417398556645,0.4296555691721133,0.002513829316448779,3,0.6112492680549622,0
1779941227.2927692,0.019072002032771707,52432.88031752959,0.43041227107162305,0.4222722120098039,-0.008140059061819138,2,0.5860865116119385,0
1779941227.3375056,0.014609002391807735,68450.94368392795,0.4281508076320806,0.4282288773148148,7.806968273421644e-05,3,0.558689534664154,0
1779941227.3772895,0.007702008588239551,129836.26135225722,0.4179495804398148,0.41842046228213503,0.00047088184232024766,4,0.5833865404129028,0
1779941227.4279912,0.014567005564458668,68648.28846086608,0.41009688180827886,0.41557623570261437,0.005479353894335515,4,0.5135497450828552,0
1779941227.4697087,0.008639006409794092,115754.05232554222,0.4024468018110022,0.39586328976034857,-0.006583512050653606,3,0.45024192333221436,0
1779941227.5109875,0.009240000508725643,108225.10226657092,0.38594514654820267,0.3861132216775599,0.0001680751293572369,3,0.5365864634513855,0
1779941227.551446,0.007540991646237671,132608.55427401475,0.37814450571895425,0.3790000851034858,0.0008555793845315685,2,0.472445547580719,0
1779941227.6151316,0.024558001314289868,40719.92615368571,0.3705595256331699,0.37830021105664485,0.007740685423474947,4,0.42104512453079224,0
1779941227.663263,0.012934993719682097,77309.6625844034,0.35683063980800656,0.36937081290849677,0.012540173100490215,7,0.42502596974372864,0
1779941227.71272,0.016523990780115128,60518.068141468226,0.3521598881740196,0.361545155909586,0.009385267735566416,7,0.4080696403980255,0
1779941227.7605774,0.007820999599061906,127860.89390925752,0.3514604609204793,0.3581259701797386,0.006665509259259295,5,0.5370237231254578,0
1779941227.8131347,0.014073011698201299,71057.99536340982,0.35352505446623095,0.3621792279411765,0.00865417347494557,4,0.4491628408432007,0
1779941227.8570023,0.011736992746591568,85200.700178536,0.35164425040849673,0.34948107298474945,-0.0021631774237472756,5,0.4424988329410553,0
1779941227.9708714,59.39823099470232,16.835518217523838,0.34971138854847494,0.5878551708877995,0.23814378233932454,4,0.5250903367996216,0
1779941228.0266259,0.01572498877067119,63593.05018170242,0.3613710001361656,0.35266111791939,-0.0087098822167756,4,0.4466477036476135,0
1779941228.0793374,0.01509599678684026,66242.72740119665,0.3664060670275055,0.3594583163126362,-0.006947750714869305,3,0.5277339816093445,0
1779941228.1168475,0.010599993402138352,94339.68136227976,0.37223320057189546,0.36119229983660134,-0.011040900735294124,5,0.4262242019176483,0
1779941228.1491833,0.008329996489919722,120048.06979332078,0.3780384752859477,0.36966406249999995,-0.008374412785947749,4,0.46285417675971985,0
1779941228.1846695,0.006497997674159706,153893.56077744608,0.3863200997412854,0.3766816278594772,-0.00963847188180822,5,0.44605788588523865,0
1779941228.2165956,0.00651800655759871,153421.140522511,0.39218826167619825,0.38248750680827887,-0.009700754867919381,4,0.43363678455352783,0
1779941228.2471342,0.005599998985417187,178571.4609242027,0.39802093120234205,0.386341418164488,-0.011679513037854028,6,0.409589022397995,0
1779941228.2900095,0.012040007277391851,83056.42820314171,0.40235555810866014,0.39288579112200434,-0.009469766986655803,7,0.40724408626556396,0
1779941228.332815,0.008114991942420602,123228.71138941789,0.40699552781181914,0.3949526313997821,-0.01204289641203704,4,0.5193679332733154,0
1779941228.3657894,0.007675000233575702,130293.15564386772,0.40645044424019605,0.3957279922385621,-0.010722452001633964,3,0.5215868949890137,0
1779941228.3960514,0.005530993803404272,180799.334720735,0.40836998314950984,0.3951919424019608,-0.013178040747549025,5,0.46819183230400085,0
1779941228.4265227,0.006304995622485876,158604.39243346042,0.42002177798202617,0.41414123774509803,-0.0058805402369281334,4,0.5053264498710632,0
1779941228.466866,0.008275994332507253,120831.40222463699,0.42972922623910675,0.41958003131808275,-0.010149194921024007,2,0.575592041015625,0
1779941228.517224,0.008246992365457118,121256.32663230575,0.46122443916802836,0.44978856889978214,-0.011435870268246218,3,0.5421766638755798,0
1779941228.553956,0.007623006240464747,131181.84197354582,0.4701911594498911,0.459073869825708,-0.011117289624183069,3,0.5879032015800476,0
1779941228.589781,0.009688999853096902,103209.82714024598,0.4776188002110567,0.46234694989106756,-0.015271850319989122,5,0.41605645418167114,0
1779941228.6255207,0.007031005225144327,142227.17349487857,0.48787348090277777,0.47747390727124184,-0.01039957363153593,2,0.5256661176681519,0
1779941228.663885,0.007896000170148909,126646.40051307663,0.49497323069852944,0.4819632863562091,-0.013009944342320334,3,0.46318668127059937,0
1779941228.6948385,0.012133008567616343,82419.78849904171,0.49881226596541395,0.4890069614651416,-0.009805304500272338,3,0.5474249720573425,0
1779941228.733378,0.008956005331128836,111656.92326290271,0.49925857417619823,0.4856675517429194,-0.01359102243327881,4,0.4075658917427063,0
1779941228.7665405,0.005994996172375977,166805.77789321146,0.5014763071895425,0.4899400871459695,-0.01153622004357302,3,0.6382526755332947,0
1779941228.8012006,0.006456000846810639,154894.65130631372,0.5020913713575709,0.4903135382625272,-0.011777833095043655,3,0.570849597454071,0
1779941228.8309236,0.005514986696653068,181324.10013008362,0.49796000987200434,0.48861461737472767,-0.009345392497276672,2,0.7857182025909424,0
1779941228.860806,0.006386006134562194,156592.39576796256,0.4948746255446623,0.4853371800108932,-0.009537445533769118,2,0.7150793671607971,0
1779941228.8920026,0.005195004632696509,192492.6098633606,0.49266228809232027,0.4814426913126362,-0.011219596779684093,4,0.48265498876571655,0
1779941228.9239018,0.006419999408535659,155763.2542256091,0.4895004467933007,0.4786707516339869,-0.010829695159313757,3,0.4967474639415741,0
1779941228.9535909,0.005438996595330536,183857.4418043423,0.4825107741013072,0.4743324652777778,-0.008178308823529434,2,0.6618564128875732,0
1779941228.99322,0.008775998139753938,113947.15268570444,0.4792030781930828,0.46742136437908494,-0.01178171381399784,3,0.5028923749923706,0
1779941229.032083,0.006753994966857135,148060.51898278718,0.4751957763139978,0.4652671738834423,-0.009928602430555489,3,0.502891480922699,0
1779941229.0645912,0.006452988600358367,154966.95592247986,0.4694984000544662,0.46020222290305013,-0.009296177151416063,3,0.5646154284477234,0
1779941229.1046379,0.007467999239452183,133904.67351913592,0.46658665662445536,0.4560037445533769,-0.010582912071078476,4,0.4013995826244354,0
1779941229.1356244,0.006917005521245301,144571.23056047023,0.44291140727124184,0.4324707244008715,-0.010440682870370366,4,0.4125605821609497,0
1779941229.1833363,0.007470996933989227,133850.94503927714,0.43995795887799566,0.42902236519607845,-0.01093559368191721,4,0.5002772212028503,0
1779941229.2265244,0.013623008271679282,73405.22592788031,0.43702309708605663,0.4279261982570806,-0.009096898828976019,4,0.4259493052959442,0
1779941229.2630823,0.007317998097278178,136649.3932776418,0.4423301845043573,0.4333460477941177,-0.00898413671023962,3,0.4476102590560913,0
1779941229.2974966,0.0076269934652373195,131113.26298597848,0.4476219277641612,0.44015982434640527,-0.007462103417755939,2,0.541294515132904,0
1779941229.3367937,0.008901013643480837,112346.75510607792,0.444900871459695,0.4336380208333333,-0.011262850626361676,3,0.57725989818573,0
1779941229.377285,0.009010997018776834,110975.51113558591,0.4480681381059368,0.4401308380991285,-0.007937300006808312,4,0.5124600529670715,0
1779941229.4112906,0.005987996701151133,167000.76000505476,0.4489313555283224,0.4373605664488017,-0.011570789079520694,4,0.5476673245429993,0
1779941229.442631,0.0066350039560347795,150715.81066511094,0.4498247846881808,0.4404003267973856,-0.009424457890795213,3,0.5527340769767761,0
1779941229.4793427,0.006048998329788446,165316.62689927925,0.4523906803172658,0.44474860430283225,-0.007642076014433563,2,0.5771642327308655,0
1779941229.5108695,0.00547300442121923,182714.99948418248,0.4534167092184096,0.4441263786764706,-0.009290330541939007,3,0.4861118793487549,0
1779941229.5501425,0.006995993317104876,142938.9587258534,0.45287192776416124,0.445651484204793,-0.007220443559368239,2,0.6065908074378967,0
1779941229.5805106,0.006588001269847155,151791.1061397231,0.45274369808687365,0.4462362472766884,-0.006507450810185222,2,0.6752150654792786,0
1779941229.614052,0.005955997039563954,167898.0015196937,0.45520146122685184,0.44961677900326796,-0.005584682223583881,2,0.6830499768257141,0
1779941229.645499,0.006557995220646262,152485.62500499265,0.45909282662717865,0.4535471983932462,-0.005545628233932454,3,0.574143648147583,0
1779941229.6757684,0.0053910043789073825,185494.19175257176,0.4624746561819172,0.4569351851851852,-0.0055394709967319655,3,0.5638070702552795,0
1779941229.7057552,0.006656991899944842,150217.9986141016,0.463807019335512,0.45883971609477125,-0.004967303240740739,2,0.679800271987915,0
1779941229.738035,0.006214002496562898,160926.87451495588,0.4632179670479303,0.4579421296296296,-0.005275837418300677,2,0.7283853888511658,0
1779941229.7700973,0.0062489998526871204,160025.60786907235,0.462861021752451,0.45772310729847493,-0.005137914453976045,2,0.7713543176651001,0
1779941229.799919,0.006300993845798075,158705.12247315826,0.4616657475490196,0.4563609749455338,-0.00530477260348583,2,0.7255141735076904,0
1779941229.8320253,0.006856003892607987,145857.5601274353,0.46077610549428105,0.4556398760893246,-0.005136229404956449,2,0.7455055713653564,0
1779941229.869946,0.005855006747879088,170793.9961576029,0.45949035351988016,0.45433054193899786,-0.005159811580882301,2,0.8205701112747192,0
1779941229.9033217,0.006287998985499144,159033.10453868014,0.45750115740740743,0.45268555964052287,-0.004815597766884561,2,0.6513645052909851,0
1779941229.9342103,0.004941000952385366,202388.1415196308,0.454595775462963,0.44977085035403047,-0.00482492510893251,2,0.8227808475494385,0
1779941229.9664166,0.006510992534458637,153586.41477587656,0.45269754221132896,0.44805763208061,-0.0046399101307189605,2,0.6546294093132019,0
1779941230.0002756,0.005695997970178723,175561.8603158707,0.45202513531454247,0.44765662445533766,-0.0043685108592048105,2,0.7372422218322754,0
1779941230.0333197,0.006443995516747236,155183.22404184018,0.4504986723856209,0.4462158735021787,-0.00428279888344224,2,0.8207573890686035,0
1779941230.072737,0.0063580082496628165,157281.96012533215,0.44911408973311545,0.444984170751634,-0.004129918981481462,2,0.7679656744003296,0
1779941230.104186,0.006820991984568536,146606.24176986996,0.4485416581563181,0.44441520288671027,-0.004126455269607809,2,0.7785806059837341,0
1779941230.1446486,0.007311013177968562,136779.94768405822,0.4465563299972767,0.4426500374455338,-0.003906292551742907,2,0.6772322654724121,0
1779941230.1765378,0.006096001015976071,164041.96741097217,0.44425634020969496,0.4405318797657952,-0.0037244604438997353,2,0.7514986395835876,0
1779941230.2156322,0.007052993169054389,141783.77548805598,0.4436864532271242,0.43985362200435735,-0.0038328312227668415,2,0.8012365102767944,0
1779941230.245743,0.007020003977231681,142450.06174403155,0.44395934180964053,0.4404338235294118,-0.0035255182802287344,2,0.6794856190681458,0
1779941230.2765224,0.005847003194503486,171027.78410315502,0.4450874055351307,0.44164333129084965,-0.003444074244281059,2,0.6797322630882263,0
1779941230.308443,0.006260990630835295,159719.13375417198,0.446407926538671,0.44270220588235293,-0.003705720656318079,2,0.6874003410339355,0
1779941230.3379018,0.005900001269765198,169491.48894671287,0.4462158309504357,0.4420332073801743,-0.00418262357026139,2,0.7096850275993347,0
1779941230.3677137,0.0067929940996691585,147210.49147513663,0.44542608762254904,0.44135101783769065,-0.004075069784858387,2,0.7298009395599365,0
1779941230.405085,0.006476999260485172,154392.48327551808,0.4441448674087691,0.4401776960784314,-0.003967171330337693,2,0.6300525665283203,0
1779941230.4362526,0.005765003152191639,173460.44288281738,0.4428319801879085,0.43898742170479305,-0.0038445584831154345,2,0.6772007346153259,0
1779941230.4721742,0.005747002433054149,174003.75441786033,0.44204436870234204,0.4382345962690632,-0.0038097724332788463,2,0.5541946291923523,0
1779941230.5080757,0.006779999239370227,147492.6419155302,0.44303808380991283,0.43934829452614377,-0.0036897892837690627,2,0.6654343605041504,0
1779941230.56008,0.017897997167892754,55872.17332863934,0.44442791309232027,0.44091290509259257,-0.003515007999727704,2,0.6820825338363647,0
1779941230.5996892,0.010670002666302025,93720.68885776358,0.44531549138752724,0.4414230153867102,-0.0038924760008170467,3,0.5309207439422607,0
1779941230.6408715,0.00811999780125916,123152.7427070154,0.4444913109340959,0.44091440291394335,-0.003576908020152536,2,0.806880533695221,0
1779941230.6731017,0.007896000170148909,126646.40051307663,0.4414054457720588,0.4379589801198257,-0.0034464656522331105,2,0.74738609790802,0
1779941230.7134259,0.006631002179346979,150806.76690389507,0.43876142514297384,0.43547436683006535,-0.0032870583129084863,2,0.7411187887191772,0
1779941230.775979,0.0149609986692667,66840.45778670028,0.4359735668572985,0.43131345315904135,-0.00466011369825714,3,0.48647767305374146,0
1779941230.8213892,0.011826996342279017,84552.32174421252,0.43195310372412854,0.4287695227396514,-0.00318358098447713,2,0.7543069124221802,0
1779941230.8655682,0.012656004400923848,79013.87897170793,0.43237637867647055,0.4305833333333333,-0.001793045343137234,2,0.5787420272827148,0
1779941230.9096975,0.010355011909268796,96571.59342375044,0.43381832533360565,0.4329000544662309,-0.0009182708673747264,1,0.79873126745224,0
1779941230.9475732,0.007273003575392067,137494.77635119858,0.43488541241149237,0.4331258510348584,-0.0017595613766339668,1,0.714194655418396,0
1779941230.981589,0.00551799894310534,181225.11626238812,0.434751748876634,0.43266751770152506,-0.0020842311751089193,1,0.7458899021148682,0
1779941231.0152507,0.00731699401512742,136668.14513344737,0.4351624029820262,0.43296995846949893,-0.0021924445125272585,1,0.6531007885932922,0
1779941231.0467122,0.004913992597721517,203500.51004628546,0.43510939202069715,0.432815240332244,-0.00229415168845315,1,0.755443811416626,0
1779941231.0788512,0.006243993993848562,160153.90165095878,0.43501162088099127,0.4324029309640523,-0.0026086899169389666,1,0.7450172305107117,0
1779941231.1179485,0.007794995326548815,128287.44060873525,0.43450296585648146,0.4318884123093682,-0.002614553547113263,1,0.801520824432373,0
1779941231.1495464,0.007861992344260216,127194.222051115,0.43436854064542485,0.43165864991830066,-0.0027098907271241868,1,0.7354123592376709,0
1779941231.182276,0.0051019887905567884,196001.99864235066,0.434413654003268,0.43163121255446624,-0.0027824414488017424,1,0.7291616201400757,0
1779941231.2143085,0.0055689888540655375,179565.81099457014,0.43310132846541394,0.4303197167755991,-0.0027816116898148335,1,0.45197296142578125,0
1779941231.2478502,0.0053349940571933985,187441.6333513357,0.4289371170343137,0.4249895833333333,-0.003947533700980388,2,0.3455154299736023,0
1779941231.2858303,0.008717994205653667,114705.28385434054,0.42279035181781044,0.4191242000272331,-0.003666151790577332,2,0.41528019309043884,0
1779941231.324824,0.006026006303727627,165947.3869752526,0.4151063963779956,0.4123339290577342,-0.002772467320261429,2,0.40669143199920654,0
1779941231.371202,0.010328003554604948,96824.1339880378,0.4114472996663943,0.4088662854030501,-0.002581014263344228,2,0.48424118757247925,0
1779941231.404972,0.005979993147775531,167224.2718826501,0.4061624285130719,0.4040401348039216,-0.0021222937091502914,1,0.7131331562995911,0
1779941231.4630904,0.024922002921812236,40125.185890447836,0.4000838396990741,0.39854981958061003,-0.0015340201184640412,3,0.32623013854026794,0
1779941231.5175335,0.017247002688236535,57981.0891246662,0.38794201473992374,0.38563921228213505,-0.0023028024577886885,4,0.4111509323120117,0
1779941231.5738738,0.028942988137714565,34550.68271603014,0.3761958103553922,0.3749633374183007,-0.0012324729370915,1,0.7046493887901306,0
1779941231.6342378,0.020917999790981412,47805.718041508924,0.3842928027982026,0.38338194444444446,-0.0009108583537581483,2,0.47683730721473694,0
1779941231.6898494,0.018813996575772762,53151.91782737561,0.40928267548338776,0.4074023352396514,-0.0018803402437363448,2,0.4011836647987366,0
1779941231.7443738,0.014517994713969529,68880.03610014945,0.42378439457380174,0.4231309742647059,-0.0006534203090958202,1,0.3453323543071747,0
1779941231.8092005,0.017037003999575973,58695.76599412013,0.4287491489651416,0.42651644199346406,-0.002232706971677545,1,0.479392409324646,0
1779941231.855888,0.01139499363489449,87757.83752416806,0.4269994723583878,0.4247713609749455,-0.0022281113834423105,1,0.29719677567481995,0
1779941231.9028215,0.016480000340379775,60679.610397201934,0.42932000612745097,0.4274697031590414,-0.0018503029684095451,1,0.2976295053958893,0
1779941231.9502227,0.0119420001283288,83738.06642555639,0.43501328890931373,0.432541087962963,-0.0024722009463507555,1,0.5493075251579285,0
1779941231.9895825,0.011752999853342772,85084.66029765,0.43598386863425925,0.4334208026960784,-0.002563065938180842,1,0.3438458740711212,0
1779941232.0252538,0.006457994459196925,154846.83461997792,0.43520198035811547,0.4335198461328976,-0.0016821342252178462,0,0.0,0
1779941232.0559807,0.006911010132171214,144696.6479393415,0.43292017293028323,0.4301845894607843,-0.0027355834694989256,1,0.2826111316680908,0
1779941232.1022928,0.007812996045686305,127991.87330347081,0.42995806951252724,0.4281288636982571,-0.0018292058142701517,0,0.0,0
1779941232.1411474,0.015630997950211167,63975.441823053305,0.42753412649782135,0.4256907339324619,-0.0018433925653594807,0,0.0,0
1779941232.1793754,0.009323004633188248,107261.55776434744,0.4250817674291939,0.4231175108932462,-0.001964256535947728,0,0.0,0
1779941232.216743,0.010300995199941099,97077.99883313391,0.4230142803649237,0.42089952682461873,-0.002114753540304992,0,0.0,0
1779941232.2521012,0.006350994226522744,157455.66195350073,0.42064296960103487,0.41843695533769065,-0.0022060142633442137,0,0.0,0
1779941232.2882648,0.0072270049713552,138369.9062009198,0.4185363179125817,0.4161686070261438,-0.002367710886437946,0,0.0,0
1779941232.3246183,0.006533999112434685,153045.62838047007,0.4159091222426471,0.41338701661220045,-0.002522105630446636,0,0.0,0
1779941232.3535783,0.006287998985499144,159033.10453868014,0.41279832175925923,0.4101347188180828,-0.0026636029411764572,0,0.0,0
1779941232.3837097,0.00506998912896961,197239.08169468466,0.40951023794934643,0.4067041802832244,-0.0028060576661220193,0,0.0,0
1779941232.4184873,0.006707996362820268,149075.81130225395,0.4058915313521242,0.40292071759259257,-0.002970813759531621,0,0.0,0
1779941232.447676,0.005696987500414252,175531.36634533352,0.4028802168436819,0.39975772739651416,-0.0031224894471677533,0,0.0,0
1779941232.4770498,0.006563990609720349,152346.34835082493,0.39944945278458605,0.39633411628540305,-0.003115336499182997,0,0.0,0
1779941232.5072796,0.006514004780910909,153515.39239431775,0.3985380029616013,0.3954874387254902,-0.0030505642361111085,0,0.0,0
1779941232.5381935,0.006339003448374569,157753.5030772727,0.3978615706699346,0.4058450605936819,0.007983489923747311,1,0.3177480697631836,0
1779941232.567136,0.005466994480229914,182915.86055487386,0.3986957805691721,0.39562283837145973,-0.0030729421977123694,0,0.0,0
1779941232.6001487,0.006900998414494097,144906.56857704968,0.3994359511165577,0.3963668641067538,-0.003069087009803906,0,0.0,0
1779941232.6347592,0.005640991730615497,177273.792934791,0.3991746025667211,0.3961261233660131,-0.0030484792007079986,0,0.0,0
1779941232.6763282,0.0073599949246272445,135869.65891157134,0.3989509718818083,0.39590003744553376,-0.0030509344362745217,0,0.0,0
1779941232.7048328,0.005555004463531077,180017.85715296134,0.39861300040849673,0.3955527471405229,-0.0030602532679738226,0,0.0,0
1779941232.7336779,0.006314003258012235,158378.12543587733,0.40193668300653596,0.3988222698801743,-0.0031144131263616814,0,0.0,0
1779941232.7680655,0.006133996066637337,163025.8626083862,0.4040072465618192,0.40093828295206974,-0.0030689636097494533,0,0.0,0
1779941232.8019116,0.0072599941631779075,137741.15757171233,0.40644246153322444,0.40336511097494554,-0.003077350558278902,0,0.0,0
1779941232.8372598,0.005887995939701796,169837.0736394642,0.4074602907135076,0.404354200708061,-0.0031060900054465934,0,0.0,0
1779941232.8682134,0.0060219899751245975,166058.0645485564,0.409248731958061,0.4052377961601307,-0.004010935797930271,1,0.35781916975975037,0
1779941232.9087493,0.007570997695438564,132082.98829657392,0.4090276543777233,0.4059110498366013,-0.0031166045411220034,0,0.0,0
1779941232.946445,0.007597001967951655,131630.87283885822,0.40979215175653594,0.40668569580610026,-0.0031064559504356826,0,0.0,0
1779941232.9912927,0.018099002772942185,55251.66289796857,0.4108676598243464,0.4070240672657952,-0.003843592558551212,1,0.3421398401260376,0
1779941233.0274458,0.007991999154910445,125125.13835609953,0.4144221941380719,0.41063541666666664,-0.003786777471405267,1,0.3948255181312561,0
1779941233.0655105,0.006372996722348034,156912.05308380656,0.4170556321486928,0.41329798134531587,-0.003757650803376922,1,0.29284733533859253,0
1779941233.1032271,0.010799005394801497,92601.12051443063,0.41677653101171025,0.4136135280501089,-0.0031630029616013244,0,0.0,0
1779941233.1336842,0.006328991730697453,158003.0504937633,0.4149065095656318,0.4257124012799564,0.010805891714324611,1,0.32963067293167114,0
1779941233.1683283,0.007291004294529557,137155.31627793724,0.4141718537241285,0.4109845281862745,-0.003187325537854002,0,0.0,0
1779941233.199354,0.005802998202852905,172324.71302651343,0.41349579588779956,0.4241940699891068,0.010698274101307248,1,0.26678499579429626,0
1779941233.2483327,0.01766601053532213,56605.87589940354,0.409996502246732,0.40681347017973857,-0.003183032066993441,0,0.0,0
1779941233.2906442,0.011494004866108298,87001.87720893016,0.4023239038671024,0.4132240093954248,0.010900105528322435,1,0.3590414524078369,0
1779941233.3195903,0.006795002263970673,147166.98555088456,0.39933349077478214,0.39612254901960786,-0.003210941755174279,0,0.0,0
1779941233.3502638,0.005270994734019041,189717.51072828667,0.3932677228009259,0.40427862881263615,0.01101090601171023,1,0.2736668884754181,0
1779941233.3802502,0.007007998647168279,142694.09147275877,0.3809067648760893,0.3777423236655773,-0.0031644412105120145,0,0.0,0
1779941233.4086492,0.005586000042967498,179018.9746344437,0.3715912309368192,0.3684504187091503,-0.0031408122276688766,0,0.0,0
1779941233.4372556,0.0070590031100437045,141663.06267483832,0.3659039479507081,0.3627396003540305,-0.0031643475966775525,0,0.0,0
1779941233.4679341,0.006310991011559963,158453.71957720758,0.3627376174428104,0.3595368157679738,-0.0032008016748366064,0,0.0,0
1779941233.501365,0.006148999091237783,162628.0936396596,0.3605410922181373,0.3573821146514161,-0.0031589775667211772,0,0.0,0
1779941233.533834,0.006209011189639568,161056.24059248148,0.3612171585648148,0.3580709422657952,-0.0031462162990195663,0,0.0,0
1779941233.570135,0.006551999831572175,152625.1565485841,0.3642015888820806,0.3610536151960785,-0.0031479736860021146,0,0.0,0
1779941233.6022215,0.005669004167430103,176397.8241090841,0.3635407049972767,0.37327210988562093,0.00973140488834423,1,0.2651384174823761,0
1779941233.6411047,0.008018003427423537,124719.32807857812,0.3619280535130719,0.3729024884259259,0.010974434912853992,1,0.29054975509643555,0
1779941233.6789238,0.005857000360265374,170735.8611046237,0.3602606634667756,0.37139530569172113,0.011134642224945535,1,0.28606659173965454,0
1779941233.721852,0.007869995897635818,127064.86928416374,0.3600274671500545,0.37077442470043576,0.010746957550381242,1,0.2654227912425995,0
1779941233.7692525,0.011837997590191662,84473.74586632346,0.36018034705201524,0.3697548508986928,0.009574503846677573,1,0.2791438400745392,0
1779941233.8072486,0.00866700429469347,115380.12051202837,0.3589614906726579,0.37462825095315905,0.015666760280501124,1,0.2574734091758728,0
1779941233.928625,68.5492969932966,14.588041655595529,0.3489245046977124,0.6212570125272331,0.2723325078295207,0,0.0,0
1779941234.0510328,61.71045500377659,16.204709557542582,0.34142328346269063,0.6154799836601307,0.27405670019744005,1,0.309796005487442,0
1779941234.1596165,51.79389000113588,19.30729667105655,0.3277114098243464,0.5990513344226579,0.2713399245983115,1,0.31457772850990295,0
1779941234.2961137,67.64641001063865,14.78275047918628,0.3062960750272331,0.5721032135076253,0.26580713848039217,0,0.0,0
1779941234.434808,63.54219499917235,15.737574064179325,0.26253090107570803,0.5355327478213507,0.2730018467456427,0,0.0,0
1779941234.5730727,69.09170000290032,14.473518526219822,0.22168455116421568,0.5132075163398693,0.29152296517565357,0,0.0,0
1779941234.6842558,50.96469999989495,19.62142424074038,0.2010484026075708,0.5077733183551197,0.30672491574754895,0,0.0,0
1779941234.818154,61.817506008083,16.17664743493929,0.1730232247412854,0.48300330201525055,0.30998007727396515,0,0.0,0
1779941234.93036,52.16853000456467,19.168644389874537,0.14604959405637255,0.4553423713235294,0.30929277726715687,0,0.0,0
1779941235.0431643,52.66955400293227,18.986300889206827,0.14246465226715688,0.4485350115740741,0.30607035930691723,0,0.0,0
1779941235.1637506,55.53712500841357,18.00597347897475,0.14235494110838778,0.448534092456427,0.3061791513480392,0,0.0,0
1779941235.2935793,62.96655899495818,15.881445897020853,0.14196767769607843,0.4498372821350763,0.30786960443899786,0,0.0,0
1779941235.4111307,50.773042006767355,19.695491159791324,0.14657301028050107,0.4600236077069717,0.31345059742647063,0,0.0,0
1779941235.5324323,51.370703993598,19.466347981616597,0.15652093971269063,0.4814701456971678,0.3249492059844772,0,0.0,0
1779941235.6407819,49.97693000768777,20.00923225668671,0.16869270407815906,0.5022704588779957,0.33357775479983665,0,0.0,0
1779941235.7692497,53.482656003325246,18.697650317475365,0.16279298151552288,0.49449065563725486,0.331697674121732,0,0.0,0
1779941235.8999043,64.35469599091448,15.538881578139671,0.1553636471949891,0.4807843647875817,0.3254207175925926,0,0.0,0
1779941236.03814,65.32814199454151,15.307338758900489,0.15314117391748366,0.4737750714869281,0.32063389756944444,0,0.0,0
1779941236.1619983,59.46137999126222,16.817638610926096,0.15047906454248364,0.46566193491285407,0.3151828703703704,0,0.0,0
1779941236.287369,65.14928500109818,15.349362621295747,0.14925044253812636,0.4614510314542484,0.312200588916122,0,0.0,0
1779941236.4094224,60.677008994389325,16.48070688672983,0.14840256501906318,0.4585648148148148,0.31016224979575163,0,0.0,0
1779941236.5260353,50.84918400098104,19.66599896629033,0.1512601868872549,0.4634520526960785,0.3121918658088236,0,0.0,0
1779941236.6539214,57.13420499523636,17.5026501214706,0.1553938376565904,0.47301754833877996,0.31762371068218953,0,0.0,0
1779941236.78525,65.28711300052237,15.316958493661666,0.15975406369144882,0.4824263003812636,0.3226722366898148,0,0.0,0
1779941236.914571,62.47706299473066,16.005874029071123,0.16286562585103484,0.489364447167756,0.32649882131672114,0,0.0,0
1779941237.02645,52.179689999320544,19.164544672707358,0.16481433823529412,0.49344492102396514,0.328630582788671,0,0.0,0
1779941237.1512017,64.13870700635016,15.591209219434269,0.1675600745506536,0.4988843954248366,0.33132432087418295,0,0.0,0
1779941237.2723794,60.79474299622234,16.44879064727912,0.17081307019335512,0.5055337009803921,0.33472063078703695,0,0.0,0
1779941237.399586,61.84925400884822,16.168343758146847,0.17139824601715686,0.5062898454520698,0.3348915994349129,0,0.0,0
1779941237.5194767,60.24136800260749,16.59988863394862,0.1707904879833878,0.504821418845316,0.33403093086192814,0,0.0,0
1779941237.6535196,64.61603699426632,15.476034224889629,0.17182438895697166,0.5072021888616558,0.33537779990468414,0,0.0,0
1779941237.7579827,50.30903399165254,19.877145726271024,0.17193981055964053,0.507686087282135,0.3357462767224945,0,0.0,0
1779941237.8906834,73.31464499293361,13.63983962680832,0.17213842507489108,0.508211141748366,0.33607271667347494,0,0.0,0
1779941238.018157,55.49503400106914,18.019630368741364,0.17252457363153595,0.5093975354030501,0.33687296177151416,0,0.0,0
1779941238.1550124,65.21759399038274,15.33328567974256,0.17288378267973856,0.5100420241013072,0.3371582414215686,0,0.0,0
1779941238.2947578,71.17125199874863,14.050616954407133,0.17301704197303922,0.5097872412854031,0.33677019931236385,0,0.0,0
1779941238.429303,64.9674179876456,15.392330971044023,0.17142448342184094,0.5059352873093682,0.3345108038875273,0,0.0,0
1779941238.5410647,50.09808899194468,19.960841224119168,0.17001625051062091,0.5028259293300654,0.3328096788194445,0,0.0,0
1779941238.6644561,64.75705599586945,15.442332648102244,0.16683191636029412,0.49752204180283227,0.3306901254425382,0,0.0,0
1779941238.791544,61.251567996805534,16.326112664612165,0.1625001531862745,0.48902367578976036,0.3265235226034858,0,0.0,0
1779941238.9040523,49.037081000278704,20.3927309619901,0.1606513437840414,0.4821420377178649,0.3214906939338235,0,0.0,0
1779941239.0328307,55.37971999729052,18.057151608006063,0.16013832720588236,0.47875212758714597,0.31861380038126363,0,0.0,0
1779941239.1552367,61.244142008945346,16.328092241931312,0.1580609170751634,0.4737012697440087,0.3156403526688453,0,0.0,0
1779941239.29052,70.28449200151954,14.22788970258731,0.15730244502314816,0.4732382897603486,0.31593584473720043,0,0.0,0
1779941239.4089353,51.429868006380275,19.44395423834147,0.15777895220588234,0.4747413024237473,0.31696235021786495,0,0.0,0
1779941239.522892,50.88535899994895,19.652018176800194,0.158351766748366,0.4771016305827887,0.3187498638344227,0,0.0,0
1779941239.6488338,64.97250001120847,15.391127012620556,0.1584965703295207,0.4779894812091503,0.3194929108796296,0,0.0,0
1779941239.7601347,50.74027999944519,19.708208153580042,0.15868131297657953,0.4787632591230937,0.3200819461465142,0,0.0,0
1779941239.8894866,64.67389900353737,15.462188230607598,0.15952824584694988,0.47976584626906316,0.32023760042211324,0,0.0,0
1779941240.0065188,52.15380201116204,19.174057526735602,0.15877091418164488,0.47856605732570806,0.3197951431440632,0,0.0,0
1779941240.1416821,64.63991399505176,15.470317613302377,0.15708822252859475,0.4764203431372549,0.3193321206086601,0,0.0,0
1779941240.2793138,67.17856900650077,14.885699632917628,0.15774177900326797,0.4774431338507625,0.3197013548474945,0,0.0,0
1779941240.409988,65.05380099406466,15.37189195280438,0.15484580099400871,0.47199664692265797,0.3171508459286493,0,0.0,0
1779941240.5509577,74.2156479973346,13.474247372143328,0.15304962384259257,0.46954261982570805,0.3164929959831155,0,0.0,0
1779941240.6554832,52.19882499659434,19.1575193515418,0.1525861970656318,0.4684468443627451,0.3158606472971133,0,0.0,0
1779941240.78295,64.01555299817119,15.621203803840736,0.1557205584490741,0.47423842592592597,0.31851786747685185,0,0.0,0
1779941240.904826,63.598377993912436,15.723671444823937,0.1536550925925926,0.470151075708061,0.31649598311546834,0,0.0,0
1779941241.0444756,71.26668099954259,14.03180260360965,0.15289502485021786,0.4681154003267974,0.31522037547657955,0,0.0,0
1779941241.1831915,66.82264199480414,14.964987467537664,0.15274502995642703,0.46705804057734207,0.31431301062091505,0,0.0,0
1779941241.3131518,64.72244900942314,15.450589637830404,0.1541606413398693,0.4696325912309368,0.3154719498910675,0,0.0,0
1779941241.448514,73.19675000326242,13.661808754561227,0.15443441074346403,0.469705967456427,0.315271556712963,0,0.0,0
1779941241.578125,63.49885600502603,15.748315212495301,0.15551440376497822,0.47243986587690634,0.3169254621119281,0,0.0,0
1779941241.7105176,66.1794799962081,15.110423957052808,0.1576439014842048,0.4751283020152505,0.31748440053104576,0,0.0,0
1779941241.8353367,61.366874986561015,16.29543626295121,0.15780854694308277,0.472327818627451,0.3145192716843682,0,0.0,0
1779941241.9508142,59.920535000856034,16.688769550968026,0.1583402692674292,0.47225207652505446,0.31391180725762524,0,0.0,0
1779941242.0657544,53.69751500256825,18.622835711339192,0.15934034586056645,0.47276538671023965,0.3134250408496732,0,0.0,0
1779941242.2039888,67.35799901071005,14.846046715862183,0.15570087401279958,0.46561575776143793,0.30991488374863835,0,0.0,0
1779941242.338465,64.16981300571933,15.583651457903919,0.15065942010484748,0.4587476851851852,0.3080882650803377,0,0.0,0
1779941242.4699764,64.35230901115574,15.539457952109315,0.1467996663943355,0.4533182359749455,0.30651856958061,0,0.0,0
1779941242.5873518,57.01677699107677,17.538697428591973,0.1443556304466231,0.4471667517701525,0.3028111213235294,0,0.0,0
1779941242.7109146,64.86581999342889,15.416439661154413,0.14377316942401963,0.44354331767429195,0.2997701482502723,0,0.0,0
1779941242.836044,53.64123599429149,18.642374312672814,0.14513373587282133,0.4457696929466231,0.30063595707380175,0,0.0,0
1779941242.977857,73.62730300519615,13.581918108957845,0.14660362200435728,0.4606277913943355,0.31402416938997824,1,0.34216785430908203,0
1779941243.104744,66.34477799525484,15.072776339254954,0.1488412181712963,0.45350437431917207,0.30466315614787576,0,0.0,0
1779941243.2381752,66.26554299145937,15.090799152266586,0.1571343486179194,0.4756627689270152,0.3185284203090958,1,0.30488261580467224,0
1779941243.3717957,72.05718899786007,13.877865816132484,0.19309905194716775,0.49386461737472764,0.3007655654275599,0,0.0,0
1779941243.509562,71.75491700763814,13.936327177321553,0.22452122906454247,0.5192902028867102,0.29476897382216777,0,0.0,0
1779941243.6435256,62.1323749946896,16.094668843505,0.24934120115059913,0.5384998808551198,0.2891586797045207,0,0.0,0
1779941243.7692554,64.79643800412305,15.432947100215127,0.2637886071963507,0.5496785471132898,0.28588993991693906,0,0.0,0
1779941243.8972003,54.148024995811284,18.46789425980646,0.269454801538671,0.5540118464052287,0.2845570448665577,0,0.0,0
1779941244.0291967,64.10728199989535,15.598851937001983,0.27183842252178647,0.5558677491830065,0.28402932666122005,0,0.0,0
1779941244.1643507,71.07854601053987,14.068942826316611,0.2784758859272876,0.5628178615196079,0.2843419755923203,0,0.0,0
1779941244.2849245,62.52110100467689,15.994599965941019,0.27540526705473856,0.5628049768518518,0.28739970979711327,0,0.0,0
1779941244.4056165,50.45390500163194,19.8200714090942,0.2907148352396514,0.5838502859477124,0.29313545070806096,1,0.3119889199733734,0
1779941244.523161,49.97544600337278,20.009826424210626,0.3046380633850762,0.5930399135348584,0.2884018501497822,1,0.4871087074279785,0
1779941244.6438317,53.982012992491946,18.52468895776607,0.3248011216639433,0.5966461907679739,0.27184506910403056,0,0.0,0
1779941244.7614431,63.391373012564145,15.775017206234047,0.33287451916530497,0.600330763208061,0.26745624404275603,0,0.0,0
1779941244.8826308,68.86899399978574,14.52032245458836,0.34248543879357296,0.6128898080065359,0.27040436921296296,1,0.28496411442756653,0
1779941245.008386,74.69212899741251,13.388291556592824,0.3490299181304466,0.6074882897603485,0.25845837162990193,0,0.0,0
1779941245.0393412,0.006639995262958109,150602.51707988436,0.35004890897331153,0.3705952478213508,0.020546338848039247,1,0.29729679226875305,0
1779941245.0699928,0.007416994776576757,134825.49605644192,0.35099483847358387,0.3830301266339869,0.03203528816040302,2,0.3259028196334839,0
1779941245.1009471,0.006250003934837878,159999.89926821375,0.35143319376361654,0.3644187602124183,0.012985566448801777,1,0.2814931869506836,0
1779941245.1315088,0.005872992915101349,170270.93586792503,0.3507883220996732,0.3518449074074074,0.0010565853077342258,0,0.0,0
1779941245.2459111,60.850270005175844,16.43378081830929,0.3499790432666122,0.6153694342320262,0.26539039096541395,1,0.33497154712677,0
1779941245.3579042,60.6699350028066,16.482628503784287,0.3465923160062636,0.6010928819444444,0.2545005659381808,0,0.0,0
1779941245.469191,59.35951700666919,16.846498260550998,0.34391805385348584,0.6057931815087146,0.2618751276552288,1,0.288514643907547,0
1779941245.5897782,69.46205999702215,14.396348165356313,0.34047920921840963,0.5949363936546841,0.25445718443627446,0,0.0,0
1779941245.6933386,53.41702900477685,18.7206218434682,0.33661133238017427,0.5905940053104576,0.2539826729302833,0,0.0,0
1779941245.8087947,61.84136599767953,16.170406068286443,0.33481336380038124,0.5957264773965142,0.26091311359613295,1,0.4980740547180176,0
1779941245.9240813,63.435981996008195,15.763924014968769,0.33632695057189543,0.590881995506536,0.25455504493464054,0,0.0,0
1779941246.0454423,70.92330399609637,14.099737937406868,0.33728054789624184,0.5914138922930283,0.2541333443967865,0,0.0,0
1779941246.1584556,61.91171800310258,16.15203118656612,0.33798442180691723,0.5913735362200435,0.2533891144131263,0,0.0,0
1779941246.2574713,48.503198006073944,20.617197238721708,0.3203260144335512,0.5703560900054466,0.25003007557189544,0,0.0,0
1779941246.3691306,56.33713401039131,17.75028172032236,0.32076393569580613,0.5714979234749455,0.2507339877791394,0,0.0,0
1779941246.482134,60.052708999137394,16.65203812894376,0.32102130140250545,0.5722569444444444,0.25123564304193896,0,0.0,0
1779941246.5805082,45.85046699503437,21.810028676661037,0.321382535913671,0.5726928444989107,0.2513103085852397,0,0.0,0
1779941246.698773,66.6771760006668,14.997635772546808,0.3221787811478758,0.5730573086873638,0.250878527539488,0,0.0,0
1779941246.8019753,50.79550700611435,19.686780562690874,0.32351142088779955,0.574441244553377,0.2509298236655774,0,0.0,0
1779941246.9228387,69.79566998779774,14.327536366866719,0.3229682904411765,0.5727126395697167,0.24974434912854027,0,0.0,0
1779941247.0138993,40.371162991505116,24.77015587117021,0.32296334167347496,0.5728252144607843,0.2498618727873093,0,0.0,0
1779941247.117792,50.8743739919737,19.656261522898877,0.3237348600898693,0.5743484647331154,0.2506136046432461,0,0.0,0
1779941247.2222667,52.71293500845786,18.97067579028845,0.32525783803104574,0.575029020288671,0.24977118225762523,0,0.0,0
1779941247.342656,69.52173099853098,14.38399167623042,0.3256796747344771,0.5741970486111111,0.24851737387663397,0,0.0,0
1779941247.4326947,38.50039299868513,25.97376084015953,0.3254600396582244,0.5743250272331155,0.24886498757489112,0,0.0,0
1779941247.535741,50.71424999914598,19.718323745630467,0.3244260833673747,0.5740092422385621,0.24958315887118737,0,0.0,0
1779941247.638076,48.36428500129841,20.6764144238492,0.3216458971609477,0.5837991727941177,0.26215327563317004,1,0.2937822639942169,0
1779941247.7356932,45.54402899520937,21.95677506057241,0.31983596728622005,0.5718220145697167,0.25198604728349666,0,0.0,0
1779941247.840332,52.68064700067043,18.98230293161118,0.31804501974400873,0.5721025667211329,0.2540575469771242,0,0.0,0
1779941247.932377,39.24780699890107,25.479130592646865,0.31598957907815906,0.5712512595315904,0.25526168045343134,0,0.0,0
1779941248.0356221,50.99084199173376,19.611364726279913,0.3168832465277778,0.5722540849673202,0.25537083843954245,0,0.0,0
1779941248.1380146,49.475776992039755,20.211910975362585,0.3208874208537582,0.5752966537309367,0.25440923287717854,0,0.0,0
1779941248.2328315,43.14134300511796,23.17962145687879,0.3242014527165033,0.5766647943899782,0.2524633416734749,0,0.0,0
1779941248.3372774,50.39793500327505,19.842082814206893,0.32709298832380174,0.5789119349128541,0.25181894658905235,0,0.0,0
1779941248.4420118,49.12954900646582,20.35434927091214,0.3278260059232026,0.5806991251361656,0.252873119212963,0,0.0,0
1779941248.5586762,60.73713599471375,16.464391736993242,0.3257941899850218,0.580543828295207,0.2547496383101852,0,0.0,0
1779941248.6639295,46.497338989865966,21.50660708170738,0.32461704282407405,0.5802219158496732,0.25560487302559914,0,0.0,0
1779941248.7875676,60.152111007482745,16.62452045740511,0.32510192844498914,0.5811234000544663,0.25602147160947714,0,0.0,0
1779941248.9019551,50.04831099358853,19.98069425615793,0.31746141407952067,0.5750386199618737,0.257577205882353,0,0.0,0
1779941249.0320997,62.74744500115048,15.936903884798255,0.3080729124114924,0.5662774714052287,0.2582045589937363,0,0.0,0
1779941249.1654441,57.70243100414518,17.330292374131737,0.2977576508033769,0.5663385586873638,0.2685809078839869,1,0.45727941393852234,0
1779941249.307139,62.547552995965816,15.987835688224251,0.28832963133169937,0.5466758918845316,0.2583462605528322,0,0.0,0
1779941249.4422212,51.74623201310169,19.325078582471644,0.28354754306236385,0.5434296875,0.25988214443763613,0,0.0,0
1779941249.5761483,51.35065699869301,19.4739475295409,0.2830256927423747,0.5436452376089325,0.26061954486655775,0,0.0,0
1779941249.7262588,63.14496400591452,15.836575659562246,0.2817549189814815,0.5457904071350763,0.26403548815359484,0,0.0,0
1779941249.8862526,61.12321400723886,16.36039622984435,0.28489736945125277,0.5498278867102396,0.26493051725898686,0,0.0,0
1779941250.052409,53.66577899258118,18.633848586046636,0.2887064099945534,0.5641419355936819,0.2754355255991285,1,0.4051060080528259,0
1779941250.2180731,51.75287398742512,19.322598397974563,0.2941224043436819,0.5777054738562092,0.28358306951252726,2,0.35517412424087524,0
1779941250.385946,53.2772099977592,18.76975164506661,0.2911802576933551,0.5780786526416122,0.2868983949482571,1,0.4826570153236389,0
1779941250.5560794,54.75643300451338,18.262694356251686,0.2851707005718954,0.574931100217865,0.28976039964596956,0,0.0,0
1779941250.714861,42.92533500120044,23.296265479862516,0.29549716605392157,0.5830333946078431,0.2875362285539215,0,0.0,0
1779941250.862356,45.03979699802585,22.20258674886637,0.301465120336329,0.5864673713235293,0.28500225098720033,0,0.0,0
1779941251.0037308,42.30529900814872,23.637700795056027,0.30158929483251634,0.5881678070533769,0.28657851222086056,0,0.0,0
1779941251.1476364,42.05454999464564,23.778639888604665,0.30145758867783223,0.5911923508986928,0.2897347622208606,0,0.0,0
1779941251.2846518,40.335530997253954,24.792037572731598,0.29867923645152505,0.5949036458333333,0.2962244093818083,0,0.0,0
1779941251.4340043,50.82671600393951,19.674692339408498,0.29794009991149234,0.5988404139433551,0.30090031403186274,0,0.0,0
1779941251.584732,54.01377500675153,18.51379578403849,0.30730925330201525,0.6062080099400871,0.2988987566380718,0,0.0,0
1779941251.7452638,56.25199800124392,17.7771463331469,0.3186134940087146,0.6137216605392157,0.29510816653050115,0,0.0,0
1779941251.9097893,50.46628700802103,19.815208514172276,0.3263672938793573,0.6185114889705883,0.29214419509123096,0,0.0,0
1779941252.059035,45.1434479909949,22.151608804880777,0.3403701235702615,0.6257973515795207,0.2854272280092592,0,0.0,0
1779941252.1150482,0.016125995898619294,62011.67396338107,0.3509509889025055,0.36167946623093683,0.010728477328431352,1,0.2687678337097168,0
1779941252.1730814,0.015758996596559882,63455.81673761485,0.35485501770152506,0.36921709899237476,0.014362081290849704,1,0.2696242928504944,0
1779941252.22809,0.010679999832063913,93632.96027381581,0.3574726690155229,0.3714854813453159,0.014012812329793012,1,0.358358770608902,0
1779941252.281756,0.011493000783957541,87009.47809869169,0.35615859885620915,0.35276727600762525,-0.0033913228485838998,0,0.0,0
1779941252.3325183,0.010006013326346874,99939.90287489383,0.3603002876497821,0.35689465890522876,-0.0034056287445533573,0,0.0,0
1779941252.3827872,0.011697993613779545,85484.74490720007,0.3604654692606209,0.3570615298202614,-0.0034039394403594936,0,0.0,0
1779941252.4342191,0.010467003448866308,95538.3271712126,0.35832191670070807,0.3717944069989107,0.013472490298202633,1,0.26707950234413147,0
1779941252.483443,0.011969008482992649,83549.10947059224,0.36002971813725493,0.3734069308278867,0.013377212690631746,1,0.2641058564186096,0
1779941252.5300813,0.009352996130473912,106917.61079017259,0.3615516663262527,0.35834036288126364,-0.0032113034449890443,0,0.0,0
1779941252.5779402,0.012386997696012259,80729.81238399113,0.3604116115196078,0.35727415236928106,-0.00313745915032676,0,0.0,0
1779941252.6230044,0.011319003533571959,88346.99954231997,0.3605253310525599,0.3574437125544663,-0.00308161849809363,0,0.0,0
1779941252.6695578,0.01026899553835392,97380.50778823263,0.36317079418572984,0.37711248978758166,0.013941695601851822,1,0.27403080463409424,0
1779941252.7140732,0.011224998161196709,89086.87428180291,0.3617850030637255,0.35877166734749455,-0.0030133357162309693,0,0.0,0
1779941252.757952,0.009327006409876049,107215.53691022814,0.36066034773284317,0.3576694921023965,-0.002990855630446654,0,0.0,0
1779941252.79958,0.0090529938461259,110460.69587553467,0.3640524237472767,0.3610332924836601,-0.0030191312636165812,0,0.0,0
1779941252.8442793,0.015302997780963778,65346.6735285,0.36402894369553374,0.36100900394880175,-0.003019939746731981,0,0.0,0
1779941252.883948,0.008771996363066137,113999.13527215178,0.3626803342864924,0.3596961635348584,-0.0029841707516339855,0,0.0,0
1779941252.9238877,0.010905001545324922,91701.04156736315,0.36430261948529413,0.3613293334694989,-0.002973286015795218,0,0.0,0
1779941252.9641824,0.009056995622813702,110411.88951014794,0.3655810312840414,0.37944549972766883,0.013864468443627431,1,0.3565451204776764,0
1779941253.0042772,0.00971299596130848,102954.84565045426,0.3644088371459695,0.36155017701525055,-0.0028586601307189485,0,0.0,0
1779941253.0420055,0.011342999641783535,88160.10152344176,0.36367918538943356,0.3609028118191721,-0.002776373570261448,0,0.0,0
1779941253.0809243,0.00946599175222218,105641.33438688512,0.3641289190155229,0.3782009463507625,0.0140720273352396,1,0.3648730218410492,0
1779941253.1190722,0.008329006959684193,120062.3321412036,0.36598620472494553,0.36330867034313724,-0.0026775343818082886,0,0.0,0
1779941253.1561909,0.008643997716717422,115687.21241862525,0.3639789496527778,0.3614319682734205,-0.0025469813793572715,0,0.0,0
1779941253.1937978,0.007003996870480478,142775.62061951627,0.3633249548951525,0.3778297760076253,0.01450482111247281,1,0.35082462430000305,0
1779941253.229466,0.00908499350771308,110071.62516417968,0.364544134667756,0.36208125680827885,-0.0024628778594771306,0,0.0,0
1779941253.265212,0.006447997293435037,155086.91373337575,0.3664149007693355,0.36393937227668843,-0.0024755284926470944,0,0.0,0
1779941253.3044267,0.009228999260812998,108354.10988123844,0.36584742221541394,0.3803888378267974,0.014541415611383446,1,0.30694580078125,0
1779941253.347802,0.00744200951885432,134372.3086441238,0.36466450503812636,0.36231251702069717,-0.0023519880174291963,0,0.0,0
1779941253.391441,0.013836994185112417,72270.03109359734,0.36495531641476037,0.37971388208061,0.014758565665849654,1,0.3050629496574402,0
1779941253.4403987,0.010880001354962587,91911.75325946811,0.3679181772535403,0.36568921909041396,-0.002228958163126349,0,0.0,0
1779941253.4810784,0.008575996616855264,116604.52361123837,0.3669845324414488,0.3811496800108932,0.014165147569444425,1,0.25733816623687744,0
1779941253.5157096,0.007295995601452887,137061.48613917272,0.36625667211328977,0.36411648965141613,-0.002140182461873641,0,0.0,0
1779941253.5508387,0.007061011274345219,141622.7734451156,0.36698097937091506,0.3818441755174292,0.014863196146514157,1,0.3141045868396759,0
1779941253.585266,0.005451991455629468,183419.21628792124,0.3692446001838235,0.38347234136710234,0.014227741183278853,1,0.2666645050048828,0
1779941253.625343,0.007247988833114505,137969.30748999154,0.3682886199618736,0.3662212180010893,-0.0020674019607843097,0,0.0,0
1779941253.657262,0.005472000339068472,182748.5266878173,0.3682583486519608,0.38322235838779956,0.01496400973583878,1,0.2652510404586792,0
1779941253.690865,0.00687700230628252,145412.19494523725,0.3702744927832244,0.38451548883442266,0.014240996051198274,1,0.2684094309806824,0
1779941253.7218583,0.005859008524566889,170677.34170499817,0.3719236451525055,0.38675074891067535,0.014827103758169868,1,0.2590518295764923,0
1779941253.7524672,0.0065720087150111794,152160.47990257404,0.3716156598924292,0.36956939338235295,-0.0020462665100762223,0,0.0,0
1779941253.7920876,0.005729991244152188,174520.33648752293,0.37136520033360565,0.3861933551198257,0.014828154786220071,1,0.27868276834487915,0
1779941253.8223486,0.0066789943957701325,149723.1380570268,0.37199475762527234,0.3700260246459695,-0.001968732979302834,0,0.0,0
1779941253.8539417,0.005943002179265022,168265.12423114592,0.37466028816040303,0.389358864379085,0.01469857621868198,1,0.2958398759365082,0
1779941253.884412,0.006969014066271484,143492.32050481616,0.3753299887663399,0.3733342013888889,-0.001995787377450986,0,0.0,0
1779941253.9225678,0.007630005711689591,131061.50084107337,0.37433969907407405,0.37238056576797385,-0.0019591333061002025,0,0.0,0
1779941253.9526057,0.008023998816497624,124626.140016866,0.37402482043164487,0.38883700980392155,0.014812189372276685,1,0.3719465136528015,0
1779941253.9830203,0.006059999577701092,165016.51314955336,0.3752048228145425,0.37327646718409585,-0.001928355630446632,0,0.0,0
1779941254.0249248,0.006784001016058028,147405.63830001737,0.37715088848039213,0.3752008272058824,-0.0019500612745097512,0,0.0,0
1779941254.067627,0.0068920053308829665,145095.6509738923,0.37713970162717864,0.37519602736928104,-0.0019436742578975985,0,0.0,0
1779941254.116311,0.010617004591040313,94188.52477881564,0.37656341486247275,0.3746535947712418,-0.0019098200912309182,0,0.0,0
1779941254.1627994,0.013306998880580068,75148.42444748209,0.3769609332448257,0.37506185321350766,-0.0018990800313180567,0,0.0,0
1779941254.2066724,0.011579992133192718,86355.844503004,0.3803811572372004,0.3950580746187364,0.014676917381535981,1,0.3455658257007599,0
1779941254.2381916,0.005829992005601525,171526.82182740356,0.37997969005310456,0.37805478962418304,-0.0019249004289215166,0,0.0,0
1779941254.2683818,0.0063010083977133036,158704.75595031894,0.3787776373570262,0.37689905024509807,-0.0018785871119281206,0,0.0,0
1779941254.309027,0.007427006494253874,134643.7492378228,0.37855861502587146,0.376690853077342,-0.001867761948529445,0,0.0,0
1779941254.339808,0.006826987373642623,146477.49369813726,0.37949807240604577,0.3776087282135076,-0.001889344192538167,0,0.0,0
1779941254.3686886,0.006330999894998968,157952.93264653624,0.37860489855664486,0.37671789896514163,-0.0018869995915032356,0,0.0,0
1779941254.4078152,0.007601003744639456,131561.57181283348,0.37689653969226583,0.3750316755174292,-0.0018648641748366113,0,0.0,0
1779941254.440287,0.00541900226380676,184535.81514053777,0.37556536373229843,0.3737479404956427,-0.0018174232366557352,0,0.0,0
1779941254.4727676,0.006224989192560315,160642.84917877964,0.37574976171023966,0.37392864923747277,-0.0018211124727668948,0,0.0,0
1779941254.5014985,0.004816989530809224,207598.54128892126,0.3757349537037037,0.3738975183823529,-0.0018374353213507777,0,0.0,0
1779941254.5308228,0.006317000952549279,158302.9680558211,0.3733847060525599,0.3715580065359477,-0.0018266995166121847,0,0.0,0
1779941254.5628839,0.005783003871329129,172920.51367245003,0.3704316321146514,0.3686169662309368,-0.0018146658837145946,0,0.0,0
1779941254.6039007,0.007955008186399937,125706.9730876736,0.36830065784994553,0.3664692776416122,-0.0018313802083333441,0,0.0,0
1779941254.6332088,0.005348992999643087,186951.07659829152,0.36756430844907406,0.36569555078976035,-0.0018687576593137134,0,0.0,0
1779941254.6621375,0.006701011443510652,149231.20314447655,0.3660291394335512,0.36412908496732027,-0.001900054466230927,0,0.0,0
1779941254.69367,0.006218993803486228,160797.71609346554,0.36407281028730937,0.380155841503268,0.01608303121595861,1,0.32597488164901733,0
1779941254.7240596,0.0062820035964250565,159184.88180571512,0.3640553938589325,0.3621893892973856,-0.0018660045615468968,0,0.0,0
1779941254.7530038,0.005198002327233553,192381.59913102878,0.36586197065631804,0.3640215992647059,-0.001840371391612139,0,0.0,0
1779941254.7820365,0.006560003384947777,152438.94573203195,0.3680208078022876,0.36617224945533766,-0.0018485583469499134,0,0.0,0
1779941254.8171985,0.006775997462682426,147579.74829644168,0.36809462656590414,0.36626616966230935,-0.0018284569035947884,0,0.0,0
1779941254.850651,0.007340990123338997,136221.40654034243,0.36743064916939,0.3656378676470588,-0.0017927815223311994,0,0.0,0
1779941254.8820958,0.0059580052038654685,167841.41097278908,0.36727896071623095,0.3654844260620915,-0.0017945346541394236,0,0.0,0
1779941254.9166079,0.007246999302878976,137988.1462942511,0.36837431917211333,0.3849301130174292,0.016555793845315858,1,0.26657164096832275,0
1779941254.9514213,0.0062019971664994955,161238.3838873012,0.36826239532271243,0.38442378131808275,0.016161385995370314,1,0.4354621171951294,0
1779941254.9837973,0.006654998287558556,150262.99884546758,0.36661660879629626,0.364707788671024,-0.0019088201252722703,0,0.0,0
1779941255.0242972,0.007252994691953063,137874.08408136078,0.36490632233796294,0.3816465822440087,0.016740259906045774,1,0.3194463849067688,0
1779941255.0547788,0.007454000297002494,134156.15242222807,0.36569770816312636,0.36377170138888887,-0.0019260067742374876,0,0.0,0
1779941255.0932424,0.006713991751894355,148942.69116697228,0.3693994885280501,0.3674291938997821,-0.0019702946282679767,0,0.0,0
1779941255.1426408,0.008910996257327497,112220.89776748607,0.3718758212486383,0.38720635893246186,0.01533053768382353,1,0.2913973927497864,0
1779941255.1811013,0.00977001036517322,102354.03675360074,0.37376089750136166,0.3717033973311547,-0.0020575001702069495,0,0.0,0
1779941255.2201579,0.009748997399583459,102574.65039868886,0.37616328805827887,0.3740644403594771,-0.0020988476988017535,0,0.0,0
1779941255.2506995,0.006129004759714007,163158.626759928,0.3820357306985294,0.37974659586056647,-0.0022891348379629473,0,0.0,0
1779941255.2926383,0.008107002940960228,123350.14644530963,0.3837804159858388,0.3813963439542484,-0.002384072031590412,0,0.0,0
1779941255.3232524,0.006247995770536363,160051.32473291582,0.3852385365604575,0.4016777301198257,0.016439193559368237,1,0.29656490683555603,0
1779941255.3525667,0.0072590046329423785,137759.9341184961,0.387476051879085,0.3849459422657952,-0.0025301096132898104,0,0.0,0
1779941255.3842342,0.006203001248650253,161212.28416931172,0.3904947150735294,0.3879295683551198,-0.002565146718409572,0,0.0,0
1779941255.4173374,0.0069689995143562555,143492.6201300464,0.39167615145016343,0.3891136471949891,-0.002562504255174347,0,0.0,0
1779941255.458078,0.008889997843652964,112485.96654204506,0.39106611689814813,0.3885640829248366,-0.002502033973311557,0,0.0,0
1779941255.493579,0.006971997208893299,143430.9237422565,0.39050658700980395,0.38805414283769063,-0.0024524441721133217,0,0.0,0
1779941255.5341074,0.008457005606032908,118245.16224591808,0.39129574312363835,0.388884531590414,-0.0024112115332243778,0,0.0,0
1779941255.5641727,0.006785994628444314,147362.33297450302,0.39290668828295205,0.39048634940087146,-0.002420338882080597,0,0.0,0
1779941255.593261,0.00650499714538455,153727.96907520917,0.39266188810593683,0.39023537922113294,-0.0024265088848038907,0,0.0,0
1779941255.6388946,0.013009004760533571,76869.83119829257,0.3915370285266884,0.3890941074346405,-0.0024429210920479116,0,0.0,0
1779941255.6851451,0.007558992365375161,132292.76491673884,0.39133846507352943,0.38880654275599125,-0.002531922317538182,0,0.0,0
1779941255.7278326,0.011365002137608826,87989.42471738048,0.3981311189406318,0.4057270390795207,0.007595920138888879,1,0.2556041479110718,0
1779941255.7841144,0.013276992831379175,75318.2601437108,0.4021401526756536,0.3992606038943355,-0.002879548781318131,0,0.0,0
1779941255.827827,0.011644006008282304,85881.09618706025,0.4061498246868192,0.4031452035675381,-0.0030046211192811256,0,0.0,0
1779941255.8780978,0.02548999327700585,39231.08135544646,0.41453222443491283,0.4111281318082789,-0.0034040926266339366,0,0.0,0
1779941255.9177892,0.009904004400596023,100969.2604680002,0.41418598090277775,0.42072458809912855,0.006538607196350799,1,0.37879496812820435,0
1779941255.946792,0.005484995199367404,182315.5652196983,0.40974203431372547,0.4061029752178649,-0.0036390590958605418,0,0.0,0
1779941255.975605,0.007347000064328313,136109.97566956238,0.4039775582107843,0.40023713235294117,-0.0037404258578431215,0,0.0,0
1779941256.0055542,0.0060019956436008215,166611.25055400116,0.3993200827205883,0.39547317538126364,-0.0038469073393246345,0,0.0,0
1779941256.0357316,0.006209986167959869,161030.9544905998,0.39567020697167754,0.3917190733932462,-0.003951133578431354,0,0.0,0
1779941256.0643287,0.004778004949912429,209292.37421956376,0.38975693167892156,0.3858068831699346,-0.0039500485089869475,0,0.0,0
1779941256.093028,0.007365990313701332,135759.07073077737,0.3853857655909586,0.381518161083878,-0.003867604507080624,0,0.0,0
1779941256.1225324,0.006779999239370227,147492.6419155302,0.38489556951252724,0.3811363357843138,-0.0037592337282134625,0,0.0,0
1779941256.1525385,0.009215000318363309,108518.71572996448,0.3871986400462963,0.38344132965686273,-0.0037573103894335547,0,0.0,0
1779941256.1828508,0.006039001164026558,165590.29760697065,0.38897683908632896,0.38525740400326797,-0.0037194350830609957,0,0.0,0
1779941256.2171037,0.0065680069383233786,152253.18873601418,0.3888535071146514,0.38519709967320265,-0.003656407441448739,0,0.0,0
1779941256.2513964,0.005498994141817093,181851.43941061903,0.38900686785130717,0.38535333265250543,-0.0036535351988017384,0,0.0,0
1779941256.285556,0.007014998118393123,142551.71321828707,0.389568461499183,0.3859427934368192,-0.003625668062363807,0,0.0,0
1779941256.3170872,0.005331006832420826,187581.8267420785,0.3904848898760893,0.3868123127723312,-0.0036725771037581234,0,0.0,0
1779941256.3508902,0.00725399877410382,137854.99986158227,0.38817838967184093,0.3845030296840959,-0.0036753599877450416,0,0.0,0
1779941256.3893404,0.006417001713998616,155836.01884015574,0.3841337401279956,0.3804882046568627,-0.003645535471132888,0,0.0,0
1779941256.426075,0.007448004907928407,134264.14353399514,0.3812275411900871,0.37760510280501086,-0.0036224383850762543,0,0.0,0
1779941256.4551084,0.006451999070122838,154990.72289558797,0.38089029735157953,0.3772743395969499,-0.0036159577546296395,0,0.0,0
1779941256.4837642,0.00780100526753813,128188.60719928518,0.3823319376361656,0.3786671772875817,-0.003664760348583873,0,0.0,0
1779941256.5329804,0.014532997738569975,68808.9283428457,0.3822097545615468,0.37857244008714597,-0.0036373144744008545,0,0.0,0
1779941256.5735605,0.01027301186695695,97342.43598184589,0.3816334507761438,0.37800816993464054,-0.0036252808415032645,0,0.0,0
1779941256.6099327,0.00928599911276251,107689.00447401701,0.3819726690155229,0.3783598005174292,-0.0036128684980937242,0,0.0,0
1779941256.6410015,0.006867994670756161,145602.90855465978,0.38373212401279955,0.3800935287309368,-0.003638595281862722,0,0.0,0
1779941256.6822941,0.007208000170066953,138734.73590535604,0.38314390573937906,0.37949041734749456,-0.0036534883918845074,0,0.0,0
1779941256.7199905,0.008256000000983477,121124.03099332332,0.3811567478553921,0.3775318287037037,-0.0036249191516883883,0,0.0,0
1779941256.756778,0.007556009222753346,132344.9946287398,0.37959104796432463,0.39417356004901966,0.01458251208469502,1,0.36581411957740784,0
1779941256.7929437,0.007786991773173213,128419.29581139113,0.38187605528322444,0.3782305793845316,-0.0036454758986928515,0,0.0,0
1779941256.8238735,0.005770009011030197,173309.95464450005,0.38194363170615464,0.39646149918300655,0.014517867476851909,1,0.29387328028678894,0
1779941256.8541915,0.00693100446369499,144279.231854208,0.38175801249319175,0.37814746732026144,-0.0036105451729303017,0,0.0,0
1779941256.8924947,0.006162008503451943,162284.74846144763,0.3828827359068627,0.37929130923202614,-0.003591426674836584,0,0.0,0
1779941256.9236085,0.007363007171079516,135814.07389195662,0.3883344098924292,0.384695516748366,-0.003638893144063182,0,0.0,0
1779941256.9558704,0.005413006874732673,184740.2050545864,0.3922256561478758,0.3885153696895425,-0.003710286458333323,0,0.0,0
1779941256.9892142,0.012913995306007564,77435.36963613438,0.3923856932529956,0.40045099741285406,0.008065304159858455,1,0.2517164945602417,0
1779941257.0224602,0.005402995157055557,185082.52754847278,0.39228207550381267,0.4063257080610022,0.014043632557189545,1,0.3997182846069336,0
1779941257.0525074,0.006264992407523096,159617.11283148327,0.3936924360021787,0.40759557121459694,0.01390313521241826,1,0.3069636821746826,0
1779941257.0927255,0.007291993824765086,137136.7041759961,0.3963228741149238,0.4102925687636166,0.013969694648692799,1,0.34357333183288574,0
1779941257.1244893,0.006760004907846451,147928.8866845767,0.3977382386982571,0.3939237642973856,-0.0038144744008714593,0,0.0,0
1779941257.1549234,0.005570007488131523,179532.97228608452,0.39765365008850767,0.3938537411492375,-0.00379990893927018,0,0.0,0
1779941257.1850715,0.006663001840934157,150082.50393336217,0.39812317878540304,0.39430884055010895,-0.0038143382352940902,0,0.0,0
1779941257.220892,0.006171001587063074,162048.24871482875,0.40066740706699344,0.40961186002178646,0.008944452954793014,1,0.4107142686843872,0
1779941257.2616584,0.012147997040301561,82318.09710542834,0.4038566261574074,0.4116119621459695,0.007755335988562095,1,0.25936388969421387,0
1779941257.2912066,0.0050140079110860825,199441.24894358023,0.40519729541122,0.4012356345315904,-0.003961660879629625,0,0.0,0
1779941257.3209333,0.007224007276818156,138427.3245694257,0.4054126668028322,0.4014930895969499,-0.003919577205882319,0,0.0,0
1779941257.3523407,0.005923007847741246,168833.13777498243,0.4062686036220044,0.4024035607298475,-0.003865042892156889,0,0.0,0
1779941257.3871737,0.007005000952631235,142755.15546138186,0.40879653884123096,0.4147342898965142,0.0059377510552832136,1,0.2882011830806732,0
1779941257.4175897,0.0058480072766542435,170998.41923796633,0.41110676657815903,0.4072498468137255,-0.0038569197644335307,0,0.0,0
1779941257.4586012,0.008110000635497272,123304.5526066946,0.4105772782203159,0.40684286492374727,-0.0037344132965686505,0,0.0,0
1779941257.4888113,0.005697002052329481,175530.91798362686,0.40980452154820257,0.40616727941176467,-0.0036372421364379015,0,0.0,0
1779941257.5247886,0.00664399703964591,150511.80697896497,0.4083214316108388,0.4146794662309368,0.006358034620098041,1,0.31907352805137634,0
1779941257.5622487,0.008660004823468626,115473.3767918926,0.4075072891135621,0.4217563316993464,0.0142490425857843,1,0.2961345613002777,0
1779941257.5919366,0.006613001460209489,151217.26586891175,0.40516530501089326,0.40181231277233115,-0.0033529922385621136,0,0.0,0
1779941257.6331673,0.006474001565948129,154463.97252354515,0.4019347766884531,0.39871951593137256,-0.0032152607570805625,0,0.0,0
1779941257.664803,0.007417998858727515,134807.24640763024,0.3992859094158497,0.3961835682189543,-0.0031023411968953973,0,0.0,0
1779941257.706628,0.011526004527695477,86760.33378237282,0.3981234085648148,0.3951034007352941,-0.003020007829520721,0,0.0,0
1779941257.7409198,0.015419005649164319,64855.02520418352,0.3979426870574619,0.39495901416122003,-0.0029836728962418513,0,0.0,0
1779941257.771169,0.006287998985499144,159033.10453868014,0.39653728809232025,0.39357601443355117,-0.0029612736587690813,0,0.0,0
1779941257.8014684,0.0065019994508475065,153798.8441185818,0.3959724009395425,0.39301456971677556,-0.002957831222766938,0,0.0,0
1779941257.82994,0.0052480027079582214,190548.68216503994,0.3960894863153595,0.3931263446350763,-0.002963141680283221,0,0.0,0
1779941257.8590465,0.006417991244234145,155811.99193725752,0.3974828516476035,0.3944669628267974,-0.003015888820806112,0,0.0,0
1779941257.889232,0.006179005140438676,161838.35055508715,0.39853653492647056,0.39544645288671026,-0.0030900820397603,0,0.0,0
1779941257.9196525,0.006510003004223108,153609.76014162964,0.39786799172794113,0.39477907135076257,-0.003088920377178561,0,0.0,0
1779941257.9517832,0.005998997949063778,166694.50606431082,0.39685835801334424,0.3938065257352941,-0.003051832278050115,0,0.0,0
1779941257.985706,0.00677400385029614,147623.18151860556,0.39685697082652505,0.39382254221132895,-0.003034428615196094,0,0.0,0
1779941258.019646,0.00519900640938431,192344.44454520772,0.39784394573801746,0.3948079044117647,-0.0030360413262527364,0,0.0,0
1779941258.0535305,0.00800799170974642,124875.25415178855,0.3981200937840414,0.39507596337145967,-0.003044130412581725,0,0.0,0
1779941258.085367,0.005823996616527438,171703.3964549675,0.39689710137527234,0.3938735702614379,-0.0030235311138344656,0,0.0,0
1779941258.1186588,0.00820501009002328,121876.75444981236,0.39623626004221135,0.3932413705065359,-0.002994889535675449,0,0.0,0
1779941258.1531715,0.00652299786452204,153303.74480710842,0.39723397075844225,0.3942028526688453,-0.0030311180895969403,0,0.0,0
1779941258.1869335,0.007080991053953767,141223.1695225256,0.398756472120098,0.3956472460511983,-0.0031092260688997397,0,0.0,0
1779941258.2184496,0.005855996278114617,170765.13585523618,0.39850308500136167,0.39537370642701525,-0.0031293785743464198,0,0.0,0
1779941258.2522204,0.006863003363832831,145708.80225265148,0.3946018944035948,0.3915072848583878,-0.003094609545206961,0,0.0,0
1779941258.2866158,0.0059580052038654685,167841.41097278908,0.39329225813589325,0.3902071418845316,-0.0030851162513616526,0,0.0,0
1779941258.320094,0.00869898940436542,114955.882058917,0.39322502212690635,0.390144080201525,-0.003080941925381331,0,0.0,0
1779941258.3517985,0.005264999344944954,189933.54689780215,0.39205567470043573,0.3889869961873639,-0.003068678513071854,0,0.0,0
1779941258.387199,0.0070829992182552814,141183.1300817685,0.3889390488834423,0.40387523828976035,0.014936189406318079,1,0.2638905346393585,0
1779941258.420045,0.005613997927866876,178126.17903476235,0.3864455720656318,0.3835727805010893,-0.0028727915645425095,0,0.0,0
1779941258.4538028,0.007580005330964923,131926.02858930992,0.3862222179670479,0.3834359511165577,-0.0027862668504902155,0,0.0,0
1779941258.485527,0.00577399623580277,173190.27570529204,0.38657520169526144,0.38379142837690633,-0.0027837733183551094,0,0.0,0
1779941258.5198536,0.006722999387420714,148743.13418369225,0.38517521956699347,0.4005685763888889,0.01539335682189541,1,0.2737732529640198,0
1779941258.560954,0.007787006325088441,128419.05582870352,0.3832144522739651,0.38055216843681916,-0.002662283837145951,0,0.0,0
1779941258.6218035,0.02493799547664821,40099.45390103202,0.38181253404139437,0.3972613357843137,0.01544880174291935,1,0.2939918339252472,0
1779941258.669116,0.015539990272372961,64350.104631519804,0.38146535437091506,0.37893026620370374,-0.002535088167211319,0,0.0,0
1779941258.7090106,0.015596990124322474,64114.93448601767,0.3797751523352397,0.37730705337690634,-0.0024680989583333313,0,0.0,0
1779941258.7441967,0.00896799610927701,111507.630892652,0.37821222256263615,0.37577627995642704,-0.002435942606209107,0,0.0,0
1779941258.7761753,0.007319002179428935,136630.64656691015,0.37772685185185184,0.39328754765795204,0.0155606958061002,1,0.2512325942516327,0
1779941258.8155367,0.013413999113254249,74548.98360712647,0.3788882889093137,0.37644485294117647,-0.002443435968137231,0,0.0,0
1779941258.8691099,0.014987992472015321,66720.07621215048,0.3791800151484205,0.3766796875,-0.002500327648420453,0,0.0,0
1779941258.9260173,0.017305006622336805,57786.744716366,0.3771229021990741,0.37464394403594775,-0.0024789581631263213,0,0.0,0
1779941258.9650903,0.010031988495029509,99681.13505068953,0.37924991064133984,0.3941356209150327,0.014885710273692843,1,0.2804829776287079,0
1779941259.0027864,0.009110997780226171,109757.46280723778,0.3788387416598584,0.3762929772603486,-0.00254576439950982,0,0.0,0
1779941259.0321062,0.007757000275887549,128915.81338581053,0.37770151654411765,0.3751797045206972,-0.0025218120234204444,0,0.0,0
1779941259.072714,0.007537004421465099,132678.7068284103,0.3776713473583878,0.3751558925653595,-0.0025154547930283377,0,0.0,0
1779941259.1127706,0.007847003871574998,127437.17428538579,0.3791669645288671,0.37660588575708065,-0.0025610787717864625,0,0.0,0
1779941259.1448832,0.005932000931352377,168577.18189400557,0.38050223822167756,0.3959739583333333,0.015471720111655762,1,0.3817504048347473,0
1779941259.1753645,0.008871007594279945,112726.76630835074,0.3805125825503813,0.3957043504901961,0.015191767939814804,1,0.2562728226184845,0
1779941259.212037,0.005815993063151836,171939.68237955123,0.38071725217864927,0.3779225047657952,-0.0027947474128540706,0,0.0,0
1779941259.2506454,0.008001996320672333,124968.8152713346,0.38273626855255993,0.379771207788671,-0.002965060763888916,0,0.0,0
1779941259.2794142,0.005277004675008357,189501.44288026736,0.38572088609749455,0.3825707039760348,-0.0031501821214597325,0,0.0,0
1779941259.3083832,0.006090995157137513,164176.78461428196,0.3871924615332244,0.38391002859477125,-0.0032824329384531503,0,0.0,0
1779941259.339407,0.0060780002968385816,164527.79716383712,0.3874554908769063,0.3840824142156863,-0.003373076661219998,0,0.0,0
1779941259.3730872,0.006293004844337702,158906.59942837586,0.38707156352124183,0.38362683823529414,-0.003444725285947692,0,0.0,0
1779941259.4188669,0.007767986971884966,128733.48058117839,0.38695513344226584,0.38338020833333336,-0.0035749251089324807,0,0.0,0
1779941259.4548879,0.007288996130228043,137193.10343065226,0.3872782245710784,0.3835601511437909,-0.003718073427287527,0,0.0,0
1779941259.4935944,0.007388007361441851,135354.49426039,0.38507968239379087,0.38132821010348583,-0.0037514722903050357,0,0.0,0
1779941259.5405016,0.013716999092139304,72902.24292375016,0.3812352132693355,0.3775836397058823,-0.003651573563453192,0,0.0,0
1779941259.5712278,0.005549998604692519,180180.2254787057,0.381468371289488,0.3958802253540305,0.014411854064542484,1,0.31851890683174133,0
1779941259.6111507,0.00793600338511169,126008.01076723913,0.38071760961328976,0.3951311444716776,0.014413534858387811,1,0.30614790320396423,0
1779941259.6421783,0.01055101165547967,94777.64148622184,0.3777944963575708,0.39198512391067536,0.014190627553104573,1,0.2750003933906555,0
1779941259.6720912,0.0064119958551600575,155957.68035240532,0.3750639169730392,0.3716025326797386,-0.003461384293300618,0,0.0,0
1779941259.7029588,0.005765003152191639,173460.44288281738,0.3742030143654684,0.37074651075708065,-0.0034565036083877287,0,0.0,0
1779941259.7418325,0.008094997610896826,123533.0815482739,0.3746035666870915,0.37110246459694984,-0.00350110209014165,0,0.0,0
1779941259.772268,0.005496010999195278,181950.14532292954,0.3722006484885621,0.3687143075980392,-0.00348634089052291,0,0.0,0
1779941259.8025725,0.006719012162648141,148831.40196696317,0.369192806202342,0.3657344430827887,-0.0034583631195533315,0,0.0,0
1779941259.831532,0.005369001883082092,186254.35821712675,0.36709641373910673,0.363661424291939,-0.0034349894471677467,0,0.0,0
1779941259.8611605,0.006614005542360246,151194.30934784855,0.3673766382421024,0.36393428308823533,-0.003442355153867094,0,0.0,0
1779941259.9013321,0.00889599323272705,112410.15745393635,0.366914777369281,0.38087787649782134,0.013963099128540324,1,0.27022191882133484,0
1779941259.938308,0.006546004442498088,152764.9436819477,0.36430134293300653,0.3608486519607843,-0.0034526909722222276,0,0.0,0
1779941259.9674127,0.006362010026350617,157183.02798300068,0.36213937823393244,0.3586963167211329,-0.00344306151279955,0,0.0,0
1779941259.9978333,0.006941001629456878,144071.42562193124,0.3618186785130719,0.3583884803921568,-0.0034301981209151067,0,0.0,0
1779941260.0305636,0.0056680000852793455,176429.07285713553,0.362841839426743,0.35938459967320263,-0.003457239753540342,0,0.0,0
1779941260.0618515,0.0062359904404729605,160359.45044267198,0.3623959992851307,0.37067524509803923,0.008279245812908509,1,0.32666775584220886,0
1779941260.0917869,0.005893991328775883,169664.31476031523,0.3613805742783225,0.36964074414488013,0.008260169866557643,1,0.2555304765701294,0
1779941260.1230235,0.008268994861282408,120933.68260298007,0.36090596064814817,0.3574514739923747,-0.00345448665577347,0,0.0,0
1779941260.1632028,0.007140988600440323,140036.63301441746,0.3624116370506536,0.35892744076797384,-0.0034841962826797634,0,0.0,0
1779941260.1949644,0.006690999725833535,149454.49723141702,0.36480390454793027,0.361270901416122,-0.0035330031318082655,0,0.0,0
1779941260.225613,0.005080000846646726,196850.36089316662,0.3644046160130719,0.37274571078431373,0.008341094771241842,1,0.2573208510875702,0
1779941260.2563298,0.006775997462682426,147579.74829644168,0.36319960171568627,0.3596858149509804,-0.003513786764705873,0,0.0,0
1779941260.2906365,0.005447000148706138,183587.29074709804,0.3633321886914488,0.37179386233660133,0.008461673645152545,1,0.36915716528892517,0
1779941260.3229733,0.005886991857551038,169866.0409589891,0.3655034722222222,0.37361500885076254,0.008111536628540361,1,0.34806087613105774,0
1779941260.3542101,0.005178997525945306,193087.56086294388,0.3673181466162854,0.37535712826797385,0.008038981651688426,1,0.2752193212509155,0
1779941260.401513,0.013330994988791645,75013.15549520303,0.36616428802423745,0.3741975251906318,0.00803323716639437,1,0.3807198107242584,0
1779941260.4469054,0.0057789875427260995,173040.69140254174,0.36515966690495644,0.37343743191721135,0.008277765012254912,1,0.5962453484535217,0
1779941260.4950767,0.012889999197795987,77579.52383511291,0.366871851171024,0.3749852430555556,0.008113391884531584,1,0.43775755167007446,0
1779941260.5360882,0.006813002983108163,146778.15384483946,0.3688125170206972,0.3765134463507625,0.007700929330065331,1,0.45167532563209534,0
1779941260.5783844,0.011419993825256824,87565.72160208772,0.36704980681508714,0.37495984817538125,0.007910041360294107,1,0.31998151540756226,0
1779941260.609763,0.006183006917126477,161733.60525120443,0.36616816023284315,0.3625787207244009,-0.0035894395084422603,0,0.0,0
1779941260.6419375,0.007333001121878624,136369.81412922687,0.367727422045207,0.3756008306100218,0.007873408564814832,1,0.28900668025016785,0
1779941260.6715026,0.005335998139344156,187406.36219991438,0.369523743872549,0.377376719090414,0.007852975217864988,1,0.35338982939720154,0
1779941260.7017474,0.007897004252299666,126630.29777510789,0.3687352813521242,0.3765985838779956,0.007863302525871418,1,0.5026699900627136,0
1779941260.7423704,0.00733000342734158,136425.58423232232,0.36784861791939,0.37595869076797384,0.008110072848583838,1,0.40902918577194214,0
1779941260.781012,0.007454000297002494,134156.15242222807,0.36877367578976034,0.3766859000544662,0.007912224264705892,1,0.3335752785205841,0
1779941260.814225,0.005474998033605516,182648.4674262902,0.37158606515522874,0.379309861791939,0.007723796636710245,1,0.3064301609992981,0
1779941260.8473167,0.008072005584836006,123884.94897458825,0.37300965073529413,0.3809431508714597,0.007933500136165561,1,0.5156577825546265,0
1779941260.8785028,0.005927999154664576,168690.9822200511,0.3724371723515795,0.3804984000544662,0.008061227702886697,1,0.5422128438949585,0
1779941260.9095807,0.006250993465073407,159974.5713361191,0.37305055147058824,0.38093676811002175,0.007886216639433508,1,0.39796125888824463,0
1779941260.94508,0.006324989954009652,158103.01791326355,0.3753622217116013,0.3832743055555556,0.00791208384395431,1,0.4490167498588562,0
1779941260.9911592,0.01568399602547288,63759.26124795416,0.37857175925925923,0.3863086022603486,0.007736843001089344,1,0.4320739209651947,0
1779941261.0485919,0.013095996109768748,76359.2163297961,0.37842298985566447,0.3865806781045752,0.008157688248910722,1,0.5312459468841553,0
1779941261.0962613,0.014794000890105963,67594.9668671973,0.3790689465890523,0.3870869927832244,0.008018046194172068,1,0.519219696521759,0
1779941261.1557286,0.011304000508971512,88464.25645560984,0.3843676768450436,0.3922969430827887,0.007929266237745092,1,0.47213396430015564,0
1779941261.2081861,0.011740994523279369,85171.6605452168,0.3836113621663943,0.3914433551198257,0.0078319929534314,1,0.33792367577552795,0
1779941261.264673,0.025130007998086512,39793.063339898006,0.3837330899373638,0.3915207141884532,0.0077876242510893645,1,0.5460919737815857,0
1779941261.3220742,0.01501000951975584,66622.20957846977,0.38758479711328975,0.3955822269880174,0.00799742987472768,1,0.42620423436164856,0
1779941261.3682504,0.01164599962066859,85866.39469103732,0.38666281147875814,0.39475107230392154,0.008088260825163396,1,0.5308353304862976,0
1779941261.424479,0.01309999788645655,76335.89017856646,0.3877011165577342,0.39536456631263617,0.007663449754901963,1,0.3612646162509918,0
1779941261.4763706,0.012874996173195541,77669.92599826168,0.3902247838371459,0.39806556372549023,0.007840779888344307,1,0.43171635270118713,0
1779941261.5371032,0.015855999663472176,63067.60981483385,0.38966902828839867,0.3860388071895425,-0.00363022109885619,0,0.0,0
1779941261.584718,0.012917997082695365,77411.38147024167,0.3914070542279412,0.3994462486383442,0.008039194410403017,1,0.40753069519996643,0
1779941261.6379142,0.013341006706468761,74956.86210210223,0.39253683704384534,0.40049586397058823,0.007959026926742885,1,0.4051487445831299,0
1779941261.6800418,0.01199600228574127,83361.10448967015,0.38984609034586054,0.3983962588507625,0.008550168504901978,1,0.4625733196735382,0
1779941261.740566,0.014885998098179698,67177.2220716784,0.3883870804398148,0.39689469294662305,0.00850761250680826,1,0.4217832386493683,0
1779941261.7887964,0.011632000678218901,85969.73363941727,0.3871598371119281,0.3954799666394335,0.008320129527505438,1,0.5310652256011963,0
1779941261.8347917,0.026184003218077123,38191.257145493015,0.3828731234681373,0.3914006501906318,0.008527526722494516,1,0.455404132604599,0
1779941261.8793306,0.009172988939099014,109015.72068157553,0.3770702954793028,0.3852614719498911,0.008191176470588257,1,0.3481917679309845,0
1779941261.9437153,0.014844001270830631,67367.28067822664,0.37571480545343133,0.38386478758169934,0.008149982128268007,1,0.3481445908546448,0
1779941261.9838438,0.008690010872669518,115074.65464111739,0.3673107128267974,0.37568099809368194,0.008370285266884547,1,0.45831814408302307,0
1779941262.0410452,0.014756005839444697,67769.01628263603,0.36433206103622007,0.3726142939814815,0.008282232945261425,1,0.4557979702949524,0
1779941262.086287,0.010343006579205394,96683.68596134312,0.3625086465141612,0.3707197031590414,0.0082110566448802,1,0.268255352973938,0
1779941262.1317093,0.01452199649065733,68861.05506521408,0.3586890276075708,0.3550819206154684,-0.003607106992102427,0,0.0,0
1779941262.1638918,0.006169997504912317,162074.61983636755,0.3531898743872549,0.34959739242919385,-0.0035924819580610556,0,0.0,0
1779941262.2015414,0.008801987860351801,113610.6997493668,0.35299932342728757,0.3493903696895425,-0.0036089537377450576,0,0.0,0
1779941262.2334328,0.005666996003128588,176460.3326785352,0.3507903262867647,0.34716741557734204,-0.0036229107094226665,0,0.0,0
1779941262.3548563,67.71370000205934,14.768060229607709,0.34813587197031587,0.6247940836056646,0.2766582116353487,0,0.0,0
1779941262.4723961,50.232287001563236,19.907514861285925,0.3496578201593137,0.6326568287037038,0.2829990085443901,0,0.0,0
1779941262.5701473,47.21508199872915,21.179673055040258,0.34628532220179736,0.6324678308823529,0.28618250868055556,0,0.0,0
1779941262.6799397,59.09545699250884,16.92177454735249,0.34377973941312634,0.6323577920751634,0.28857805266203707,0,0.0,0
1779941262.7087348,0.006722999387420714,148743.13418369225,0.35010530705337695,0.3463110702614379,-0.0037942367919390207,0,0.0,0
1779941262.8421714,62.438609995297156,16.015731293110456,0.3499962597017974,0.6374067946623093,0.28741053496051194,0,0.0,0
1779941262.8782213,0.01030400744639337,97049.61930612948,0.3632806159790305,0.3594251089324618,-0.0038555070465686736,0,0.0,0
1779941262.9097009,0.007948008715175092,125817.67784057725,0.3655897884327342,0.37384671160130717,0.00825692316857296,1,0.2647498548030853,0
1779941262.9397519,0.004832996637560427,206910.96538912022,0.3702220647807734,0.36637164692265795,-0.0038504178581154624,0,0.0,0
1779941262.9793606,0.009148003300651908,109313.47170903816,0.37729179857706974,0.37338654003267974,-0.00390525854439,0,0.0,0
1779941263.0158641,0.006403992301784456,156152.59245726335,0.38204107519744007,0.3781032986111111,-0.003937776586328989,0,0.0,0
1779941263.046049,0.006203001248650253,161212.28416931172,0.38590200759123094,0.38198180487472766,-0.003920202716503285,0,0.0,0
1779941263.075571,0.005231995601207018,191131.65916448797,0.38951138684640524,0.3856027199074074,-0.003908666938997829,0,0.0,0
1779941263.104284,0.006642003427259624,150556.9834390439,0.39554883663534857,0.3916132557189542,-0.003935580916394343,0,0.0,0
1779941263.143671,0.006400005077011883,156249.8760496129,0.40120473345588237,0.3972221371187364,-0.003982596337145983,0,0.0,0
1779941263.1752286,0.00709699816070497,140904.64409824033,0.40562871902233116,0.4133807359749455,0.007752016952614349,1,0.26300984621047974,0
1779941263.224276,0.005904003046452999,169376.60636892437,0.4093857741013072,0.4173822167755991,0.007996442674291893,1,0.38658884167671204,0
1779941263.2602715,0.006810994818806648,146821.43014391686,0.4189601545479303,0.42738968886165574,0.00842953431372545,1,0.39429548382759094,0
1779941263.2912824,0.005565991159528494,179662.5203559813,0.42147297964324615,0.429239038671024,0.007766059027777827,1,0.5286797881126404,0
1779941263.3392758,0.016856996808201075,59322.547864130305,0.4209494315087146,0.42864270152505446,0.007693270016339848,1,0.5441111922264099,0
1779941263.3797336,0.008513001375831664,117467.38381118923,0.42145393773828976,0.4292232775054466,0.007769339767156824,1,0.450011670589447,0
1779941263.411211,0.0070829992182552814,141183.1300817685,0.42258717575571897,0.43051751429738566,0.007930338541666693,1,0.4293330907821655,0
1779941263.440194,0.006747999577783048,148192.06617800865,0.4251105536832789,0.43299928513071895,0.007888731447440067,1,0.39742806553840637,0
1779941263.471222,0.005873007467016578,170270.51397705593,0.42572879646650325,0.4332864583333333,0.0075576618668300455,1,0.2814819812774658,0
1779941263.5027666,0.004909001290798187,203707.4225004743,0.42377665015659044,0.43172508169934637,0.00794843154275593,1,0.5047153234481812,0
1779941263.532628,0.005964000592939556,167672.68621398925,0.4222533445669935,0.43009187772331153,0.00783853315631805,1,0.2956140339374542,0
1779941263.5717702,0.006638991180807352,150625.29423007794,0.4222439704180283,0.43037484681372545,0.00813087639569715,1,0.3907230496406555,0
1779941263.6083632,0.006542002665810287,152858.39078393907,0.4230266161151961,0.43129672181372547,0.008270105698529373,1,0.3545345664024353,0
1779941263.6471546,0.009031995432451367,110717.50506062763,0.42302982026143787,0.4311790577342048,0.008149237472766913,1,0.6064294576644897,0
1779941263.6809628,0.008030998287722468,124517.52125620146,0.4221698325163399,0.43050823801742916,0.008338405501089274,1,0.5054304599761963,0
1779941263.7125347,0.004909990821033716,203666.36852275557,0.4221607477192266,0.4302229541122004,0.00806220639297378,1,0.5351152420043945,0
1779941263.7465124,0.0065019994508475065,153798.8441185818,0.4233711150258715,0.4313455031318083,0.007974388105936814,1,0.3194650411605835,0
1779941263.7788677,0.0054670090321451426,182915.37367510446,0.42391192214733114,0.43216331358932464,0.008251391441993494,1,0.32657232880592346,0
1779941263.810761,0.0082320038927719,121477.10484904516,0.42178354779411764,0.4179520186546841,-0.0038315291394335205,0,0.0,0
1779941263.8436315,0.005822992534376681,171733.00396598302,0.4198239251429739,0.4283001089324619,0.008476183789488001,1,0.4506838023662567,0
1779941263.8846922,0.006966001819819212,143554.36961771463,0.4193550942946623,0.4277900667211329,0.008434972426470622,1,0.3973568379878998,0
1779941263.936162,0.011903990525752306,84005.44320298862,0.4205848779616013,0.4291294253812636,0.008544547419662263,1,0.2934408485889435,0
1779941263.9957538,0.02433799090795219,41088.02586795528,0.41844437210648144,0.41468120234204797,-0.0037631697644334716,0,0.0,0
1779941264.0433574,0.011749012628570199,85113.53520620867,0.4167566253063726,0.41304583673747275,-0.0037107885688998365,0,0.0,0
1779941264.0851119,0.013109995052218437,76277.67943594935,0.41665959882216774,0.42503981141067537,0.00838021258850763,1,0.2621292173862457,0
1779941264.1367464,0.02467801095917821,40521.90436474709,0.41406422334558823,0.4227170479302832,0.008652824584694963,1,0.2705402374267578,0
1779941264.1760437,0.011603013263083994,86184.50891386876,0.41039856515522877,0.419119723583878,0.008721158428649234,1,0.6177621483802795,0
1779941264.2051928,0.0050289963837713,198846.83218843138,0.4111417398556645,0.41982324005991284,0.008681500204248349,1,0.2607507109642029,0
1779941264.2353961,0.0060969905462116,164015.34370450283,0.411680576831427,0.42042863221677557,0.008748055385348563,1,0.311628520488739,0
1779941264.2643788,0.005723006324842572,174733.33825600968,0.4096951508033769,0.40604963235294117,-0.003645518450435703,0,0.0,0
1779941264.2928872,0.005694004357792437,175623.32888478847,0.40784418828295205,0.41658098447712416,0.008736796194172114,1,0.34383469820022583,0
1779941264.3236377,0.005303008947521448,188572.18795894846,0.40699848090277774,0.4157749693627451,0.008776488459967369,1,0.5160500407218933,0
1779941264.3585048,0.006507994839921594,153657.15932436843,0.4073679959831155,0.41604415168845316,0.00867615570533764,1,0.41661930084228516,0
1779941264.3917866,0.006655012839473784,150262.6702789458,0.4060962009803921,0.41497341367102397,0.008877212690631853,1,0.25810110569000244,0
1779941264.423055,0.006378002581186593,156788.89860435828,0.4032042568763617,0.41179767497276687,0.008593418096405181,1,0.3665664494037628,0
1779941264.457073,0.005879992386326194,170068.2474224763,0.40108701405909586,0.40991831767429193,0.008831303615196073,1,0.5405724048614502,0
1779941264.4917295,0.006914997356943786,144613.2150717074,0.39999139603758166,0.4090265182461874,0.00903512220860575,1,0.5024011135101318,0
1779941264.5247562,0.005235997377894819,190985.58074566096,0.3998043045343137,0.4082570806100218,0.008452776075708102,1,0.3619272708892822,0
1779941264.5563672,0.00624000676907599,160256.2364123971,0.3979083563112745,0.406796875,0.008888518688725477,1,0.3584558963775635,0
1779941264.590585,0.006265006959438324,159616.74208413853,0.3951504416870915,0.4041413909313725,0.00899094924428101,1,0.43012097477912903,0
1779941264.6247127,0.007548995199613273,132467.96077592272,0.39346553734340955,0.40249383850762527,0.009028301164215713,1,0.4551101326942444,0
1779941264.658309,0.005916997906751931,169004.62291171213,0.3934728009259259,0.4023097937091503,0.008836992783224418,1,0.29490360617637634,0
1779941264.6959352,0.008878996595740318,112625.33882260391,0.3927387025122549,0.40161592796840956,0.008877225456154658,1,0.3202633857727051,0
1779941264.7309523,0.007074006134644151,141362.61419149925,0.3900900011914488,0.3866438419117647,-0.0034461592796841134,0,0.0,0
1779941264.7620537,0.00705699494574219,141703.3748342623,0.38830818099809367,0.39715972222222223,0.008851541224128567,1,0.493448406457901,0
1779941264.791467,0.005398993380367756,185219.71218491925,0.386998936206427,0.38360386029411764,-0.0033950759123093643,0,0.0,0
1779941264.8234951,0.00953300332184881,104898.73613157016,0.38686807683142704,0.3961682155501089,0.00930013871868185,1,0.32402104139328003,0
1779941264.8562555,0.005396010237745941,185322.1094735593,0.3851267914283769,0.38172179670479306,-0.003404994723583854,0,0.0,0
1779941264.8914888,0.006927002687007189,144362.5829502962,0.38281595945669933,0.3794560014978213,-0.0033599579588780015,0,0.0,0
1779941264.9245355,0.005882990080863237,169981.58865725395,0.38214502910539216,0.3787860498366013,-0.0033589792687908626,0,0.0,0
1779941264.9559326,0.006006011972203851,166499.8346037361,0.38282647399237474,0.3794638991013072,-0.00336257489106756,0,0.0,0
1779941264.9897265,0.007372000254690647,135648.3946624556,0.38386112387663396,0.3804524271514161,-0.0034086967252178746,0,0.0,0
1779941265.0254142,0.006488000508397818,154130.69075836823,0.3824945533769063,0.39130113017429197,0.008806576797385668,1,0.25000813603401184,0
1779941265.0582213,0.005579000571742654,179243.57367248673,0.38113478264569717,0.3777862540849673,-0.0033485285607298687,0,0.0,0
1779941265.0901232,0.00789501063991338,126662.27388529162,0.3811226171023965,0.3777692844498911,-0.0033533326525053697,0,0.0,0
1779941265.12306,0.005296009476296604,188821.41440186405,0.3826571606072985,0.37928700299564266,-0.003370157611655822,0,0.0,0
1779941265.158648,0.006564994691871107,152323.0477609095,0.38312402130991285,0.39193201933551197,0.008807998025599117,1,0.3427242636680603,0
1779941265.1910288,0.0060259917518123984,165947.7877146507,0.38182610804738565,0.37846440972222223,-0.0033616983251634203,0,0.0,0
1779941265.222686,0.005897003575228155,169577.6485876236,0.3812738757829521,0.3779236962145969,-0.0033501795683551494,0,0.0,0
1779941265.2563949,0.005748996045440435,173943.4141363006,0.38184275854439,0.37848662173202613,-0.0033561368123638524,0,0.0,0
1779941265.2916,0.006308997399173677,158503.79017924072,0.38325983370778866,0.37985738357843135,-0.003402450129357304,0,0.0,0
1779941265.3250587,0.006053989636711776,165180.3290074923,0.3826500629765795,0.37925929330065355,-0.003390769675925942,0,0.0,0
1779941265.3576782,0.006105998181737959,163773.386469527,0.38187862115332244,0.390775871459695,0.008897250306372562,1,0.29152971506118774,0
1779941265.3905172,0.006105998181737959,163773.386469527,0.3789956427015251,0.3756674496187364,-0.0033281930827886996,0,0.0,0
1779941265.4246151,0.0063689949456602335,157010.644306036,0.37930614276960783,0.37597584763071895,-0.0033302951388888835,0,0.0,0
1779941265.4586015,0.005684007192030549,175932.21933323433,0.38028845826525054,0.3768989311002178,-0.003389527165032713,0,0.0,0
1779941265.4905825,0.006476999260485172,154392.48327551808,0.3788585026892701,0.3755042211328976,-0.003354281556372518,0,0.0,0
1779941265.5240822,0.006943999323993921,144009.2306093196,0.3780030722358388,0.38715944989106754,0.009156377655228753,1,0.46228694915771484,0
1779941265.558476,0.0068559893406927586,145857.86971176296,0.378401045921841,0.3750671296296296,-0.0033339162922113585,0,0.0,0
1779941265.5922103,0.0049439986469224095,202265.42752443717,0.38027834797113286,0.3769032883986928,-0.0033750595724400534,0,0.0,0
1779941265.6245685,0.005730005796067417,174519.89327590453,0.3803803359885621,0.3889459763071895,0.008565640318627443,1,0.26073601841926575,0
1779941265.6585252,0.006667993147857487,149970.16011051435,0.37910020935457517,0.3877452001633987,0.008644990808823527,1,0.32443854212760925,0
1779941265.6967797,0.009191004210151732,108802.03916079931,0.3784956341911765,0.37516530501089324,-0.0033303291802832535,0,0.0,0
1779941265.728514,0.008100992999970913,123441.65709112334,0.37909558398011983,0.375757301879085,-0.0033382821010348174,0,0.0,0
1779941265.7632952,0.013064011000096798,76546.16947219276,0.38034069052968406,0.38874559163943356,0.008404901109749507,1,0.32522058486938477,0
1779941265.792661,0.005762005457654595,173550.6860153247,0.3791840065019063,0.3757977770969499,-0.00338622940495642,0,0.0,0
1779941265.824991,0.007013004506006837,142592.23691407466,0.37823116659858386,0.38677102056100215,0.008539853962418298,1,0.37233513593673706,0
1779941265.8575,0.00457599526271224,218531.69476562997,0.3783815912649782,0.37505366625816994,-0.0033279250068082855,0,0.0,0
1779941265.890208,0.005751993739977479,173852.7622256966,0.38032846541394333,0.38929420275054466,0.008965737336601332,1,0.31870564818382263,0
1779941265.9239113,0.005806999979540706,172205.95893287627,0.38141792619825704,0.3901322167755991,0.008714290577342076,1,0.27440643310546875,0
1779941265.958435,0.006577000021934509,152045.00481450013,0.38051760365604576,0.3892095928649238,0.008691989208878037,1,0.29307836294174194,0
1779941265.9919055,0.0058119912864640355,172058.06937958972,0.3797655058551198,0.3885395901416122,0.0087740842864924,1,0.3784341812133789,0
1779941266.0229685,0.006514004780910909,153515.39239431775,0.37959217133033774,0.37627236519607843,-0.0033198061342593066,0,0.0,0
1779941266.0575452,0.007368988008238375,135703.84412106802,0.38072848158360567,0.3896181236383442,0.008889642054738522,1,0.4317488968372345,0
1779941266.0910633,0.0069259986048564315,144383.51161359047,0.3799460401348039,0.37657237200435734,-0.003373668130446539,0,0.0,0
1779941266.1256282,0.005713998689316213,175008.79058123633,0.37854271769471676,0.3875195397603486,0.008976822065631829,1,0.4532793164253235,0
1779941266.156566,0.006274000043049455,159387.94917730885,0.37765870098039217,0.374341213916122,-0.0033174870642701526,0,0.0,0
1779941266.1902807,0.005490001058205962,182149.32736766772,0.377796802662037,0.37447552423747277,-0.0033212784245642557,0,0.0,0
1779941266.2246006,0.0067920045694336295,147231.9386386084,0.3784603332652505,0.37508714596949894,-0.0033731872957515896,0,0.0,0
1779941266.2578335,0.005495996447280049,181950.6270778062,0.37703887527233115,0.3736945635893246,-0.003344311683006529,0,0.0,0
1779941266.2901065,0.006471003871411085,154535.52800640455,0.37500636148556643,0.37169541462418304,-0.0033109468613833903,0,0.0,0
1779941266.3238738,0.005805995897389948,172235.74003032697,0.3752419194240196,0.37192289624183006,-0.0033190231821895178,0,0.0,0
1779941266.3584893,0.006739996024407446,148368.04003722183,0.37681632540168847,0.37347817946623096,-0.003338145935457504,0,0.0,0
1779941266.3919597,0.005459005478769541,183183.54943754332,0.37835883033769063,0.3749728179466231,-0.0033860123910675055,0,0.0,0
1779941266.4241192,0.006685004336759448,149588.5342214676,0.3786063751021242,0.3752511063453159,-0.003355268756808305,0,0.0,0
1779941266.4587963,0.005010006134398282,199600.55400612863,0.3800181738494009,0.38970065699891066,0.009682483149509757,1,0.2730230391025543,0
1779941266.4931383,0.006173999281600118,161969.56857125348,0.38116589648011984,0.3899030671296296,0.00873717064950974,1,0.42449095845222473,0
1779941266.536177,0.007755996193736792,128932.50267548238,0.38297256689133985,0.39149092796840956,0.008518361077069714,1,0.2818754315376282,0
1779941266.5702834,0.006834990927018225,146305.97328916303,0.3823683661832789,0.3789975149782135,-0.003370851205065417,0,0.0,0
1779941266.5994859,0.005973997758701444,167392.09494068642,0.3803552985430283,0.3770200503812636,-0.00333524816176467,0,0.0,0
1779941266.6438985,0.008313989383168519,120279.20098436464,0.37971877978622004,0.3763909483932462,-0.0033278313929738235,0,0.0,0
1779941266.679667,0.008360002539120615,119617.18854994386,0.38161975337009807,0.39046471609477124,0.008844962724673167,1,0.2662907540798187,0
1779941266.7193248,0.00989199907053262,101091.80084528218,0.3830341562840414,0.37967076865468413,-0.003363387629357284,0,0.0,0
1779941266.7489657,0.006828006007708609,146455.64149636522,0.38222838371459694,0.390924206835512,0.008695823120915047,1,0.3323249816894531,0
1779941266.7808144,0.006973001291044056,143410.27030704473,0.3813959524782135,0.39003492647058824,0.008638973992374732,1,0.48383939266204834,0
1779941266.8110423,0.0061219907365739346,163345.5591537913,0.38134302236519607,0.37803107979302836,-0.0033119425721677143,0,0.0,0
1779941266.8405347,0.006157992174848914,162390.5928436057,0.3834112157883987,0.39213636982570804,0.008725154037309335,1,0.26804834604263306,0
1779941266.8694835,0.005844005499966443,171115.51315373371,0.38366192214733114,0.38028543709150325,-0.0033764850558278825,0,0.0,0
1779941266.8995256,0.006606001988984644,151377.48999583666,0.38254377723311545,0.3792095588235294,-0.0033342184095860317,0,0.0,0
1779941266.9305022,0.005961002898402512,167757.00616887634,0.38276650582107846,0.3794470656318083,-0.003319440189270162,0,0.0,0
1779941266.9599023,0.0072490074671804905,137949.91997558958,0.3836236766407952,0.3802960239651416,-0.003327652675653603,0,0.0,0
1779941266.9925542,0.005598005373030901,178635.05541056223,0.3850397135416667,0.39381794662309366,0.008778233081426945,1,0.3278408348560333,0
1779941267.0265403,0.006974994903430343,143369.2803858816,0.38456506587009803,0.38120155909586056,-0.003363506774237468,0,0.0,0
1779941267.0597339,0.005333000444807112,187511.70384276402,0.3842537105119826,0.38092032611655774,-0.0033333843954248543,0,0.0,0
1779941267.0919042,0.00939400342758745,106450.8872823371,0.38486642582380176,0.3815466026688453,-0.003319823154956436,0,0.0,0
1779941267.1255248,0.005642999894917011,177210.70682648072,0.3863105383646514,0.38296287785947714,-0.003347660505174266,0,0.0,0
1779941267.159663,0.00689500302542001,145032.56870421531,0.3876840916053922,0.3842965175653595,-0.0033875740400327037,0,0.0,0
1779941267.1933208,0.006096001015976071,164041.96741097217,0.3867068865740741,0.3833420989923747,-0.003364787581699391,0,0.0,0
1779941267.2246134,0.0075830030255019665,131873.87590865477,0.386128016918573,0.3827918879357298,-0.0033361289828431895,0,0.0,0
1779941267.2580335,0.006121001206338406,163371.96584187602,0.3869780986179194,0.38364314406318084,-0.003334954554738534,0,0.0,0
1779941267.292777,0.006521993782371283,153327.34641712852,0.3887902326729303,0.3854152879901961,-0.0033749446827341933,0,0.0,0
1779941267.3259084,0.005708003300242126,175192.61069060373,0.3892885901756536,0.3858990332244009,-0.0033895569512527035,0,0.0,0
1779941267.3577762,0.00655400799587369,152578.39182216223,0.3884194495506536,0.3850644914215686,-0.003354958129084984,0,0.0,0
1779941267.3916028,0.005162000888958573,193723.32967609167,0.38755791292211333,0.38421180555555556,-0.003346107366557771,0,0.0,0
1779941267.4262195,0.007130001904442906,140252.41695614016,0.3880321052900327,0.38469486996187363,-0.0033372353281590494,0,0.0,0
1779941267.4596405,0.005819005309604108,171850.6766696926,0.38918923185593685,0.38579146241830065,-0.0033977694376362,0,0.0,0
1779941267.492238,0.0077129952842369676,129651.31743872551,0.38806672113289764,0.38468625748910673,-0.0033804636437909097,0,0.0,0
1779941267.5252562,0.0060820020735263824,164419.5427608912,0.38678620727805013,0.3834440359477124,-0.0033421713303377065,0,0.0,0
1779941267.5599842,0.0076040014391765,131509.70682986855,0.38605022382216775,0.38270889501633987,-0.003341328805827881,0,0.0,0
1779941267.5929055,0.005490001058205962,182149.32736766772,0.38704320278458604,0.38367110906862745,-0.0033720937159585906,0,0.0,0
1779941267.6246042,0.005959998816251755,167785.26822408,0.38766873468137253,0.3842671228213508,-0.003401611860021747,0,0.0,0
1779941267.6585097,0.006544010830111802,152811.48304317758,0.3868099171092048,0.3834328022875817,-0.0033771148216231173,0,0.0,0
1779941267.69388,0.010591000318527222,94419.7875483644,0.3868114659926471,0.3834632012527233,-0.0033482647399237786,0,0.0,0
1779941267.726209,0.006232003215700388,160462.048138981,0.38833359715413945,0.38498337077886713,-0.003350226375272325,0,0.0,0
1779941267.7583992,0.009562005288898945,104580.57382178555,0.3909161305147059,0.38753819444444443,-0.003377936070261489,0,0.0,0
1779941267.7919848,0.005987996701151133,167000.76000505476,0.39197072865604576,0.38857562295751635,-0.0033951056985294104,0,0.0,0
1779941267.826732,0.009355004294775426,106894.65963778114,0.3911465439474401,0.3877759906045752,-0.0033705533428649015,0,0.0,0
1779941267.8599703,0.006144007784314454,162760.2104530178,0.39091508799700436,0.3875637084694989,-0.0033513795275054714,0,0.0,0
1779941267.8920028,0.00701200042385608,142612.65538402152,0.3917989515250545,0.3884340107570806,-0.0033649407679738896,0,0.0,0
1779941267.925369,0.005629000952467322,177651.41779940127,0.393469332958878,0.39004399850217863,-0.003425334456699347,0,0.0,0
1779941267.9601722,0.00963101047091186,103831.26495607686,0.39317861519607844,0.3897746119281046,-0.003404003267973854,0,0.0,0
1779941267.9933374,0.005948997568339109,168095.54694089215,0.39256204469635075,0.3891893722766885,-0.0033726724196622704,0,0.0,0
1779941268.0259967,0.007328999345190823,136444.2747093687,0.3925742995983115,0.38921645220588236,-0.0033578473924291696,0,0.0,0
1779941268.0590005,0.0065680069383233786,152253.18873601418,0.3946395569512527,0.3912495404411765,-0.003390016510076199,0,0.0,0
1779941268.093162,0.008964008884504437,111557.22990509772,0.39605313010620913,0.39263151892701526,-0.003421611179193873,0,0.0,0
1779941268.1263404,0.005849986337125301,170940.5701777079,0.39557324857026144,0.39219468273420477,-0.0033785658360566684,0,0.0,0
1779941268.1591313,0.008679999154992402,115207.38448745568,0.39497031590413945,0.39161111111111113,-0.003359204793028314,0,0.0,0
1779941268.192838,0.006763002602383494,147863.31734480904,0.3956968698937909,0.3923278696895425,-0.003369000204248407,0,0.0,0
1779941268.227344,0.007298993295989931,137005.19502455226,0.397325282543573,0.3939268790849673,-0.0033984034586057033,0,0.0,0
1779941268.2606618,0.006554997526109219,152555.3588718987,0.3969516867510893,0.3935565597766884,-0.0033951269744009194,0,0.0,0
1779941268.2923148,0.006217000191099942,160849.2792764536,0.39591064133986925,0.3925490366285403,-0.0033616047113289582,0,0.0,0
1779941268.3260496,0.0063019979279488325,158679.83636825456,0.3956309146922658,0.39228400735294117,-0.003346907339324634,0,0.0,0
1779941268.3611395,0.008289003744721413,120641.75995056318,0.39727752672249456,0.3939154411764706,-0.003362085546023963,0,0.0,0
1779941268.3936346,0.005225010681897402,191387.16854007688,0.3985654190495643,0.3951387357026144,-0.003426683346949899,0,0.0,0
1779941268.4252312,0.007214999641291797,138600.14549092297,0.3982354260280501,0.39486260893246183,-0.0033728170955882875,0,0.0,0
1779941268.4590204,0.0067259970819577575,148676.84119020266,0.3976664922045207,0.39432506127450984,-0.00334143093001088,0,0.0,0
1779941268.4936447,0.006333997589536011,157878.17817487576,0.39843563623366013,0.39510280501089323,-0.0033328312227668966,0,0.0,0
1779941268.5271022,0.00563000503461808,177619.7345919135,0.4002532552083333,0.39686579180283227,-0.0033874634055010566,0,0.0,0
1779941268.5589914,0.007690992788411677,130022.22567504413,0.40099368532135077,0.3975786526416122,-0.0034150326797385833,0,0.0,0
1779941268.5927353,0.006381000275723636,156715.24162198775,0.40014336958741825,0.3967683823529412,-0.003374987234477045,0,0.0,0
1779941268.6267283,0.007347000064328313,136109.97566956238,0.39962380429602395,0.39624916598583876,-0.0033746383101851962,0,0.0,0
1779941268.6604779,0.006529007805511355,153162.62896115184,0.40017164522058823,0.39680766612200435,-0.0033639790985838802,0,0.0,0
1779941268.6930034,0.010638003004714847,94002.60552255834,0.40202985004765796,0.3986067197712418,-0.003423130276416164,0,0.0,0
1779941268.7258952,0.00559899490326643,178603.48460338914,0.40203749234068625,0.3986191789215686,-0.0034183134191176356,0,0.0,0
1779941268.760746,0.00925500353332609,108049.6616126755,0.4010739506740196,0.3977004357298475,-0.0033735149441720957,0,0.0,0
1779941268.7940874,0.006346992449834943,157554.93769746105,0.40036314508442267,0.3969967150054466,-0.0033664300789760793,0,0.0,0
1779941268.8260276,0.007455993909388781,134120.28123316652,0.4014137391067538,0.3980326456971678,-0.0033810934095860334,0,0.0,0
1779941268.8591568,0.006418995326384902,155787.61926956996,0.40284443508306095,0.39941617306644883,-0.003428262016612116,0,0.0,0
1779941268.8940313,0.006898000719957054,144969.54126241754,0.40243942333877997,0.3990662956154684,-0.003373127723311553,0,0.0,0
1779941268.926768,0.005431007593870163,184127.89573866074,0.4015677934368192,0.398203533496732,-0.003364259940087211,0,0.0,0
1779941268.9586093,0.009123003110289574,109613.0285072608,0.4015520365264161,0.39820695465686273,-0.0033450818695533457,0,0.0,0
1779941268.9925091,0.013807992218062282,72421.82528839324,0.4030348286015795,0.3996579861111111,-0.0033768424904684347,0,0.0,0
1779941269.0271502,0.006842994480393827,146134.85410007933,0.40291250936138345,0.3995179908769063,-0.003394518484477138,0,0.0,0
1779941269.060611,0.00500200258102268,199919.92882889436,0.4014981915509259,0.3981486757897603,-0.0033495157611656,0,0.0,0
1779941269.0919719,0.0061680038925260305,162127.0053366426,0.40069569972086055,0.39736594498910677,-0.0033297547317537868,0,0.0,0
1779941269.1257002,0.00656300107948482,152369.31822636505,0.40109387765522875,0.39775667211328974,-0.0033372055419390034,0,0.0,0
1779941269.160452,0.008370989235118032,119460.1942390265,0.4026563265931372,0.39927170138888884,-0.0033846252042483704,0,0.0,0
1779941269.1938818,0.005509005859494209,181520.95414394996,0.4019502442470044,0.39858629493464054,-0.003363949312363834,0,0.0,0
1779941269.2267518,0.007926006219349802,126166.94616750295,0.4010971030773421,0.3977674802559913,-0.0033296228213507972,0,0.0,0
1779941269.2596228,0.009581999620422721,104362.35019970538,0.4010002553104575,0.39767267497276687,-0.00332758033769065,0,0.0,0
1779941269.296192,0.007784008630551398,128468.51120836473,0.4025735294117647,0.39921396718409585,-0.0033595622276688664,0,0.0,0
1779941269.3274734,0.007435010047629476,134498.8094964085,0.40349965958605666,0.40010998774509804,-0.003389671840958619,0,0.0,0
1779941269.3589997,0.007595997885800898,131648.27255537908,0.40215157356345316,0.3987996834150327,-0.0033518901484204666,0,0.0,0
1779941269.392674,0.005053996574133635,197863.2128715722,0.40093448308142704,0.39761237064270155,-0.0033221124387254886,0,0.0,0
1779941269.4343655,0.007494003511965275,133440.02286672985,0.400893190870098,0.3975607468681917,-0.0033324440019062984,0,0.0,0
1779941269.4749966,0.0086759973783046,115260.52353365425,0.40227832244008715,0.39890470111655774,-0.003373621323529419,0,0.0,0
1779941269.5047078,0.006039001164026558,165590.29760697065,0.4023128148828976,0.39893087894880175,-0.003381935934095859,0,0.0,0
1779941269.5343509,0.005441004759632051,183789.58375835445,0.40144931661900873,0.39811192810457513,-0.0033373885144336035,0,0.0,0
1779941269.5650816,0.00681899837218225,146649.10378618774,0.4012078737745098,0.3978808040577342,-0.003327069716775599,0,0.0,0
1779941269.5956583,0.005352994776330888,186811.31624145384,0.40229094754221134,0.3989505718954248,-0.0033403756467865198,0,0.0,0
1779941269.6266975,0.006631991709582508,150784.2656912717,0.40396938827614376,0.4005794355936819,-0.0033899526824618387,0,0.0,0
1779941269.6605494,0.005900001269765198,169491.48894671287,0.4032048951525054,0.3998416904956427,-0.003363204656862684,0,0.0,0
1779941269.702875,0.00640600046608597,156103.6414677307,0.4021735047317538,0.3988316142429194,-0.003341890488834376,0,0.0,0
1779941269.7628627,0.021848987671546638,45768.71089099811,0.4022476341230937,0.39892253880718953,-0.003325095315904192,0,0.0,0
1779941269.8214326,0.02997599949594587,33360.02191137099,0.40477230136846404,0.40139196963507623,-0.003380331733387809,0,0.0,0
1779941269.8696742,0.027431000489741564,36455.10488667639,0.40345916734749454,0.4001066516884531,-0.003352515659041433,0,0.0,0
1779941269.9131224,0.014389006537385285,69497.5012626352,0.40309272450299566,0.3997560763888889,-0.003336648114106777,0,0.0,0
1779941269.9464853,0.006603004294447601,151446.21378497206,0.4044171560117102,0.40102973515795204,-0.0033874208537581496,0,0.0,0
1779941269.9756289,0.0064580090111121535,154846.48570160277,0.4040584703499456,0.4006776960784314,-0.0033807742715141753,0,0.0,0
1779941270.0073225,0.006587986717931926,151791.44142444717,0.4033705022807734,0.4000239991830065,-0.0033465030977669064,0,0.0,0
1779941270.0374613,0.006693997420370579,149387.568772717,0.40304322831563183,0.399698154956427,-0.0033450733592048087,0,0.0,0
1779941270.0756075,0.006185000529512763,161681.47362774392,0.40365145016339865,0.4002986281318083,-0.0033528220315903745,0,0.0,0
1779941270.1083438,0.007071008440107107,141422.54368244717,0.4045141399441721,0.4011168641067538,-0.0033972758374183343,0,0.0,0
1779941270.1454692,0.007630005711689591,131061.50084107337,0.4030031573393246,0.39964479507080614,-0.003358362268518489,0,0.0,0
1779941270.1759257,0.0073359988164156675,136314.089604583,0.40166585818355116,0.3983383033769063,-0.0033275548066448724,0,0.0,0
1779941270.2096596,0.005930007318966091,168633.85594848677,0.4005557300177015,0.3972399748093682,-0.0033157552083333264,0,0.0,0
1779941270.2633798,0.017658996512182057,56628.35933571594,0.40034523505582786,0.397002740332244,-0.0033424947235838887,0,0.0,0
1779941270.3189402,0.014331002603285015,69778.78852459183,0.39630164930555556,0.3930038466775599,-0.003297802627995672,0,0.0,0
1779941270.3671763,0.014510995242744684,68913.26082544115,0.39395692912581703,0.39069379765795204,-0.003263131467864999,0,0.0,0
1779941270.407124,0.006063986802473664,164908.01061639396,0.39446296721813723,0.39116552627995643,-0.0032974409381807956,0,0.0,0
1779941270.4598246,0.015009005437605083,66626.66651412482,0.39360104336873636,0.390309861791939,-0.003291181576797364,0,0.0,0
1779941270.4966624,0.00776100205257535,128849.34100335251,0.3920746017156863,0.3888215550108932,-0.0032530467047930944,0,0.0,0
1779941270.5291479,0.0064580090111121535,154846.48570160277,0.39129208792892156,0.3880519301470588,-0.0032401577818627625,0,0.0,0
1779941270.5703788,0.009466006304137409,105641.17198642888,0.3929517633442266,0.3896382591230937,-0.0033135042211329124,0,0.0,0
1779941270.5993667,0.005713009159080684,175039.10323870656,0.39179699840005444,0.3885428240740741,-0.0032541743259803524,0,0.0,0
1779941270.629701,0.004980000085197389,200803.2094160825,0.3911355102805011,0.3878838507625272,-0.003251659517973904,0,0.0,0
1779941270.6616614,0.006522008334286511,153327.00431291264,0.3910716486247277,0.3878319376361656,-0.003239710988562128,0,0.0,0
1779941270.7026043,0.007455004379153252,134138.08351291422,0.392493004493464,0.389205661083878,-0.00328734340958603,0,0.0,0
1779941270.7314463,0.006809990736655891,146843.07786460503,0.39226911849809365,0.3889711328976035,-0.003297985600490161,0,0.0,0
1779941270.760157,0.006798989488743246,147080.68039458673,0.39111207703567535,0.3878520220588235,-0.003260054976851834,0,0.0,0
1779941270.802495,0.007034992449916899,142146.56335726593,0.39075467218137255,0.3875146888616558,-0.003239983319716755,0,0.0,0
1779941270.8331993,0.005794994649477303,172562.71325292732,0.39208647365196075,0.38882586124727664,-0.0032606124046841156,0,0.0,0
1779941270.8684716,0.006217000191099942,160849.2792764536,0.39390180334286495,0.3905947542211329,-0.003307049121732075,0,0.0,0
1779941270.9045868,0.006631002179346979,150806.76690389507,0.39329454316448803,0.39001096132897606,-0.003283581835511973,0,0.0,0
1779941270.9352283,0.007507987902499735,133191.47726211126,0.39258598005174294,0.3893260314542484,-0.0032599485974945663,0,0.0,0
1779941270.9694915,0.005503010470420122,181718.71657799263,0.39292299411083875,0.389666087962963,-0.003256906147875771,0,0.0,0
1779941270.9997191,0.007843991625122726,127486.11265687757,0.3942841350081699,0.39100486791939,-0.0032792670887799025,0,0.0,0
1779941271.0410488,0.009825991583056748,101770.89930794669,0.3951305912990196,0.39179818559368196,-0.00333240570533766,0,0.0,0
1779941271.0841672,0.00921801256481558,108483.25416879125,0.3936972188180828,0.39042209626906316,-0.0032751225490196267,0,0.0,0
1779941271.127299,0.01376800355501473,72632.17183262343,0.39310856226171026,0.38985585171568626,-0.003252710546023996,0,0.0,0
1779941271.1594992,0.00758600072003901,131821.76444545048,0.3912307325708061,0.3879860260076253,-0.0032447065631808214,0,0.0,0
1779941271.2040107,0.007815993740223348,127942.7841470385,0.39185427304602394,0.38857255923202616,-0.0032817138139977775,0,0.0,0
1779941271.2400708,0.006610003765672445,151285.8442219463,0.38993492987472766,0.3867099162581699,-0.003225013616557748,0,0.0,0
1779941271.2766414,0.008581002475693822,116536.50058166945,0.3892592124523421,0.38603545411220047,-0.0032237583401416026,0,0.0,0
1779941271.3054502,0.005895999493077397,169606.527472419,0.3906421143110022,0.38740434368191723,-0.0032377706290849795,0,0.0,0
1779941271.3340435,0.005588997737504542,178922.95666709193,0.39159040543300655,0.38831375953159036,-0.0032766459014161864,0,0.0,0
1779941271.3654912,0.00711499887984246,140548.15986452298,0.38993804040713503,0.3866950571895425,-0.003242983217592532,0,0.0,0
1779941271.3952553,0.005260008038021624,190113.77792040724,0.3885508110362201,0.38532351239106755,-0.003227298645152532,0,0.0,0
1779941271.4271097,0.006176996976137161,161890.96479457218,0.3886235745166122,0.385406556372549,-0.0032170181440632217,0,0.0,0
1779941271.4612613,0.007309005013667047,136817.52825864922,0.3899900131059368,0.3867366727941176,-0.003253340311819175,0,0.0,0
1779941271.4991698,0.007707989425398409,129735.5178906868,0.38987296177151415,0.3865792653867103,-0.003293696384803868,0,0.0,0
1779941271.5330656,0.00536099832970649,186532.42148179314,0.3881269488698257,0.38488960375816994,-0.003237345111655743,0,0.0,0
1779941271.563699,0.011886993888765574,84125.55851863459,0.38713676130174296,0.3839122242647059,-0.0032245370370370674,0,0.0,0
1779941271.596062,0.005447000148706138,183587.29074709804,0.38780527896922656,0.38457477192265793,-0.0032305070465686314,0,0.0,0
1779941271.6341372,0.008292001439258456,120598.14597540986,0.389401833129085,0.3861193321078431,-0.0032825010212418904,0,0.0,0
1779941271.669431,0.006984992069192231,143164.08524077875,0.3884097605187909,0.3851504289215686,-0.0032593315972223036,0,0.0,0
1779941271.7013853,0.006875008693896234,145454.36151779987,0.38697291156045754,0.3837432087418301,-0.0032297028186274446,0,0.0,0
1779941271.7334862,0.006383008440025151,156665.9372921117,0.3866092813861656,0.38339416530501086,-0.0032151160811547674,0,0.0,0
1779941271.7723126,0.007340990123338997,136221.40654034243,0.3877544764433551,0.3845149441721133,-0.003239532271241796,0,0.0,0
1779941271.8255455,0.01606899604666978,62231.64142275366,0.38840796483523965,0.3851252553104575,-0.003282709524782157,0,0.0,0
1779941271.879577,0.014004006516188383,71408.13586769027,0.38729758561410677,0.38405535130718954,-0.0032422343069172244,0,0.0,0
1779941271.9295425,0.012855001841671765,77790.73175690438,0.3879829622821351,0.38476933551198256,-0.0032136267701525223,0,0.0,0
1779941271.9794285,0.010370989912189543,96422.81098206932,0.39112159586056644,0.38782952069716775,-0.003292075163398689,0,0.0,0
1779941272.0336394,0.023640997824259102,42299.399011570255,0.39028255208333335,0.38703799019607843,-0.0032445618872549153,0,0.0,0
1779941272.0675871,0.007166003342717886,139547.79982292402,0.3916176470588235,0.3883823869825708,-0.0032352600762526884,0,0.0,0
1779941272.096714,0.005967012839391828,167588.042277771,0.3933812295751634,0.39009014161220046,-0.0032910879629629575,0,0.0,0
1779941272.1293764,0.006237009074538946,160333.26038954372,0.3925109698393246,0.38925146377995645,-0.0032595060593681446,0,0.0,0
1779941272.1632183,0.006608010153286159,151331.48660534376,0.39180740655637253,0.3885825503812636,-0.0032248561751089255,0,0.0,0
1779941272.1944904,0.006483009201474488,154249.35688392379,0.39200171058006533,0.3887693184912854,-0.003232392088779956,0,0.0,0
1779941272.2283664,0.007434005965478718,134516.97572529514,0.39355371732026145,0.3903113596132898,-0.003242357706971677,0,0.0,0
1779941272.2665641,0.008199989679269493,121951.37300332387,0.3942904922385621,0.39100037445533764,-0.0032901177832244666,0,0.0,0
1779941272.2976503,0.005469992174766958,182815.6180209899,0.39295383986928106,0.38970782271241833,-0.003246017156862735,0,0.0,0
1779941272.3446589,0.012181000784039497,82095.06080241605,0.392458780126634,0.3892279752178649,-0.0032308049087690915,0,0.0,0
1779941272.397142,0.011716008884832263,85353.29819479877,0.39310726017837694,0.3898647024782135,-0.003242557700163462,0,0.0,0
1779941272.4536839,0.031396004487760365,31851.186681727188,0.39459008629493464,0.39130353009259256,-0.0032865562023420836,0,0.0,0
1779941272.5145848,0.01968900323845446,50789.772742121684,0.3926108302696078,0.3893783360566449,-0.0032324942129628997,0,0.0,0
1779941272.5631092,0.01509599678684026,66242.72740119665,0.39308777573529413,0.38983564814814814,-0.003252127587145992,0,0.0,0
1779941272.6023037,0.006999005563557148,142877.44036193675,0.39443584473720045,0.39113863357843137,-0.0032972111587690756,0,0.0,0
1779941272.6638093,0.02395101182628423,41751.889534060676,0.39182238902505445,0.38858755446623094,-0.0032348345588235072,0,0.0,0
1779941272.7095551,0.011542986612766981,86632.69165485838,0.39358490774782134,0.39032691653050106,-0.0032579912173202885,0,0.0,0
1779941272.7409937,0.007601993274874985,131544.44681042485,0.3941886616625817,0.3908976715686274,-0.0032909900939542824,0,0.0,0
1779941272.7695198,0.0057789875427260995,173040.69140254174,0.39284266067538126,0.38959106072984745,-0.003251599945533812,0,0.0,0
1779941272.8126223,0.009777009836398065,102280.76034834069,0.3921851766748366,0.3889603587962963,-0.003224817878540287,0,0.0,0
1779941272.8429708,0.005340989446267486,187231.22561098548,0.39275312329793033,0.38953659449891065,-0.00321652879901968,0,0.0,0
1779941272.8816466,0.0074960116762667894,133404.27459126187,0.3944606736791939,0.3911792960239651,-0.00328137765522879,0,0.0,0
1779941272.9112444,0.006581991328857839,151929.7048623624,0.3938790126293573,0.3906290509259259,-0.003249961703431392,0,0.0,0
1779941272.941308,0.006948001100681722,143926.28692903952,0.39301523352396517,0.3897780671296296,-0.0032371663943355777,0,0.0,0
1779941272.971578,0.0072690017987042665,137570.47084212507,0.39293932546977123,0.3897188010620915,-0.0032205244076797257,0,0.0,0
1779941273.00047,0.006375004886649549,156862.6248576196,0.3944171432461874,0.39117449618736383,-0.0032426470588235445,0,0.0,0
1779941273.0290325,0.005499008693732321,181850.95818084147,0.39555344924428104,0.3922543743191721,-0.003299074925108947,0,0.0,0
1779941273.0634437,0.007441994966939092,134372.57139281594,0.3942552253540305,0.39101550585511985,-0.003239719498910665,0,0.0,0
1779941273.0970373,0.0074590061558410525,134066.11807350672,0.39336156641476033,0.3901421568627451,-0.0032194095520152177,0,0.0,0
1779941273.1347826,0.007337002898566425,136295.4347742441,0.3941470077614379,0.39092068355119824,-0.0032263242102396616,0,0.0,0
1779941273.168701,0.006714995834045112,148920.42001425938,0.39581859766476035,0.39255691721132896,-0.0032616804534313926,0,0.0,0
1779941273.2065008,0.007367008947767317,135740.29936573716,0.3958287505106209,0.39255839801198256,-0.0032703524986383292,0,0.0,0
1779941273.2367198,0.00567000824958086,176366.5864284981,0.3945705337690632,0.3913186955337691,-0.0032518382352941244,0,0.0,0
1779941273.2742043,0.008612012607045472,116116.87599968234,0.3939210197099673,0.3906993293845316,-0.0032216903254356777,0,0.0,0
1779941273.3045752,0.0071020040195435286,140805.32723554748,0.3948241506672113,0.3915880480664488,-0.0032361026007625138,0,0.0,0
1779941273.3349004,0.006952002877369523,143843.43873838798,0.3963508220996732,0.3930577682461874,-0.003293053853485828,0,0.0,0
1779941273.364834,0.005833004252053797,171438.24293423077,0.3954472486043028,0.3921793641067538,-0.0032678844975490007,0,0.0,0
1779941273.3994741,0.007446011295542121,134300.09172813015,0.3940353647535403,0.39081481481481484,-0.0032205499387254477,0,0.0,0
1779941273.436882,0.007829003152437508,127730.18231429075,0.3937715269267429,0.3905369689542484,-0.0032345579724945006,0,0.0,0
1779941273.467439,0.0075699936132878065,132100.50775269797,0.39521575435729844,0.3919663841230937,-0.0032493702342047404,0,0.0,0
1779941273.497962,0.0060789898270741105,164501.01553818717,0.39630396837554466,0.3930017361111111,-0.0033022322644335467,0,0.0,0
1779941273.5287936,0.007035007001832128,142146.26932703407,0.3947833137595316,0.391526892701525,-0.0032564210580065533,0,0.0,0
1779941273.569422,0.007205002475529909,138792.45751771273,0.39371338848039217,0.39047309027777777,-0.0032402982026144,0,0.0,0
1779941273.6063619,0.010956006008200347,91274.13760557637,0.393920228247549,0.39069926130174293,-0.003220966945806092,0,0.0,0
1779941273.6367302,0.0048100046114996076,207900.0085798736,0.395319627416939,0.392052253540305,-0.0032673738766340055,0,0.0,0
1779941273.665636,0.006040005246177316,165562.77010403166,0.3949994383169934,0.3917116864106754,-0.003287751906318026,0,0.0,0
1779941273.7042716,0.006530011887662113,153139.07802976787,0.3934419509123093,0.39020496323529413,-0.0032369876770151906,0,0.0,0
1779941273.7349193,0.006739996024407446,148368.04003722183,0.3927107289964597,0.38947268178104577,-0.0032380472154139306,0,0.0,0
1779941273.7831857,0.0142700009746477,70077.08000697513,0.393238179125817,0.3900089528867103,-0.0032292262391067084,0,0.0,0
1779941273.8398619,0.024564011255279183,40709.96343421251,0.3938719490400327,0.3905833673747277,-0.0032885816653049904,0,0.0,0
1779941273.8877683,0.01295199035666883,77208.21066586972,0.3909713116149237,0.387749795751634,-0.0032215158632897256,0,0.0,0
1779941273.950533,0.02523399598430842,39629.07819363381,0.3907406726579521,0.38752314814814814,-0.0032175245098039484,0,0.0,0
1779941273.9946055,0.010300995199941099,97077.99883313391,0.39245715039488016,0.38917374727668846,-0.0032834031181916967,0,0.0,0
1779941274.0523155,0.028804002795368433,34717.396991809626,0.3909265854779412,0.3876876531862745,-0.003238932291666663,0,0.0,0
1779941274.0950947,0.011841999366879463,84445.19958317769,0.39030155569172115,0.38707526552287586,-0.0032262901688452916,0,0.0,0
1779941274.1336222,0.009399998816661537,106382.99211564749,0.39205195142293026,0.38878250953159044,-0.0032694418913398193,0,0.0,0
1779941274.1793978,0.006483998731710017,154225.81671854696,0.39070749931917215,0.38746616285403046,-0.0032413364651416865,0,0.0,0
1779941274.2308764,0.014762001228518784,67741.49280438312,0.39058922249455336,0.38736157066993465,-0.0032276518246187047,0,0.0,0
1779941274.2706883,0.01034500019159168,96665.05379214886,0.3921333018450436,0.3888850762527233,-0.0032482255923202974,0,0.0,0
1779941274.3010018,0.006645001121796668,150489.0641357215,0.3931885042211329,0.3899352362472767,-0.0032532679738561665,0,0.0,0
1779941274.331043,0.0056110002333298326,178221.3435066198,0.39260615383306097,0.3893681406590414,-0.0032380131740195606,0,0.0,0
1779941274.37346,0.014127013855613768,70786.36789208087,0.39329510910266885,0.3900542109204793,-0.0032408981821895333,0,0.0,0
1779941274.4024417,0.006023998139426112,166002.70731412724,0.3954005523216231,0.39212545955882355,-0.003275092762799525,0,0.0,0
1779941274.432653,0.007013004506006837,142592.23691407466,0.3961628710511983,0.3928596132897603,-0.003303257761437972,0,0.0,0
1779941274.4645894,0.005445996066555381,183621.13886587965,0.3948800679125817,0.3916218681917211,-0.003258199720860555,0,0.0,0
1779941274.5042627,0.007511000148952007,133138.0615322618,0.3945825588916122,0.39135173270697166,-0.003230826184640545,0,0.0,0
1779941274.5338988,0.007014008588157594,142571.8242900919,0.39594241898148147,0.3927007761437909,-0.0032416428376905726,0,0.0,0
1779941274.5739336,0.007713999366387725,129634.44155275777,0.3981599562568083,0.39486405569172117,-0.0032959005650871065,0,0.0,0
1779941274.6110623,0.007429989636875689,134589.68974019997,0.39785676657815905,0.3945780058551198,-0.0032787607230392313,0,0.0,0
1779941274.6626887,0.016759004211053252,59669.416357116184,0.39692500680827886,0.3936722494553377,-0.0032527573529411713,0,0.0,0
1779941274.6976857,0.006757007213309407,147994.51420301592,0.3970936521309913,0.4083503540305011,0.01125670189950978,1,0.257598340511322,0
1779941274.7282307,0.006967005901969969,143533.6806184193,0.39886531947848586,0.39562430215141614,-0.0032410173270697173,0,0.0,0
1779941274.7586877,0.006160000339150429,162337.65339985638,0.40008285249863834,0.39677658632897606,-0.0033062661696622864,0,0.0,0
1779941274.792288,0.00730800093151629,136836.32629101438,0.39883184402233113,0.3955883544389978,-0.0032434895833333144,0,0.0,0
1779941274.8294537,0.009687995770946145,103220.52400135786,0.39803961567265794,0.3947929772603486,-0.0032466384123093217,0,0.0,0
1779941274.859598,0.006446003681048751,155134.87883042943,0.3983047513276144,0.39506912105119824,-0.003235630276416157,0,0.0,0
1779941274.8900647,0.005209993105381727,191938.83365546828,0.40005958095043576,0.3967739821623094,-0.0032855987881263427,0,0.0,0
1779941274.919157,0.006319998647086322,158227.88197289014,0.3997457363153595,0.39645743123638344,-0.0032883050789760393,0,0.0,0
1779941274.9497511,0.00551799894310534,181225.11626238812,0.39816441142429193,0.394909092456427,-0.0032553189678649064,0,0.0,0
1779941274.9806762,0.005916997906751931,169004.62291171213,0.39741619008714596,0.3941760110294118,-0.0032401790577341605,0,0.0,0
1779941275.012727,0.004569999873638153,218818.38679437537,0.39832785692401956,0.3950911458333333,-0.0032367110906862395,0,0.0,0
1779941275.0440767,0.006151996785774827,162548.84955601496,0.3996437865944989,0.41071092047930285,0.011067133884803959,1,0.25410276651382446,0
1779941275.0754762,0.005449008313007653,183519.63193244545,0.3985554066244553,0.3952807734204793,-0.0032746332039760295,0,0.0,0
1779941275.1083071,0.007855996955186129,127291.29169784758,0.39695341860702615,0.39371929466230937,-0.0032341239447167824,0,0.0,0
1779941275.1403353,0.005066001904197037,197394.31980306376,0.396605817674292,0.39337603826252726,-0.0032297794117647216,0,0.0,0
1779941275.170945,0.006807997124269605,146886.07849658644,0.3977322091162854,0.39447950708060997,-0.0032527020356754033,0,0.0,0
1779941275.2025642,0.00595299934502691,167982.54829901707,0.3982731055964052,0.39498195806100217,-0.0032911475354030495,0,0.0,0
1779941275.2351701,0.006953996489755809,143802.20086005755,0.3966956997208606,0.39344258918845315,-0.003253110532407455,0,0.0,0
1779941275.274784,0.007371010724455118,135666.60494499854,0.3957383408224401,0.392502025462963,-0.0032363153594771044,0,0.0,0
1779941275.3110352,0.012461998267099261,80243.95274071618,0.3962634506059368,0.407854098583878,0.011590647977941182,1,0.34706929326057434,0
1779941275.3412488,0.006283997208811343,159134.3800404323,0.39786746834150327,0.3945928649237473,-0.0032746034177559835,0,0.0,0
1779941275.372808,0.006185990059748292,161655.61055568364,0.39754174325980396,0.39426225490196076,-0.0032794883578431966,0,0.0,0
1779941275.4046414,0.0062219914980232716,160720.2453294416,0.3963697831563181,0.3931246255446623,-0.00324515761165578,0,0.0,0
1779941275.4333563,0.005993002559989691,166861.2669509222,0.3959712520424837,0.39273583877995644,-0.0032354132625272425,0,0.0,0
1779941275.4643412,0.0056340068113058805,177493.57313400455,0.39726045921840963,0.3940279479847495,-0.0032325112336601403,0,0.0,0
1779941275.498978,0.006663001840934157,150082.50393336217,0.39887358302696074,0.3955896309912854,-0.0032839520356753304,0,0.0,0
1779941275.539546,0.00673800241202116,148411.93856148171,0.3978720001021242,0.3946219873366013,-0.0032500127655228916,0,0.0,0
1779941275.568882,0.00833999365568161,119904.16795086543,0.3971453482434641,0.3939182325708061,-0.0032271156726579875,0,0.0,0
1779941275.6013088,0.006308007868938148,158528.65449394786,0.3974786900871459,0.3942544424019608,-0.0032242476851851443,0,0.0,0
1779941275.6352804,0.007794005796313286,128303.72803584764,0.3993088660811547,0.3960516237745098,-0.0032572423066448697,0,0.0,0
1779941275.6747208,0.006286005373112857,159083.54203407172,0.4003740681168301,0.3970768144063181,-0.0032972537105119826,0,0.0,0
1779941275.7038026,0.006410002242773771,156006.1856651199,0.3989620055487473,0.395720571214597,-0.003241434334150306,0,0.0,0
1779941275.7329714,0.006934991688467562,144196.27952300716,0.39839080797249454,0.3951646582244009,-0.003226149748093654,0,0.0,0
1779941275.767564,0.00658100179862231,151952.5492622329,0.399110847290305,0.39588177423747273,-0.0032290730528322653,0,0.0,0
1779941275.8010392,0.005460009560920298,183149.8624393338,0.4006589477805011,0.41107761437908497,0.01041866659858387,1,0.3813028037548065,0
1779941275.832487,0.006640999345108867,150579.74681724756,0.3998163168913399,0.4103217081971678,0.010505391305827894,1,0.2998028099536896,0
1779941275.8789427,0.010710995411500335,93362.00433120396,0.3975500834014161,0.4079956597222222,0.01044557632080606,1,0.2685403525829315,0
1779941275.9308589,0.015829005860723555,63175.1613966671,0.39579878131808277,0.39257129970043575,-0.003227481617647021,0,0.0,0
1779941275.9944024,0.022150998120196164,45144.69255849245,0.3959176836533224,0.3926702920751634,-0.003247391578159009,0,0.0,0
1779941276.0515192,0.017391008441336453,57500.97835747774,0.39605618957652505,0.3927979132625272,-0.003258276313997832,0,0.0,0
1779941276.1003587,0.013043012586422265,76669.40389530842,0.39454614736519605,0.3913213167211329,-0.003224830644063148,0,0.0,0
1779941276.1572506,0.025999994250014424,38461.54696743617,0.3955316329656863,0.39225508918845314,-0.003276543777233132,0,0.0,0
1779941276.2111013,0.013554992619901896,73773.55547444316,0.3942283624387255,0.39097855392156866,-0.003249808517156838,0,0.0,0
1779941276.2718904,0.015058991266414523,66405.51032327516,0.39471017582380175,0.3914807495915033,-0.003229426232298438,0,0.0,0
1779941276.315754,0.011523996363393962,86775.45258314256,0.3958708214188453,0.3926028220315904,-0.0032679993872548607,0,0.0,0
1779941276.3494875,0.009417999535799026,106179.66121137206,0.39441745812908496,0.39118099809368195,-0.0032364600354030104,0,0.0,0
1779941276.3800526,0.005687004886567593,175839.48316308775,0.39389100371051194,0.3906560287309368,-0.003234974979575145,0,0.0,0
1779941276.4093144,0.006431000656448305,155496.7964429158,0.3947136395356754,0.391481838916122,-0.0032318006195534155,0,0.0,0
1779941276.438921,0.006211004802025855,161004.5446549692,0.39566165832652506,0.39237067674291937,-0.00329098158360569,0,0.0,0
1779941276.4800203,0.008094997610896826,123533.0815482739,0.3942485787717865,0.39100399986383444,-0.003244578907952045,0,0.0,0
1779941276.5115724,0.004996996722184122,200120.20331342405,0.3937152011846405,0.39049705541938995,-0.003218145765250535,0,0.0,0
1779941276.5509305,0.012838005204685032,77893.72134193133,0.3941519778050109,0.3909259429466231,-0.003226034858387794,0,0.0,0
1779941276.5876448,0.00654099858365953,152881.85545524524,0.3958729873025599,0.392596898828976,-0.003276088473583849,0,0.0,0
1779941276.6187968,0.006778005626983941,147536.02387388065,0.39580916394335514,0.3925298372821351,-0.00327932666122005,0,0.0,0
1779941276.650167,0.005031004548072815,198767.46094039246,0.3941935508578432,0.39095889501633985,-0.003234655841503342,0,0.0,0
1779941276.6809301,0.005480003892444074,182481.6222081188,0.3932064823325163,0.38998170275054467,-0.0032247795819716485,0,0.0,0
1779941276.7126467,0.004886009264737368,204666.00569447587,0.39339919066584966,0.3901747685185185,-0.003224422147331152,0,0.0,0
1779941276.7457302,0.006439993740059435,155279.65404369647,0.39450373604302835,0.3912187670206972,-0.0032849690223311634,0,0.0,0
1779941276.7787857,0.0058810110203921795,170038.79035977632,0.39225683380991283,0.38899184708605666,-0.003264986723856167,0,0.0,0
1779941276.8101525,0.008266011718660593,120977.32667647825,0.38966719856345317,0.38643203635620915,-0.0032351622072440134,0,0.0,0
1779941276.8424366,0.005651992978528142,176928.74067589766,0.38825415730528323,0.38503484136710237,-0.0032193159381808667,0,0.0,0
1779941276.8728786,0.006306989234872162,158554.25826175034,0.38898331120642704,0.38573296228213505,-0.0032503489242919903,0,0.0,0
1779941276.9131072,0.012005009921267629,83298.55673242196,0.38946144812091504,0.3861724196623094,-0.003289028458605625,0,0.0,0
1779941276.9439073,0.0063920015236362815,156445.51965487018,0.38790775207652506,0.38467262391067536,-0.003235128165849699,0,0.0,0
1779941276.975181,0.005238995072431862,190876.30092689037,0.3870617510893246,0.38383517156862745,-0.0032265795206971593,0,0.0,0
1779941277.0082471,0.006333997589536011,157878.17817487576,0.3876958443967865,0.3844699584694989,-0.0032258859272876195,0,0.0,0
1779941277.0405788,0.005027002771385014,198925.69100861766,0.38963987183415033,0.38636640454793025,-0.0032734672862200775,0,0.0,0
1779941277.0710795,0.006079004378989339,164500.62175580376,0.3899554355596405,0.38668144063180826,-0.0032739949278322578,0,0.0,0
1779941277.110549,0.008470989996567369,118049.95642837755,0.3888945227396514,0.3856602158224401,-0.003234306917211327,0,0.0,0
1779941277.1423726,0.006432994268834591,155448.60732188422,0.38888427202478215,0.3856683857570806,-0.0032158862677015287,0,0.0,0
1779941277.1726646,0.005303998477756977,188537.0073527798,0.39042183244825707,0.38719097222222226,-0.003230860226034804,0,0.0,0
1779941277.201687,0.005818001227453351,171880.33499912458,0.3918872889433551,0.388604609204793,-0.003282679738562111,0,0.0,0
1779941277.2325487,0.005705995135940611,175254.2678666609,0.3906149918300654,0.387363732298475,-0.003251259531590389,0,0.0,0
1779941277.267176,0.0065720087150111794,152160.47990257404,0.38914540356072985,0.38591476034858385,-0.0032306432121460005,0,0.0,0
1779941277.3100293,0.009751005563884974,102553.52573110237,0.38930629595588234,0.3860774952342048,-0.003228800721677527,0,0.0,0
1779941277.344502,0.005920999683439732,168890.39916635538,0.3909548781318083,0.3876933040577342,-0.0032615740740740695,0,0.0,0
1779941277.380233,0.007651004125364125,130701.79856325829,0.3919222622208606,0.38862377450980395,-0.003298487711056619,0,0.0,0
1779941277.4317033,0.013836004654876888,72275.19973748505,0.3907504297726035,0.38749201729302835,-0.0032584124795751457,0,0.0,0
1779941277.4953783,0.02148799831047654,46537.606041808314,0.3898530007489107,0.3866218681917212,-0.003231132557189542,0,0.0,0
1779941277.5501683,0.0145840022014454,68568.28367050653,0.39148634089052287,0.3882186138344227,-0.003267727056100178,0,0.0,0
1779941277.595881,0.013343000318855047,74945.66260235308,0.3893929823665577,0.38615735634531595,-0.0032356260212417776,0,0.0,0
1779941277.635431,0.010472998837940395,95483.63515302926,0.3879660564746732,0.3847544934640523,-0.003211563010620866,0,0.0,0
1779941277.6704378,0.0072270049713552,138369.9062009198,0.3877077333537582,0.3844810729847495,-0.003226660369008705,0,0.0,0
1779941277.7171524,0.008150993380695581,122684.43284083037,0.3846253616898148,0.38137918709150326,-0.0032461745983115575,0,0.0,0
1779941277.7696538,0.011926997103728354,83843.40092506622,0.3829156879765795,0.37969129561546844,-0.0032243923611110503,0,0.0,0
1779941277.8257074,0.018153994460590184,55084.295754901876,0.3840860438793573,0.38082746119281047,-0.0032585826865468293,0,0.0,0
1779941277.8745484,0.011388008715584874,87811.66444239423,0.38415591809640526,0.3808721745642702,-0.003283743532135064,0,0.0,0
1779941277.9213204,0.009732990292832255,102743.34710232251,0.3809547164351852,0.3777383238017429,-0.003216392633442311,0,0.0,0
1779941277.966918,0.011908006854355335,83977.10987496212,0.38109157135076255,0.37786441312636165,-0.0032271582244008945,0,0.0,0
1779941278.0021234,0.008522998541593552,117329.59886357428,0.3825882055078976,0.37931432121459696,-0.003273884293300666,0,0.0,0
1779941278.0566642,0.02264999784529209,44150.114575302476,0.38204303257761435,0.3787715311819172,-0.0032715013956971517,0,0.0,0
1779941278.1053665,0.016288002370856702,61394.88300844365,0.38120394624863835,0.37799353213507625,-0.003210414113562099,0,0.0,0
1779941278.1443892,0.00605199602432549,165234.74172497535,0.38477597358387805,0.3814934980936819,-0.0032824754901961684,0,0.0,0
1779941278.1925318,0.010763003956526518,92910.86429394236,0.38387396599264706,0.3806327614379085,-0.003241204554738586,0,0.0,0
1779941278.2363403,0.010643998393788934,93949.65716863764,0.383175985498366,0.3799489549291939,-0.003227030569172118,0,0.0,0
1779941278.2705646,0.008727001841180027,114586.8899994164,0.38390153101171026,0.3806787002995643,-0.003222830712145963,0,0.0,0
1779941278.3077548,0.006964997737668455,143575.06458211024,0.38662626378676473,0.38335848992374727,-0.0032677738630174646,0,0.0,0
1779941278.3379948,0.006731002940796316,148566.2699594207,0.3855413347630719,0.38229980255991286,-0.0032415322031590366,0,0.0,0
1779941278.3721547,0.006051006494089961,165261.76281197244,0.3853374948937908,0.3821124897875817,-0.0032250051062091,0,0.0,0
1779941278.4094381,0.008497008820995688,117688.47379904437,0.3862099588099129,0.38298020492919393,-0.003229753880718944,0,0.0,0
1779941278.4384418,0.006033995305188,165727.67286381626,0.38772800500408494,0.38444502314814816,-0.003282981855936784,0,0.0,0
1779941278.4683368,0.006223999662324786,160668.3891795843,0.3871449993191721,0.38388058278867104,-0.0032644165305010797,0,0.0,0
1779941278.5004742,0.005922003765590489,168861.76361630345,0.38623567708333334,0.3829946725217865,-0.0032410045615468563,0,0.0,0
1779941278.5322995,0.006565998774021864,152299.7542973148,0.386339916087963,0.3831072133714597,-0.0032327027165032773,0,0.0,0
1779941278.5663428,0.006214992026798427,160901.25227644693,0.3877677568423203,0.3845221269063181,-0.0032456299360021923,0,0.0,0
1779941278.6043813,0.008825998520478606,113301.6278758421,0.3886860702614379,0.3854021309912854,-0.003283939270152525,0,0.0,0
1779941278.6505134,0.012232994777150452,81746.13152519791,0.38750323818763616,0.3842532169117647,-0.003250021275871484,0,0.0,0
1779941278.7077224,0.025128989364020526,39794.6763999905,0.3867417024101307,0.38350670615468413,-0.0032349962554465983,0,0.0,0
1779941278.7683012,0.015199009794741869,65793.75982414014,0.38927090992647057,0.3859931406590414,-0.003277769267429176,0,0.0,0
1779941278.8175945,0.01540100493002683,64930.82786113088,0.38782277624591505,0.3845698188997821,-0.0032529573461329564,0,0.0,0
1779941278.8641374,0.009377006790600717,106643.83873565876,0.387155186206427,0.3839252450980392,-0.0032299411083878127,0,0.0,0
1779941278.919522,0.014310004189610481,69881.18149720962,0.3878739532271242,0.3846321827342048,-0.0032417704929194047,0,0.0,0
1779941278.9622633,0.011026000720448792,90694.71564113021,0.38794312108523965,0.38467100694444445,-0.0032721141407952015,0,0.0,0
1779941278.9943082,0.008238988812081516,121374.11796622623,0.38666049240876904,0.38343179806644884,-0.003228694342320204,0,0.0,0
1779941279.0242324,0.005960988346487284,167757.4156958861,0.3865316882829521,0.383296568627451,-0.0032351196555011064,0,0.0,0
1779941279.0529876,0.006365007720887661,157109.0003109282,0.3876488630174292,0.38439510144335515,-0.003253761574074032,0,0.0,0
1779941279.0816925,0.005349007551558316,186950.56799997823,0.38749685968137254,0.38419624863834423,-0.003300611043028312,0,0.0,0
1779941279.1202934,0.008791001164354384,113752.68656029584,0.3861114770561002,0.3828704044117647,-0.003241072644335541,0,0.0,0
1779941279.15046,0.005242996849119663,190730.61242977995,0.3851093196827342,0.38189164624183003,-0.0032176734409041785,0,0.0,0
1779941279.1787581,0.005802998202852905,172324.71302651343,0.38549185134123093,0.3822682972494553,-0.0032235540917756045,0,0.0,0
1779941279.2074938,0.005613997927866876,178126.17903476235,0.3870370200163399,0.38376312295751636,-0.0032738970588235272,0,0.0,0
1779941279.2381868,0.007239999831654131,138121.55017295474,0.38653479881535946,0.3832746119281046,-0.003260186887254879,0,0.0,0
1779941279.2689676,0.005622991011478007,177841.2944211962,0.38537805095996736,0.38214591843681917,-0.00323213252314819,0,0.0,0
1779941279.3001864,0.007157999789342284,139703.8319963244,0.3851848788126362,0.38195966094771244,-0.003225217864923746,0,0.0,0
1779941279.3338602,0.006136004230938852,162972.50822576322,0.3862890880310458,0.38304369212962963,-0.003245395901416148,0,0.0,0
1779941279.3690405,0.006852991646155715,145921.6721154132,0.3874194963575708,0.38412442129629626,-0.0032950750612745217,0,0.0,0
1779941279.401672,0.005169000360183418,193461.00412430923,0.386082716333061,0.3828339460784314,-0.003248770254629607,0,0.0,0
1779941279.434011,0.0062359904404729605,160359.45044267198,0.3853812976579521,0.3821440631808279,-0.0032372344771242068,0,0.0,0
1779941279.4677606,0.00614600139670074,162707.41502545282,0.38595786100898694,0.382736502587146,-0.0032213584218409586,0,0.0,0
1779941279.5088766,0.006964008207432926,143595.46545804836,0.3877466809640523,0.38447423066448805,-0.0032724502995642446,0,0.0,0
1779941279.5394404,0.005653011612594128,176896.85932576866,0.38755755974264705,0.38426739515250546,-0.0032901645901415866,0,0.0,0
1779941279.5681403,0.006299989763647318,158730.41663817875,0.3861057283156318,0.3828723958333333,-0.0032333324822984566,0,0.0,0
1779941279.6011047,0.005246009095571935,190621.09534733414,0.38524955746187367,0.38202202478213504,-0.0032275326797386317,0,0.0,0
1779941279.6357856,0.007021997589617968,142409.61880683372,0.38589631842320266,0.3826508884803922,-0.0032454299428104627,0,0.0,0
1779941279.6760528,0.00632100272923708,158202.74770245134,0.3875199354915577,0.3842271412037037,-0.003292794287854006,0,0.0,0
1779941279.7055323,0.007797993021085858,128238.12451434479,0.3869365510961329,0.38365975626361654,-0.003276794832516361,0,0.0,0
1779941279.734651,0.0060019956436008215,166611.25055400116,0.38645894182325713,0.3832071078431372,-0.0032518339801199114,0,0.0,0
1779941279.7757058,0.00799400731921196,125093.70583095474,0.3865759165645425,0.38333501838235295,-0.0032408981821895333,0,0.0,0
1779941279.8068538,0.005781999789178371,172950.54245273522,0.38806415100762526,0.38479673883442267,-0.0032674121732025885,0,0.0,0
1779941279.840474,0.01052899460773915,94975.82981616951,0.38887793607026144,0.38557453363289756,-0.003303402437363878,0,0.0,0
1779941279.873604,0.00596600875724107,167616.24742610022,0.38755662785947714,0.38430698529411766,-0.0032496425653594785,0,0.0,0
1779941279.9060884,0.009114999556913972,109709.27576639026,0.38685600915713503,0.38363019131263615,-0.0032258178444988794,0,0.0,0
1779941279.9374185,0.005972004146315157,167447.97483387875,0.3874069138071895,0.3841733558006536,-0.003233558006535908,0,0.0,0
1779941279.9727457,0.007262002327479422,137703.06795634027,0.38923834933278867,0.38595969498910676,-0.0032786543436819082,0,0.0,0
1779941280.0091066,0.005970010533928871,167503.89204789203,0.3893878974332789,0.38610396241830064,-0.0032839350149782565,0,0.0,0
1779941280.052097,0.008599003194831312,116292.54895510213,0.3883295419730392,0.3850910266884532,-0.0032385152845860188,0,0.0,0
1779941280.0932386,0.009370996849611402,106712.2330791807,0.3881684878812636,0.38492476851851853,-0.00324371936274509,0,0.0,0
1779941280.1229596,0.006884001777507365,145264.34366524685,0.3892484638820806,0.38599933619281046,-0.0032491276892701593,0,0.0,0
1779941280.1523116,0.005403999239206314,185048.1385609651,0.3902858583537582,0.38698326865468413,-0.0033025896990740433,0,0.0,0
1779941280.1928089,0.008481991244480014,117896.84416979196,0.3887008442265795,0.3854288705065359,-0.0032719737200436194,0,0.0,0
1779941280.235417,0.008686998626217246,115114.55717076015,0.38696716707516343,0.3837280773420479,-0.003239089733115541,0,0.0,0
1779941280.2748072,0.009395997039973736,106428.30087596487,0.3863447372004357,0.3831156215958606,-0.003229115604575117,0,0.0,0
1779941280.3149853,0.012720003724098206,78616.32918436082,0.3862836754493464,0.3829665032679739,-0.0033171721813725075,0,0.0,0
1779941280.36113,0.02003100235015154,49922.61408188766,0.38398280484068625,0.38071583946078436,-0.0032669653799018983,0,0.0,0
1779941280.3969562,0.007634997018612921,130975.82062732406,0.3826871766067538,0.3794283428649238,-0.003258833741830003,0,0.0,0
1779941280.427739,0.006454996764659882,154918.74534699178,0.38329095179738565,0.38002423747276687,-0.00326671432461878,0,0.0,0
1779941280.4589705,0.005412002792581916,184774.47967519023,0.3849045564406318,0.38157713779956426,-0.003327418641067559,0,0.0,0
1779941280.4922585,0.006717993528582156,148853.96893364555,0.3844779879833878,0.38115192674291937,-0.0033260612404684142,0,0.0,0
1779941280.5243158,0.004658999387174845,214638.36263914744,0.38276353996459694,0.3794765965413943,-0.0032869434232026262,0,0.0,0
1779941280.5550318,0.005962996510788798,167700.91986314408,0.38157489106753817,0.3782884837962963,-0.0032864072712418535,0,0.0,0
1779941280.5886896,0.005056004738435149,197784.62476471163,0.38209060968137254,0.37879277301198255,-0.0032978366693899863,0,0.0,0
1779941280.6263733,0.007529000868089497,132819.74826677798,0.3827967643654684,0.37943904888344226,-0.0033577154820261246,0,0.0,0
1779941280.657238,0.00543201167602092,184093.86055158926,0.38045630361519606,0.37715121187363837,-0.0033050917415576864,0,0.0,0
1779941280.6866767,0.006130998372100294,163105.57258514332,0.37845445686955337,0.37516705814270157,-0.003287398726851798,0,0.0,0
1779941280.7216282,0.005373993190005422,186081.36717772638,0.3778230911288127,0.37455039828431375,-0.0032726928444989367,0,0.0,0
1779941280.7566278,0.006779999239370227,147492.6419155302,0.3785610021786492,0.37525132761437907,-0.0033096745642701153,0,0.0,0
1779941280.7904904,0.00498400186188519,200641.97962031895,0.37866836873638343,0.3753526177832244,-0.003315750953159058,0,0.0,0
1779941280.8216808,0.00651800655759871,153421.140522511,0.37683215890522875,0.37357170819716773,-0.0032604507080610245,0,0.0,0
1779941280.8533525,0.005598005373030901,178635.05541056223,0.37653629663671023,0.3732813861655773,-0.00325491047113291,0,0.0,0
1779941280.886907,0.006700007361359894,149253.56735683212,0.37824317895561005,0.3749708095043573,-0.0032723694512527546,0,0.0,0
1779941280.9190428,0.004976987838745117,200924.74251497007,0.3799380701933551,0.37661177491830067,-0.0033262952750544583,0,0.0,0
1779941280.949739,0.006337009835988283,157803.13205779422,0.3782212180010893,0.37492495574618734,-0.0032962622549019827,0,0.0,0
1779941280.9818063,0.005798996426165104,172443.63102001484,0.37585788568899786,0.37259383510348587,-0.0032640505855119906,0,0.0,0
1779941281.0125797,0.006514994311146438,153492.07570129572,0.37451480800653597,0.3712507999727669,-0.0032640080337690835,0,0.0,0
1779941281.0523477,0.006464004400186241,154702.8649874044,0.3748683746936275,0.3716128302015251,-0.0032555444921024135,0,0.0,0
1779941281.0881426,0.006610003765672445,151285.8442219463,0.3741495523556645,0.3708485668572985,-0.0033009854983659936,0,0.0,0
1779941281.1183608,0.005194000550545752,192529.82171804475,0.37077832669526145,0.36752449278322435,-0.0032538339120370963,0,0.0,0
1779941281.1514711,0.006130998372100294,163105.57258514332,0.36845846949891065,0.3652489617374728,-0.0032095077614378575,0,0.0,0
1779941281.1836283,0.0051340030040591955,194779.78474288987,0.36805507046568625,0.3648438010620915,-0.00321126940359473,0,0.0,0
1779941281.214927,0.0062350009102374315,160384.90040283243,0.369122259667756,0.365872463916122,-0.0032497957516340326,0,0.0,0
1779941281.2462099,0.005195004632696509,192492.6098633606,0.3686872319240196,0.36541746663943353,-0.003269765284586057,0,0.0,0
1779941281.27981,0.006403002771548927,156176.72452734137,0.3669947746459695,0.3637682121459695,-0.0032265625000000298,0,0.0,0
1779941281.3121881,0.00514100247528404,194514.59220407205,0.36661974485974946,0.36341799428104576,-0.0032017505787036993,0,0.0,0
1779941281.343055,0.007048001862131059,141884.1849876635,0.3680495046977124,0.36484107775054464,-0.003208426947167775,0,0.0,0
1779941281.3751366,0.005545996828004718,180310.236556657,0.36929440274373637,0.366030943627451,-0.0032634591162853943,0,0.0,0
1779941281.4083047,0.0062889885157346725,159008.08174447448,0.3694313597834967,0.366197644335512,-0.0032337154479847308,0,0.0,0
1779941281.4408412,0.005374997272156179,186046.60604764367,0.37008014195261435,0.3668504391339869,-0.0032297028186274446,0,0.0,0
1779941281.469685,0.007242007995955646,138083.24991610856,0.37232312091503267,0.3690970179738562,-0.0032261029411764786,0,0.0,0
1779941281.5097363,0.00687700230628252,145412.19494523725,0.3760238630174292,0.372744723583878,-0.0032791394335511814,0,0.0,0
1779941281.5406313,0.0063019979279488325,158679.83636825456,0.3783958843954249,0.3750733251633987,-0.0033225592320261788,0,0.0,0
1779941281.5706825,0.005584995960816741,179051.159036785,0.37966221575435727,0.376359477124183,-0.0033027386301742734,0,0.0,0
1779941281.6027129,0.006566988304257393,152276.8053891154,0.38179451763344224,0.37850229779411765,-0.003292219839324595,0,0.0,0
1779941281.6416414,0.007141003152355552,140036.3476481784,0.38490086294934645,0.3815822440087146,-0.0033186189406318456,0,0.0,0
1779941281.6890607,0.00918799196369946,108837.70947459115,0.3879322278390523,0.3845533428649237,-0.003378884974128582,0,0.0,0
1779941281.7253783,0.006151996785774827,162548.84955601496,0.3887351026348039,0.3853656045751634,-0.0033694980596404855,0,0.0,0
1779941281.768644,0.012082993634976447,82760.94734547539,0.38787957005718954,0.38454638139978214,-0.0033331886574073932,0,0.0,0
1779941281.8135345,0.012855001841671765,77790.73175690438,0.3882473064746732,0.38492550040849677,-0.003321806066176436,0,0.0,0
1779941281.8574934,0.011647993233054876,85851.69822748375,0.3900107060185185,0.3866220213779957,-0.003388684640522832,0,0.0,0
1779941281.9121523,0.013872995623387396,72082.48507728052,0.38835152845860565,0.39905662785947715,0.010705099400871498,1,0.31250256299972534,0
1779941281.9558768,0.01100401277653873,90875.93956016345,0.38793713831018517,0.39835450708061004,0.010417368770424873,1,0.4014231264591217,0
1779941281.9901195,0.007442999049089849,134354.4441433568,0.3896207618464052,0.38625881672113294,-0.00336194512527227,0,0.0,0
1779941282.0267649,0.008140006684698164,122850.02196372036,0.3885794015522876,0.41301310593681917,0.024433704384531574,2,0.3214558959007263,0
1779941282.0583534,0.005074005457572639,197082.95711577564,0.3857871561819172,0.3824652437363834,-0.0033219124455338145,0,0.0,0
1779941282.098465,0.007340000593103468,136239.7710075912,0.3849674564270153,0.3961323869825708,0.011164930555555508,1,0.30283123254776,0
1779941282.1278615,0.007987997378222644,125187.82276096632,0.38665864140795203,0.383354813453159,-0.003303827954793004,0,0.0,0
1779941282.1588442,0.0062019971664994955,161238.3838873012,0.3888952801606754,0.3855255991285403,-0.003369681032135141,0,0.0,0
1779941282.191746,0.008959992555901408,111607.23558206085,0.3883733064406318,0.3850413092320261,-0.0033319972086056637,0,0.0,0
1779941282.220737,0.008718998287804425,114692.07436348918,0.38686908105255996,0.3835425177015251,-0.0033265633510348724,0,0.0,0
1779941282.2494755,0.005773006705567241,173219.96162513422,0.3853724554057734,0.3820522024782135,-0.0033202529275599413,0,0.0,0
1779941282.2794898,0.008347997209057212,119789.2111074311,0.3856118515114379,0.3822700333605665,-0.003341818150871423,0,0.0,0
1779941282.3094988,0.006119007593952119,163425.1934886265,0.3848979736860022,0.38152125885076255,-0.003376714835239658,0,0.0,0
1779941282.3379972,0.006143993232399225,162760.59594705977,0.38306998059640524,0.3797369621459695,-0.0033330184504357097,0,0.0,0
1779941282.369306,0.005584995960816741,179051.159036785,0.38167548338779955,0.3783611791938998,-0.0033143041938997753,0,0.0,0
1779941282.4043353,0.00756300869397819,132222.5109692415,0.3821035071146514,0.37877668845315904,-0.00332681866149237,0,0.0,0
1779941282.4374065,0.0054919946705922484,182083.20655419744,0.3832534041394336,0.3798856038943355,-0.003367800245098085,0,0.0,0
1779941282.4692006,0.006103000487200916,163853.8292921947,0.3816160556236383,0.3782723311546841,-0.003343724468954201,0,0.0,0
1779941282.5034819,0.006228001439012587,160565.15236748953,0.37939812261710243,0.3760816142429194,-0.0033165083741830137,0,0.0,0
1779941282.5373425,0.006910995580255985,144696.9526151773,0.37851236979166664,0.3752109034586057,-0.003301466333060943,0,0.0,0
1779941282.5695775,0.005996000254526734,166777.8448216444,0.37938475285947715,0.3760542960239651,-0.00333045683551203,0,0.0,0
1779941282.6018567,0.006948001100681722,143926.28692903952,0.3802405194716776,0.37686892361111113,-0.0033715958605664564,0,0.0,0
1779941282.6358337,0.005352005246095359,186845.85571540048,0.3784668564474401,0.37514930555555553,-0.0033175508918845686,0,0.0,0
1779941282.6710098,0.006564994691871107,152323.0477609095,0.37677965430964055,0.3734836771514161,-0.003295977158224439,0,0.0,0
1779941282.7035182,0.005884998245164752,169923.58507865702,0.37649976171023963,0.37319132965686275,-0.0033084320533768863,0,0.0,0
1779941282.7355905,0.006146990926936269,162681.22271304726,0.37728738596132894,0.3739454656862745,-0.003341920275054422,0,0.0,0
1779941282.7691782,0.006176996976137161,161890.96479457218,0.3762699142156863,0.3729093477668845,-0.003360566448801783,0,0.0,0
1779941282.8038118,0.006953996489755809,143802.20086005755,0.37743609579248366,0.3740988562091503,-0.0033372395833333734,0,0.0,0
1779941282.8372622,0.005523994332179427,181028.4261471104,0.37710795377178646,0.3737760246459695,-0.003331929125816979,0,0.0,0
1779941282.8688433,0.006130998372100294,163105.57258514332,0.37936521735430284,0.37601228894335514,-0.0033529284109476976,0,0.0,0
1779941282.902439,0.005130001227371395,194931.7272410086,0.382672560083061,0.3792634123093682,-0.0034091477736927778,0,0.0,0
1779941282.939909,0.011985990568064153,83430.73476667261,0.3833418479370915,0.37993627450980394,-0.0034055734272875338,0,0.0,0
1779941282.9703727,0.005472989869304001,182715.48529783223,0.38360514110157956,0.38021396718409584,-0.003391173917483725,0,0.0,0
1779941283.002978,0.006474991096183658,154440.36681214857,0.3843622429874728,0.38097014569716775,-0.0033920972903050406,0,0.0,0
1779941283.036039,0.00742900010664016,134607.61685898804,0.3869606396377996,0.38351799087690636,-0.00344264876089323,0,0.0,0
1779941283.0832047,0.01609200262464583,62142.66945671773,0.38836525139569716,0.38488531454248365,-0.0034799368532135166,0,0.0,0
1779941283.1241767,0.008880000677891076,112612.60401586945,0.3878452520765251,0.38439682053376906,-0.0034484315427560364,0,0.0,0
1779941283.1566925,0.007035007001832128,142146.26932703407,0.38648504306236386,0.3830384327342048,-0.003446610328159072,0,0.0,0
1779941283.1944408,0.005780995707027614,172980.58166422078,0.38665035658360564,0.38320472494553376,-0.0034456316380718777,0,0.0,0
1779941283.2247677,0.006393995136022568,156396.74080547667,0.3877817733864379,0.38428082448257084,-0.0035009489038670405,0,0.0,0
1779941283.25558,0.005613008397631347,178157.58131094076,0.386353136914488,0.3828629663671024,-0.0034901705473856515,0,0.0,0
1779941283.2844555,0.006483009201474488,154249.35688392379,0.38427803308823527,0.3808358523965142,-0.003442180691721086,0,0.0,0
1779941283.3237455,0.006993010174483061,142999.9349420255,0.38296523097086055,0.37951970996732026,-0.003445521003540286,0,0.0,0
1779941283.3562903,0.007370006642304361,135685.0880241992,0.38351303359885625,0.3800457686546841,-0.003467264944172155,0,0.0,0
1779941283.386137,0.005216003046371043,191717.67943957305,0.38386342167075166,0.3803563453159041,-0.003507076354847538,0,0.0,0
1779941283.4146821,0.0058779987739399076,170125.92864658247,0.38149914896514164,0.37802685866013075,-0.0034722903050108944,0,0.0,0
1779941283.443016,0.005761990905739367,173551.12431779897,0.3794661628540305,0.37600650190631807,-0.0034596609477124396,0,0.0,0
1779941283.4728916,0.006557995220646262,152485.62500499265,0.3792587188521242,0.3757977600762527,-0.003460958775871492,0,0.0,0
1779941283.5048695,0.005342008080333471,187195.52366112775,0.3810777888412309,0.37758700980392157,-0.0034907790373093217,0,0.0,0
1779941283.5365686,0.006097005098126829,164014.95224388578,0.38129029650054463,0.37777098651960783,-0.0035193099809368023,0,0.0,0
1779941283.5702,0.006526999641209841,153209.75256169014,0.37905937670206974,0.3755821589052288,-0.003477217796840959,0,0.0,0
1779941283.6046882,0.006293004844337702,158906.59942837586,0.37748429840686276,0.37402551402505446,-0.0034587843818082997,0,0.0,0
1779941283.6382544,0.005718000466004014,174886.30963663477,0.3777737013208061,0.3742979132625272,-0.003475788058278917,0,0.0,0
1779941283.670088,0.007000999175943434,142836.75442159196,0.378252289283769,0.37473774509803925,-0.0035145441857297732,0,0.0,0
1779941283.7036593,0.005570997018367052,179501.08332549708,0.3763093767020697,0.3728372651143791,-0.0034721115876906183,0,0.0,0
1779941283.7421286,0.006710004527121782,149031.19602349124,0.37411677049291936,0.37065461601307187,-0.00346215447984749,0,0.0,0
1779941283.7795944,0.007477006874978542,133743.35703053232,0.37355650020424835,0.3701060219226579,-0.0034504782815904522,0,0.0,0
1779941283.8089037,0.005797002813778818,172502.9350724332,0.3748128659449891,0.3713232911220044,-0.0034895748229846757,0,0.0,0
1779941283.8383536,0.005236986908130348,190949.49396331585,0.374705661083878,0.3712045547385621,-0.003501106345315863,0,0.0,0
1779941283.8783665,0.00831201032269746,120307.83903977087,0.37341244553376907,0.36991983251633986,-0.0034926130174292025,0,0.0,0
1779941283.9158976,0.006593996658921242,151653.09473535538,0.37252328856889977,0.36905193014705884,-0.003471358421840931,0,0.0,0
1779941283.9453652,0.005980007699690759,167223.86495450707,0.3742845860566449,0.3707845690359477,-0.003500017020697188,0,0.0,0
1779941283.9753568,0.005563008016906679,179758.8637228051,0.3768258314610567,0.37326998229847497,-0.0035558491625817257,0,0.0,0
1779941284.0078952,0.0068490044213831425,146006.62205413674,0.3772559019267429,0.3737033462690632,-0.0035525556576797013,0,0.0,0
1779941284.0408728,0.004916000762023032,203417.38099903797,0.3772386216639434,0.3736964528867102,-0.003542168777233179,0,0.0,0
1779941284.0714555,0.007044989615678787,141944.85081631303,0.3788885654956427,0.3753392224945534,-0.003549343001089278,0,0.0,0
1779941284.1040528,0.006724992999807,148699.0395423012,0.3827220605255991,0.37911837894880174,-0.0036036815767973573,0,0.0,0
1779941284.1554084,0.00839898712001741,119061.97565378898,0.3857377578635621,0.38208544389978216,-0.003652313963779963,0,0.0,0
1779941284.211059,0.01405499642714858,71149.07536144253,0.3852350047657952,0.3957408428649237,0.010505838099128528,1,0.4454004466533661,0
1779941284.259765,0.019185987184755504,52121.37329032327,0.38813846762663395,0.3845064508442266,-0.003632016782407377,0,0.0,0
1779941284.3051193,0.012832009815610945,77930.11495233094,0.3921880787037037,0.3884966299019608,-0.0036914488017428804,0,0.0,0
1779941284.3507445,0.013058001059107482,76581.3998232552,0.39437271497140525,0.39066350081699347,-0.0037092141544117774,0,0.0,0
1779941284.412713,0.020952007616870105,47728.12316060928,0.3959748263888889,0.392289164624183,-0.0036856617647059164,0,0.0,0
1779941284.458467,0.01573799818288535,63540.48261916012,0.4014416019880174,0.4113845145697168,0.009942912581699381,1,0.33930662274360657,0
1779941284.4887369,0.006107002263888717,163746.45968499058,0.40127393961056645,0.39753788807189544,-0.0037360515386710147,0,0.0,0
1779941284.5298321,0.012659002095460892,78995.16821776715,0.40087338728894334,0.41098978758169935,0.010116400292756011,1,0.25635865330696106,0
1779941284.5650492,0.006438000127673149,155327.73845430545,0.4024587248093682,0.3987407066993464,-0.003718018110021759,0,0.0,0
1779941284.5956578,0.006853006198070943,145921.3622601845,0.40600781675517433,0.40224700435729843,-0.003760812397875901,0,0.0,0
1779941284.6254745,0.004963003448210657,201490.89365644837,0.40780786611519604,0.4040347732843137,-0.003773092830882341,0,0.0,0
1779941284.670739,0.015134995919652283,66072.03631297538,0.40731736791939,0.40357043164488016,-0.003746936274509838,0,0.0,0
1779941284.7030108,0.00591299613006413,169119.00126495675,0.40789295683551197,0.4041616966230937,-0.0037312602124182637,0,0.0,0
1779941284.756104,0.017543003195896745,57002.78275237942,0.41032641016476035,0.4065859204793028,-0.0037404896854575376,0,0.0,0
1779941284.8010502,0.012288990546949208,81373.6487288823,0.41372985174972765,0.4235961669389978,0.00986631518927017,1,0.36676025390625,0
1779941284.8620334,0.031139992643147707,32113.045480119854,0.4129627799904684,0.4092324686819172,-0.0037303113085511708,0,0.0,0
1779941284.9131358,0.013423996279016137,74493.4652256393,0.41666090516067533,0.41291076048474945,-0.0037501446759258816,0,0.0,0
1779941284.9754922,0.017974991351366043,55632.850133416236,0.41688134872004357,0.4131443355119826,-0.0037370132080609686,0,0.0,0
1779941285.0325186,0.013179000234231353,75878.28987229118,0.41700666785811547,0.4132720588235294,-0.003734609034586056,0,0.0,0
1779941285.0931447,0.01736600825097412,57583.75704698324,0.4194393424904684,0.42962707652505444,0.01018773403458606,1,0.2613106667995453,0
1779941285.1539567,0.01961800444405526,50973.58413041979,0.4125334286492375,0.42313102532679736,0.010597596677559884,1,0.3605435788631439,0
1779941285.1974373,0.010795993148349226,92626.95763686235,0.41321730324074074,0.4095247140522876,-0.003692589188453166,0,0.0,0
1779941285.2500613,0.025105007807724178,39832.69026079829,0.41397124353213505,0.4102321963507625,-0.0037390471813725235,0,0.0,0
1779941285.3092272,0.015269004506990314,65492.15435375563,0.40973560474537035,0.42022177968409585,0.010486174938725501,1,0.33303382992744446,0
1779941285.359736,0.013797995052300394,72474.29762147077,0.4115516450503813,0.40783309504357296,-0.003718550006808319,0,0.0,0
1779941285.4188373,0.029513001209124923,33883.37204048285,0.4103298994076798,0.42071001838235295,0.01038011897467317,1,0.392473042011261,0
1779941285.482445,0.020318999304436147,49215.022108971425,0.4073899994893791,0.41795263139978217,0.010562631910403075,1,0.3167235255241394,0
1779941285.5401914,0.026608002372086048,37582.67854970883,0.4094856004901961,0.4057454554738562,-0.003740145016339902,0,0.0,0
1779941285.5968165,0.015160010661929846,65963.01429465496,0.40476210597086054,0.4010608489923747,-0.003701256978485834,0,0.0,0
1779941285.666719,0.01655401138123125,60408.31898507626,0.4040331520629085,0.4141821384803922,0.010148986417483685,1,0.2722746729850769,0
1779941285.7219017,0.015294004697352648,65385.09826488398,0.4042127331835512,0.4004699754901961,-0.0037427576933551365,0,0.0,0
1779941285.7672896,0.017789003322832286,56214.50408728039,0.39787832754629626,0.39420606958061,-0.0036722579656862653,0,0.0,0
1779941285.8035185,0.0077590084401890635,128882.44776488902,0.3977730800653595,0.3940989413126362,-0.0036741387527233216,0,0.0,0
1779941285.8363404,0.00747399462852627,133797.2596586119,0.3979054798134532,0.39417401960784315,-0.0037314602056100488,0,0.0,0
1779941285.8737633,0.0059710000641644,167476.13285111278,0.39508852890114377,0.3913921228213507,-0.0036964060797930465,0,0.0,0
1779941285.9327672,0.03235400072298944,30908.078681269257,0.3892016910062636,0.38555652573529414,-0.003645165270969475,0,0.0,0
1779941285.989831,0.013074997696094215,76481.84904068639,0.3889254663671024,0.38525056168300653,-0.00367490468409587,0,0.0,0
1779941286.0360718,0.014078992535360157,71027.80951750954,0.38367368770424837,0.3800236247276689,-0.0036500629765794934,0,0.0,0
1779941286.0695188,0.007372000254690647,135648.3946624556,0.3804445720996732,0.37680754697712415,-0.0036370251225490424,0,0.0,0
1779941286.0994911,0.006593996658921242,151653.09473535538,0.3796734664351852,0.37604037309368193,-0.0036330933415032463,0,0.0,0
1779941286.1294107,0.005264999344944954,189933.54689780215,0.3801786407271242,0.37651395697167755,-0.0036646837554466516,0,0.0,0
1779941286.1581576,0.006290996680036187,158957.3243892171,0.37844328278186273,0.37479321555010897,-0.003650067231753762,0,0.0,0
1779941286.1883597,0.005712994607165456,175039.5490914278,0.3756040900735294,0.3900202716503268,0.014416181576797416,1,0.25329360365867615,0
1779941286.2190976,0.0058219884522259235,171762.62168944522,0.3743847060525599,0.3854765795206972,0.011091873468137281,1,0.27135369181632996,0
1779941286.2497067,0.004954999894835055,201816.35140746832,0.3752857477192266,0.3716689644607843,-0.0036167832584423354,0,0.0,0
1779941286.2793782,0.005723995855078101,174703.13139951698,0.37601434419253815,0.3903914590141612,0.014377114821623072,1,0.48734742403030396,0
1779941286.3097205,0.005602996679954231,178475.92228238992,0.3735670785675381,0.3880375476579521,0.014470469090413995,1,0.2750213146209717,0
1779941286.3406446,0.006219997885636985,160771.7588311673,0.37164930555555553,0.38650653594771245,0.014857230392156917,1,0.2703957259654999,0
1779941286.3731484,0.008072995115071535,123869.76404000202,0.3713272441789216,0.36770979711328977,-0.003617447065631829,0,0.0,0
1779941286.4048135,0.006700996891595423,149231.5272156338,0.37296408632897604,0.36931876361655774,-0.0036453227124182974,0,0.0,0
1779941286.4383059,0.00605199602432549,165234.74172497535,0.372240162037037,0.3685828737745098,-0.003657288262527203,0,0.0,0
1779941286.473952,0.007274997187778354,137457.09780891077,0.3698815827546296,0.3842783905228758,0.0143968077682462,1,0.3044143319129944,0
1779941286.5065064,0.005497000529430807,181917.39197513706,0.36856976783769063,0.3649616183278867,-0.0036081495098039262,0,0.0,0
1779941286.538208,0.006771006155759096,147688.5380098861,0.36951654837282133,0.36590362881263616,-0.0036129195601851682,0,0.0,0
1779941286.5721726,0.007630005711689591,131061.50084107337,0.37028945397603485,0.3666367102396514,-0.003652743736383468,0,0.0,0
1779941286.606651,0.007599999662488699,131578.95321176102,0.36852452256944446,0.36489634395424836,-0.003628178615196098,0,0.0,0
1779941286.6403701,0.006046000635251403,165398.59327329005,0.3657722800925926,0.3621764195261438,-0.003595860566448783,0,0.0,0
1779941286.6715486,0.005869005690328777,170386.61278653162,0.3642598081767429,0.36067500680827885,-0.0035848013684640634,0,0.0,0
1779941286.7050889,0.005745998350903392,174034.16063333518,0.364597349877451,0.3609879323257081,-0.0036094175517429328,0,0.0,0
1779941286.7397425,0.007334005204029381,136351.1440448105,0.3630466622412854,0.35941350081699347,-0.003633161424291931,0,0.0,0
1779941286.773251,0.005865993443876505,170474.10802067933,0.35957830371732025,0.35599891067538125,-0.003579393041938994,0,0.0,0
1779941286.805783,0.006139991455711424,162866.67615307498,0.35664295258033774,0.37118562772331154,0.014542675142973804,1,0.2840474247932434,0
1779941286.8384595,0.005752997822128236,173822.41935736817,0.35503778169253813,0.351484783496732,-0.003552998195806123,0,0.0,0
1779941286.8736846,0.006932998076081276,144237.74376196394,0.35393865740740743,0.3684452784586057,0.014506621051198265,1,0.3297872543334961,0
1779941286.9069798,0.005251000402495265,190439.90160899665,0.3502742332175926,0.3646747344771242,0.014400501259531573,1,0.41825878620147705,0
1779941287.0173724,57.224518997827545,17.475026745754974,0.3455238247208606,0.6178579622821351,0.2723341375612745,0,0.0,0
1779941287.1407256,53.791330006788485,18.59035647331642,0.33649544270833337,0.6126226851851851,0.2761272424768518,0,0.0,0
1779941287.2747667,64.01618300878908,15.621050068897505,0.32174023863017426,0.5979817027505446,0.2762414641203704,0,0.0,0
1779941287.3906898,52.4345649901079,19.07138926753099,0.3018738085511982,0.5774441380718954,0.2755703295206972,0,0.0,0
1779941287.5025084,52.3119349963963,19.116096547927135,0.28657212520424835,0.5592137118736383,0.27264158666939,0,0.0,0
1779941287.6070104,37.13304999109823,26.930187534816728,0.2790492451320806,0.5606085409858388,0.28155929585375816,1,0.35408204793930054,0
1779941287.7281275,52.562142998795025,19.025099490767047,0.2713583282271242,0.5389932427832244,0.26763491455610017,0,0.0,0
1779941287.8412256,50.12028300552629,19.952002264028305,0.26292574295343135,0.5414223175381263,0.27849657458469496,1,0.26194462180137634,0
1779941287.956375,52.34487299458124,19.104067748975538,0.25922347324346406,0.5407148692810457,0.28149139603758166,1,0.2555990517139435,0
1779941288.0624757,43.643087992677465,22.91313575629163,0.25596184385212417,0.5253335035403051,0.2693716596881809,0,0.0,0
1779941288.1919382,50.147136993473396,19.9413178887989,0.25470932478894337,0.533778220315904,0.2790688955269607,1,0.49178415536880493,0
1779941288.307909,50.955204002093524,19.625080883964557,0.25315147143927014,0.5351876702069717,0.28203619876770153,1,0.28440749645233154,0
1779941288.4258587,60.122656999737956,16.63266478732566,0.2530608787785948,0.5348949993191721,0.28183412054057727,1,0.32004252076148987,0
1779941288.5548637,63.77958100347314,15.678999207372414,0.25414984170751637,0.5353170275054466,0.28116718579793026,1,0.5046209096908569,0
1779941288.6633403,52.3634929995751,19.09727450779715,0.2539872642633442,0.5246691516884531,0.27068188742510885,0,0.0,0
1779941288.8021069,67.00281400117092,14.92474629472315,0.2518283377587146,0.5223926845043573,0.27056434674564267,0,0.0,0
1779941288.9375217,60.58687300537713,16.50522547864864,0.2497337409790305,0.5219874046840959,0.2722536637050654,0,0.0,0
1779941289.0576885,51.33441499492619,19.48010900871936,0.24806437653186275,0.5204031692538127,0.27233879272194994,0,0.0,0
1779941289.1696177,50.58915200061165,19.76708366228217,0.24649410232843139,0.5305084933278867,0.28401439099945536,1,0.4186669886112213,0
1779941289.2962918,63.35587799549103,15.78385513134502,0.24715581597222222,0.5210464665032679,0.27389065053104567,0,0.0,0
1779941289.4240963,54.232729991781525,18.439049632049517,0.24650873587282135,0.5322914283769064,0.285782692504085,1,0.2843199670314789,0
1779941289.5452507,60.74168300256133,16.463159243675097,0.2463194274237473,0.5212766373910674,0.27495720996732015,0,0.0,0
1779941289.6538079,42.05770899716299,23.776853847827404,0.24546300976988017,0.5298214018246188,0.2843583920547386,1,0.4598456919193268,0
1779941289.7674792,50.911796002765186,19.64181346000221,0.24477904156454247,0.518349741285403,0.27357069972086057,0,0.0,0
1779941289.8753138,41.24152100121137,24.247408333233576,0.2456216256467865,0.5199539590141613,0.27433233336737484,0,0.0,0
1779941289.9899702,52.83493000024464,18.92687280924513,0.2444441082856754,0.5301894914215686,0.28574538313589315,1,0.33596500754356384,0
1779941290.1067939,61.3534250005614,16.299008571906942,0.2441444716775599,0.518117391748366,0.2739729200708061,0,0.0,0
1779941290.2312171,54.00712999107782,18.516073714067083,0.24579252621187364,0.5304933449074074,0.28470081869553376,1,0.417197048664093,0
1779941290.341496,48.82883200480137,20.479703464987026,0.2498247463916122,0.5204908939270153,0.2706661475354031,0,0.0,0
1779941290.4440854,41.37617400556337,24.168498514762184,0.2520379901960784,0.5216046262254902,0.2695666360294118,0,0.0,0
1779941290.5704167,61.77600201044697,16.187515660707366,0.2526146982230392,0.5214092286220043,0.2687945303989651,0,0.0,0
1779941290.6844747,50.46710300666746,19.814888123613617,0.2530569852941177,0.522268263208061,0.2692112779139433,0,0.0,0
1779941290.794664,50.791598987416364,19.688295307413934,0.25274754476443356,0.5334804432189543,0.2807328984545207,1,0.25342968106269836,0
1779941290.9005976,41.39075300190598,24.15998568457915,0.25380160675381264,0.5238078703703704,0.2700062636165577,0,0.0,0
1779941291.0051384,47.027648994117044,21.264086582875866,0.25206357230392157,0.5343804976851853,0.2823169253812637,1,0.2573281526565552,0
1779941291.138151,64.31616201007273,15.548191445929053,0.2521464418232571,0.5236437057461873,0.2714972639229303,0,0.0,0
1779941291.276793,61.453493995941244,16.27246776344476,0.25082618464052286,0.5344488357843137,0.2836226511437908,1,0.3705231845378876,0
1779941291.3842475,47.8554260043893,20.8962720321052,0.2507631697644336,0.5334914215686275,0.2827282518041939,1,0.2634263336658478,0
1779941291.4825597,40.61671100498643,24.62040808467313,0.2509676351443355,0.5234465890522876,0.27247895390795207,0,0.0,0
1779941291.589944,41.55304499727208,24.065625035798195,0.2502513233592048,0.5216937125544663,0.2714423891952615,0,0.0,0
1779941291.6989658,48.09568700147793,20.7918851428252,0.2528254910471133,0.5349748774509805,0.28214938640386716,1,0.35678890347480774,0
1779941291.7853153,33.624307994614355,29.74038901143099,0.2576098388139978,0.5267011165577342,0.2690912777437364,0,0.0,0
1779941291.8881311,50.23780799820088,19.905327080270144,0.26020793334694986,0.5374597630718955,0.2772518297249456,1,0.2755645215511322,0
1779941292.0030513,53.74122099601664,18.607690362563986,0.26455345349945536,0.5314337894880173,0.266880335988562,0,0.0,0
1779941292.1060836,48.577452995232306,20.585682005562255,0.2708755574278322,0.5471291360294117,0.2762535786015795,1,0.4009062349796295,0
1779941292.2007387,41.64331799256615,24.013456376807255,0.27725609340958607,0.5454637969771241,0.26820770356753804,0,0.0,0
1779941292.3027072,50.46136400778778,19.817141681815585,0.28609148624727665,0.5550477090141612,0.2689562227668846,0,0.0,0
1779941292.3991108,44.31620400282554,22.565109591431643,0.2956149237472767,0.5657804500272331,0.2701655262799564,0,0.0,0
1779941292.502102,50.80148299748544,19.684464724179367,0.3020764697372004,0.5727013888888889,0.27062491915168846,0,0.0,0
1779941292.589962,35.877842004993,27.87235642157166,0.3111483736723856,0.5820329520697167,0.2708845783973311,0,0.0,0
1779941292.6899312,48.695186007535085,20.535910877211972,0.3200280756399782,0.5908449244281045,0.27081684878812634,0,0.0,0
1779941292.801781,59.30335300217848,16.862452953769164,0.32411964699074075,0.5949558312908497,0.270836184300109,0,0.0,0
1779941292.8948464,40.39518999343272,24.755422617459548,0.3296218298951525,0.6009000374455338,0.2712782075503813,0,0.0,0
1779941292.9870896,39.448434006772004,25.34954872551678,0.3346829171772876,0.6058647365196078,0.2711818193423202,0,0.0,0
1779941293.0769763,39.42952700890601,25.361704181085624,0.3369396616285403,0.6082071589052288,0.27126749727668853,0,0.0,0
1779941293.1748416,46.65370700240601,21.43452394787039,0.34110179653458605,0.6120303819444444,0.2709285854098583,0,0.0,0
1779941293.2752934,49.331008005538024,20.271225754959993,0.3421530926606754,0.6133372821350762,0.2711841894744008,0,0.0,0
1779941293.3731282,46.225148005760275,21.633246039047545,0.34332325282543574,0.6149722903050109,0.27164903747957514,0,0.0,0
1779941293.4652836,38.97349099861458,25.658466161923954,0.3456595903118192,0.6191310423474946,0.2734714520356754,0,0.0,0
1779941293.557508,39.64998500305228,25.2206904976892,0.34239059521377996,0.6201420717592593,0.2777514765454793,0,0.0,0
1779941293.6568236,47.10066800180357,21.231121392199963,0.3376417824074074,0.6207496766067538,0.28310789419934645,0,0.0,0
1779941293.7575936,48.547787009738386,20.598261251319368,0.33517272603485837,0.6222526211873638,0.2870798951525054,0,0.0,0
1779941293.8593118,49.901863996637985,20.03933159826199,0.3310285479643246,0.6218982162309368,0.29086966826661215,0,0.0,0
1779941293.9521353,40.82167900924105,24.496787595963994,0.3261526416122004,0.6207285879629629,0.2945759463507625,0,0.0,0
1779941294.051981,47.065630002180114,21.246926896626675,0.3268843358523965,0.6240926436546841,0.2972083078022876,0,0.0,0
1779941294.1549704,50.16868599341251,19.932752476939637,0.3240490962009804,0.6230920138888888,0.2990429176879084,0,0.0,0
1779941294.26514,59.02701699233148,16.941394821458037,0.3202597188180828,0.6205819035947713,0.3003221847766885,0,0.0,0
1779941294.3572872,40.727461004280485,24.553457921054772,0.31745073359204795,0.6211127280773421,0.30366199448529413,0,0.0,0
1779941294.4722166,51.73676599224564,19.328614396769236,0.3069197261369826,0.6160401518246188,0.3091204256876362,0,0.0,0
1779941294.5826359,50.32636399846524,19.870300982413436,0.30686926828022876,0.6160503812636166,0.3091811129833878,0,0.0,0
1779941294.6843982,50.924762996146455,19.63681205694902,0.316954320703976,0.6221497480936818,0.30519542738970584,0,0.0,0
1779941294.7874322,50.68752700753976,19.728719451064368,0.3236833129084967,0.6269127008442266,0.30322938793572984,0,0.0,0
1779941294.9075685,68.00691998796538,14.704385968030339,0.32441831341911764,0.6254065393518519,0.3009882259327342,0,0.0,0
1779941294.9992552,39.92592000577133,25.046385903078725,0.3301427355664488,0.627621442674292,0.2974787071078432,0,0.0,0
1779941295.1021538,51.274359997478314,19.502925049657964,0.3344756604030501,0.6297871732026143,0.29531151279956425,0,0.0,0
1779941295.1984527,43.17434100084938,23.16190535439387,0.3268703788807189,0.6160680657679738,0.2891976868872549,1,0.34392571449279785,0
1779941295.3028958,50.14787000254728,19.941026407486593,0.32122758799700435,0.6103348992374727,0.2891073112404684,1,0.33635371923446655,0
1779941295.3973112,40.77861100086011,24.522659684973277,0.31966661560457516,0.6115866864106754,0.2919200708061002,1,0.5847777128219604,0
1779941295.499446,48.68205598904751,20.541449609790103,0.31678202444172116,0.6113598515795207,0.2945778271377995,2,0.3556404709815979,0
1779941295.597253,45.932938999612816,21.77086904908108,0.32021943933823527,0.6265690359477124,0.30634959660947714,0,0.0,0
1779941295.6998312,48.32774600072298,20.692047172757448,0.3360193780637255,0.6382873263888889,0.30226794832516335,1,0.4498472809791565,0
1779941295.7965665,43.387626006733626,23.04804599921653,0.34940991370506536,0.6560605255991285,0.3066506118940632,0,0.0,0
1779941295.8265684,0.007368988008238375,135703.84412106802,0.35891829639842043,0.3680187227668846,0.009100426368464143,1,0.3100218176841736,0
1779941295.858051,0.006147005478851497,162680.83759489984,0.36117938963779955,0.35981828703703705,-0.0013611026007624982,1,0.7146439552307129,0
1779941295.8899624,0.006072004907764494,164690.24896888068,0.364024603417756,0.3727880072167756,0.008763403799019576,2,0.3252507448196411,0
1779941295.9210076,0.007171998731791973,139431.14568149723,0.3649166326252723,0.36365730528322443,-0.0012593273420478668,1,0.3381437361240387,0
1779941295.9515948,0.005984999006614089,167084.40534324048,0.36360142207924834,0.36140640318627454,-0.002195018892973799,1,0.3489145040512085,0
1779941295.982186,0.006671994924545288,149880.2099385818,0.3633338779956427,0.361736706835512,-0.0015971711601306948,1,0.3283931314945221,0
1779941296.0137212,0.006043002940714359,165480.64096784758,0.3649851111451525,0.36277204180283223,-0.0022130693423202397,2,0.3176184296607971,0
1779941296.0461345,0.006838992703706026,146220.3636301737,0.36632052100354034,0.3749567163671024,0.008636195363562083,2,0.40311121940612793,0
1779941296.0836062,0.0061219907365739346,163345.5591537913,0.36513554432189543,0.37398563453159045,0.008850090209695016,2,0.3028086721897125,0
1779941296.1165364,0.008489005267620087,117799.43214481624,0.3641148003472222,0.37238958673747274,0.008274786390250533,2,0.42764973640441895,0
1779941296.1455572,0.0055249984143301845,180995.5270586686,0.3646756535947713,0.3631894063180828,-0.0014862472766885015,0,0.0,0
1779941296.1784046,0.007046008249744773,141924.32999723253,0.3659109519675926,0.36442742374727666,-0.0014835282203159439,0,0.0,0
1779941296.2143178,0.006250003934837878,159999.89926821375,0.3660385220928649,0.3748743021514161,0.00883578005855118,2,0.3136748969554901,0
1779941296.247412,0.0068920053308829665,145095.6509738923,0.3647262178308823,0.37376909722222224,0.009042879391339909,1,0.5874472260475159,0
1779941296.2806087,0.005084002623334527,196695.41384778314,0.36462013208061006,0.37333787785947714,0.008717745778867081,2,0.4647636413574219,0
1779941296.3160336,0.007121998351067305,140410.02970046178,0.36656947423066444,0.3758524135348584,0.009282939304193938,1,0.35199007391929626,0
1779941296.3475626,0.005708992830477655,175162.24484666815,0.36800280415985837,0.375575691040305,0.007572886880446661,2,0.295432448387146,0
1779941296.3808708,0.006005007890053093,166527.67461911836,0.3674205814270152,0.36598265590958606,-0.0014379255174291616,1,0.5744134187698364,0
1779941296.412508,0.005351990694180131,186846.36374413382,0.36638371034177564,0.3645134463507625,-0.0018702639910131436,1,0.7509486675262451,0
1779941296.4475524,0.006930000381544232,144300.13635542788,0.3664532015931372,0.374146105664488,0.0076929040713508146,2,0.37720781564712524,0
1779941296.4821143,0.006026995833963156,165920.14123600823,0.3669140412241286,0.364905637254902,-0.00200840396922658,1,0.6738965511322021,0
1779941296.515486,0.006371992640197277,156936.77888005847,0.36490663296568626,0.37364865876906317,0.008742025803376907,2,0.5634130239486694,0
1779941296.547439,0.005719004548154771,174855.60495360135,0.3619836771514161,0.37075403390522876,0.008770356753812658,2,0.6797784566879272,0
1779941296.5805051,0.00612800067756325,163185.3605469316,0.36034588184232025,0.35925253608387797,-0.0010933457584422768,1,0.6183640360832214,0
1779941296.6158452,0.005862995749339461,170561.2698274022,0.36017767054738564,0.3588142020697168,-0.0013634684776688277,1,0.6884390711784363,0
1779941296.6494536,0.0064019986893981695,156201.2191061549,0.3596252553104575,0.3686019880174292,0.00897673270697169,2,0.48115813732147217,0
1779941296.6823442,0.008406990673393011,118948.6272614605,0.35722065631808275,0.3657169117647059,0.008496255446623135,2,0.400557279586792,0
1779941296.7148678,0.007530994480475783,132784.5880902602,0.3554586269403595,0.35404558142701525,-0.0014130455133442577,1,0.7044318318367004,0
1779941296.7498431,0.0059910089476034045,166916.79293853033,0.35488005514705884,0.35163968886165575,-0.0032403662854030846,2,0.3926452696323395,0
1779941296.7824006,0.006481001037172973,154297.15166905793,0.3549308363970588,0.35350503812636164,-0.001425798270697165,1,0.39796435832977295,0
1779941296.8143535,0.006639995262958109,150602.51707988436,0.3527627442470043,0.351137986791939,-0.0016247574550652955,2,0.4554542303085327,0
1779941296.9195085,49.76584301039111,20.094103495668705,0.3499703754765795,0.6301070601851853,0.28013668470860575,0,0.0,0
1779941297.033922,50.28057399613317,19.88839666144036,0.348571435866013,0.6234349979575163,0.2748635620915033,1,0.47181975841522217,0
1779941297.139891,43.5351449996233,22.96994761378773,0.3488642982366558,0.6345353860294117,0.2856710877927559,0,0.0,0
1779941297.1762981,0.010627001756802201,94099.91857392076,0.3602396003540305,0.36001210171568626,-0.00022749863834425899,0,0.0,0
1779941297.225177,0.010534000466577709,94930.69638384784,0.36616018178104576,0.3663939440359477,0.00023376225490195912,0,0.0,0
1779941297.269799,0.012645003153011203,79082.62164109197,0.37737109800517427,0.3785679296023965,0.0011968315972222254,0,0.0,0
1779941297.3098102,0.02191000385209918,45641.251674366584,0.37864599502995644,0.38013541666666667,0.0014894216367102309,0,0.0,0
1779941297.352638,0.011725001968443394,85287.8321633885,0.38141688793572986,0.3829078499455338,0.00149096200980392,0,0.0,0
1779941297.4124186,0.02307299291715026,43340.714557091356,0.3794361766407952,0.38091132216775603,0.0014751455269608194,0,0.0,0
1779941297.4532137,0.011047988664358854,90514.2130735552,0.37024729796432465,0.37166653050108933,0.0014192325367646808,0,0.0,0
1779941297.513606,0.022052001440897584,45347.35782056511,0.35691768365332244,0.3581135110294118,0.0011958273760893645,0,0.0,0
1779941297.5552373,0.011194992111995816,89325.6547209592,0.35262628080746183,0.3537968409586057,0.0011705601511438624,0,0.0,0
1779941297.6822023,62.58813299064059,15.977469724964312,0.34361476630582793,0.623629970043573,0.2800152037377451,0,0.0,0
1779941297.78428,50.35811000561807,19.857774644211975,0.3420931457652505,0.6229554738562092,0.2808623280909587,0,0.0,0
1779941297.8154671,0.0059910089476034045,166916.79293853033,0.3527500978690087,0.35392984068627453,0.0011797428172658497,0,0.0,0
1779941297.8641944,0.014563993318006396,68662.48687189633,0.35790362881263615,0.3590939202069717,0.0011902913943355187,0,0.0,0
1779941297.9130676,0.015382000128738582,65011.05133471391,0.3634673032407407,0.36469808687363836,0.0012307836328976363,0,0.0,0
1779941297.945591,0.00756800000090152,132135.3065381709,0.3702158011642157,0.37157203159041396,0.0013562304261982572,0,0.0,0
1779941297.9804833,0.008436996722593904,118525.58829637142,0.37703580303649237,0.37845663126361656,0.0014208282271241934,0,0.0,0
1779941298.0152237,0.006187998224049807,161603.14915952552,0.38068292994281044,0.38216407952069714,0.0014811495778866979,0,0.0,0
1779941298.0442429,0.00687700230628252,145412.19494523725,0.37955422368600217,0.38106253404139434,0.0015083103553921728,0,0.0,0
1779941298.0773523,0.005565991159528494,179662.5203559813,0.3772191797726035,0.37872385620915033,0.0015046764365468368,0,0.0,0
1779941298.1231682,0.008567993063479662,116713.44649687153,0.37584356277233116,0.3772765522875817,0.00143298951525056,0,0.0,0
1779941298.174848,0.01279498974326998,78155.59215481112,0.3697208648216231,0.3701842830882353,0.0004634182666122255,0,0.0,0
1779941298.239866,0.02587199560366571,38651.83093407428,0.36312228519880174,0.36304010076252724,-8.218443627450167e-05,0,0.0,0
1779941298.2838624,0.012573000276461244,79535.51085751322,0.3546922445193355,0.3541486077069717,-0.0005436368123638013,0,0.0,0
1779941298.3178213,0.008237999281845987,121388.6971565647,0.35138477413534863,0.3597996323529412,0.00841485821759258,1,0.3211725950241089,0
1779941298.4285138,49.6812659985153,20.12831154564146,0.34382128267973855,0.626759531590414,0.2829382489106754,0,0.0,0
1779941298.5514126,54.0158030053135,18.51310069206285,0.34243491710920476,0.630660420070806,0.28822550296160127,1,0.31078773736953735,0
1779941298.6699927,61.04533400502987,16.38126838519066,0.34478094788262525,0.628803462009804,0.2840225141271787,2,0.37709200382232666,0
1779941298.6993878,0.00797199027147144,125439.18970631454,0.35039541207107844,0.3491314168028323,-0.0012639952682461653,0,0.0,0
1779941298.7296934,0.006724992999807,148699.0395423012,0.35646906062772327,0.3563556815087146,-0.00011337911900866082,1,0.32881274819374084,0
1779941298.7588413,0.005530004273168743,180831.68666829818,0.3618070576320806,0.3604007182734205,-0.0014063393586600803,0,0.0,0
1779941298.78942,0.006788992322981358,147297.26481129002,0.36523026875680825,0.37287016612200435,0.007639897365196102,1,0.5326808094978333,0
1779941298.8194776,0.005045993020758033,198177.0477854873,0.36866113068491285,0.3669712350217865,-0.0016898956631263284,0,0.0,0
1779941298.8497877,0.007511000148952007,133138.0615322618,0.3721087494893791,0.37106520629084966,-0.0010435431985294508,1,0.31135237216949463,0
1779941298.8819184,0.005922003765590489,168861.76361630345,0.37461039624183007,0.3727464767156863,-0.0018639195261437869,0,0.0,0
1779941298.9161208,0.007529000868089497,132819.74826677798,0.374215601171024,0.37234485634531594,-0.0018707448257080372,0,0.0,0
1779941298.9482439,0.005780006176792085,173010.19573563882,0.372814453125,0.37098168572984747,-0.0018327673951525347,0,0.0,0
1779941298.9818525,0.00732101034373045,136593.16857220093,0.3716612540849673,0.36985004765795204,-0.0018112064270152661,0,0.0,0
1779941299.0149083,0.0061150058172643185,163532.1420589215,0.3701826618668301,0.3683754595588235,-0.0018072023080065724,0,0.0,0
1779941299.0506058,0.00644699321128428,155111.067629121,0.36638968460648147,0.37394439338235297,0.007554708775871499,1,0.2512025833129883,0
1779941299.0823393,0.005480003892444074,182481.6222081188,0.3607370472494553,0.3687022909858388,0.007965243736383465,1,0.3304581344127655,0
1779941299.1159792,0.0076669966802001,130429.16825338981,0.3553407288262527,0.3550407135076252,-0.0003000153186275001,1,0.5246401429176331,0
1779941299.1510851,0.0056110002333298326,178221.3435066198,0.350822367749183,0.35923953227124183,0.008417164522058818,1,0.527818500995636,0
1779941299.2696855,62.40174299455248,16.025193400243605,0.3466601264637799,0.6282282305283224,0.2815681040645425,1,0.7709138989448547,0
1779941299.3836222,60.161575995152816,16.621904986009167,0.34044745710784313,0.6196906828703704,0.2792432257625273,1,0.30471548438072205,0
1779941299.4836464,47.97648100065999,20.84354623646206,0.3384584567333878,0.6132438725490196,0.27478541581563176,1,0.6036186814308167,0
1779941299.5853543,50.405601010425016,19.839065102966977,0.340674104711329,0.6146934912854031,0.2740193865740741,0,0.0,0
1779941299.6763108,39.426846997230314,25.363428124755924,0.34083413330610024,0.6143523454520697,0.2735182121459695,0,0.0,0
1779941299.7871034,56.74914199335035,17.62141179362987,0.3399127689270153,0.609603690087146,0.2696909211601307,1,0.33727750182151794,0
1779941299.8779118,37.95662199263461,26.345863975831346,0.33656992953431375,0.6122497276688453,0.2756797981345316,1,0.5499362945556641,0
1779941299.970172,41.36097998707555,24.177376849206166,0.32812348090277776,0.6078180487472767,0.279694567844499,1,0.453108012676239,0
1779941300.0794888,57.31693599955179,17.4468502644283,0.3123240059912854,0.59751959082244,0.2851955848311546,1,0.626985490322113,0
1779941300.1779618,45.34384500584565,22.053709822602862,0.31489189304193904,0.6037301368464052,0.28883824380446615,1,0.4657150208950043,0
1779941300.2710893,40.6105880101677,24.624120186332423,0.3235851970996732,0.6146322508169935,0.29104705371732026,0,0.0,0
1779941300.3597326,38.386857995647006,26.050582210020888,0.3298648088575708,0.6201150769335513,0.2902502680759805,0,0.0,0
1779941300.4507823,39.35040000942536,25.412702279023243,0.33614597800925927,0.6190787717864924,0.2829327937772331,1,0.7093632221221924,0
1779941300.5517356,48.729538000770845,20.521434042411425,0.33682059334150327,0.6264801538671024,0.28965956052559916,0,0.0,0
1779941300.6511197,47.323735008831136,21.131045548568576,0.3480949031522331,0.6322993259803922,0.28420442282815905,1,0.27924901247024536,0
1779941300.6811273,0.007678987458348274,130225.50244079925,0.3591312253199891,0.354999693627451,-0.004131531692538104,1,0.38347557187080383,0
1779941300.7117257,0.005676003638654947,176180.2957964579,0.36263269335511983,0.35945758442265796,-0.0031751089324618675,0,0.0,0
1779941300.7423668,0.011331008863635361,88253.3949125486,0.36392726205065357,0.3591160300925926,-0.004811231958060991,1,0.4286036193370819,0
1779941300.773981,0.005420995876193047,184467.95069363914,0.3666747770288671,0.36150888480392157,-0.005165892224945512,1,0.48323601484298706,0
1779941300.8136065,0.006994989234954119,142959.47662120443,0.37144565716911765,0.3678560900054466,-0.003589567163671037,0,0.0,0
1779941300.844948,0.005777008482255042,173099.9708710229,0.3752852796500545,0.3699483081427015,-0.005336971507352961,1,0.25339949131011963,0
1779941300.875319,0.0063490006141364574,157505.10368095347,0.3750916011369826,0.3697593443627451,-0.005332256774237487,1,0.3120567798614502,0
1779941300.908779,0.0061689934227615595,162100.99954237728,0.3744610779207517,0.3719577035675381,-0.002503374353213572,1,0.25421249866485596,0
1779941300.9393954,0.006408998160623014,156030.6267747143,0.37532910369008715,0.37005361519607843,-0.005275488494008718,1,0.268888920545578,0
1779941300.970578,0.0059150042943656445,169061.58478237336,0.3775245949074074,0.3721958061002179,-0.005328788807189511,1,0.32925722002983093,0
1779941300.9994059,0.006133996066637337,163025.8626083862,0.37788863783360566,0.37423852805010893,-0.0036501097834967244,0,0.0,0
1779941301.029008,0.00737099617253989,135666.8727797509,0.3764050287649782,0.3727889773965141,-0.0036160513684641016,0,0.0,0
1779941301.0581741,0.005602996679954231,178475.92228238992,0.3750890395220588,0.3715032169117647,-0.0035858226102941093,0,0.0,0
1779941301.08809,0.0056919961934909225,175685.28966051474,0.3743027939474401,0.37070879289215686,-0.0035940010552832358,0,0.0,0
1779941301.1176946,0.008172006346285343,122368.97006994601,0.373219230834695,0.369611706835512,-0.0036075239991830155,0,0.0,0
1779941301.1501787,0.006305999704636633,158579.1384139658,0.3701924189814815,0.3666325571895425,-0.0035598617919389564,0,0.0,0
1779941301.18393,0.006964997737668455,143575.06458211024,0.3670308244825708,0.36349475762527234,-0.003536066857298459,0,0.0,0
1779941301.2162716,0.007057999027892947,141683.2158871144,0.36497885603894337,0.36145789079520696,-0.003520965243736407,0,0.0,0
1779941301.2497792,0.007994996849447489,125078.22314765604,0.3640234204793028,0.3604673032407407,-0.0035561172385620843,0,0.0,0
1779941301.2841983,0.006317990482784808,158278.17448044426,0.3609774986383442,0.3574041564542484,-0.003573342184095829,0,0.0,0
1779941301.3159413,0.007601993274874985,131544.44681042485,0.35553346694580606,0.35197979643246186,-0.0035536705133442092,0,0.0,0
1779941301.3498442,0.005814988981001079,171969.37144115535,0.3503816508374183,0.3468645663126361,-0.003517084524782166,0,0.0,0
1779941301.4536884,47.866113993222825,20.891606119134426,0.34670007829520694,0.6321414760348584,0.28544139773965144,0,0.0,0
1779941301.5556438,49.766436000936665,20.09386406495291,0.33696800534449894,0.6261242681100219,0.2891562627655229,0,0.0,0
1779941301.6596954,49.73991900624242,20.10457636399647,0.324209771582244,0.6120763548474946,0.28786658326525055,0,0.0,0
1779941301.7513196,40.10199700132944,24.936414013667413,0.31274519590822436,0.6011820874183006,0.28843689151007623,0,0.0,0
1779941301.863021,61.11337699985597,16.363029652286386,0.3081926572712418,0.595982655909586,0.2877899986383442,0,0.0,0
1779941301.9670906,51.03516700910404,19.5943318814184,0.3011361740876906,0.5794748263888889,0.2783386523011983,0,0.0,0
1779941302.0816221,61.64395800442435,16.222190014603335,0.29012999131944445,0.5620999114923747,0.27196992017293026,0,0.0,0
1779941302.1839051,49.297766003292054,20.284894855747034,0.26443482775054467,0.5481252723311547,0.28369044458061005,1,0.28073111176490784,0
1779941302.2777665,39.53412899863906,25.29460052185352,0.21374229387935728,0.4935998093681917,0.2798575154888344,0,0.0,0
1779941302.3802876,50.38575900834985,19.8468777623114,0.15748941738153593,0.4370276926742919,0.279538275292756,0,0.0,0
1779941302.4835324,50.727798996376805,19.713057136017753,0.1447383408224401,0.43639762050653597,0.2916592796840959,1,0.3112238347530365,0
1779941302.5850437,49.482349000754766,20.209226526104224,0.1331656539351852,0.4165140761165577,0.2833484221813725,0,0.0,0
1779941302.6983843,59.956129000056535,16.678861972544244,0.12186543436819172,0.403989549291939,0.2821241149237472,0,0.0,0
1779941302.7846825,35.283361008623615,28.34197115619427,0.1181362421704793,0.39905992987472766,0.28092368770424836,0,0.0,0
1779941302.8871586,50.397874001646414,19.842106831080446,0.11907011250680828,0.40022414556100216,0.2811540330541939,0,0.0,0
1779941302.9969718,56.858734009438194,17.587447512180034,0.12028730511301743,0.40085976647603483,0.2805724613630174,0,0.0,0
1779941303.0908594,40.79926499980502,24.510245466548945,0.1259845835035403,0.41190216503267973,0.28591758152913943,0,0.0,0
1779941303.1949856,41.02555100689642,24.375053483910534,0.12776014433551197,0.4141361485566449,0.2863760042211329,1,0.26647764444351196,0
1779941303.31282,50.37804400490131,19.84991715642452,0.13170601426334422,0.4216931168300654,0.28998710256672117,1,0.325589656829834,0
1779941303.4270296,40.169439002056606,24.89454731864196,0.1338361374931917,0.42602226307189545,0.2921861255787037,0,0.0,0
1779941303.5305946,41.96678601147141,23.82836750297378,0.13577573529411766,0.427775462962963,0.2919997276688453,1,0.25586971640586853,0
1779941303.6360412,51.587394991656765,19.384580286748925,0.13809382233796297,0.43336288126361655,0.2952690589256536,0,0.0,0
1779941303.7396145,50.99178699310869,19.611001280169795,0.14108754170070806,0.4343336226851852,0.29324608098447713,1,0.3248673975467682,0
1779941303.868511,51.84195499168709,19.289396014489636,0.14096076729302834,0.4325820397603486,0.2916212724673203,1,0.266204833984375,0
1779941303.977702,51.71722099476028,19.335919076187693,0.13889455678104576,0.4270585852396514,0.28816402845860567,1,0.2805980145931244,0
1779941304.0789804,50.02641200553626,19.98944077559137,0.13816024986383443,0.427661015795207,0.28950076593137253,0,0.0,0
1779941304.1826887,50.63931299082469,19.74750329217913,0.13702967984068629,0.436015318627451,0.29898563878676476,1,0.3592517375946045,0
1779941304.3076835,51.18814000161365,19.53577527857969,0.1352502510552832,0.4210525258714597,0.2858022748161765,0,0.0,0
1779941304.4187,51.35066500224639,19.473944494316754,0.13289202495234204,0.4268633408224401,0.29397131587009806,1,0.27957695722579956,0
1779941304.5408359,54.98316400917247,18.187385502827315,0.1307151160811547,0.4244634055010893,0.2937482894199346,1,0.6077725291252136,0
1779941304.6556284,52.654312006779946,18.991796908698316,0.12533620983115468,0.41461129833877997,0.2892750885076253,1,0.3670480251312256,0
1779941304.7645743,49.11183500371408,20.36169082104904,0.11623827273965141,0.3956918743191721,0.27945360157952065,1,0.27540919184684753,0
1779941304.8729994,49.92310899251606,20.030803773657393,0.10994798474945534,0.38256723175381263,0.2726192470043573,1,0.7279084324836731,0
1779941304.9833238,49.645499006146565,20.14281294415413,0.10566099877450981,0.37164151007625273,0.26598051130174294,1,0.34471091628074646,0
1779941305.0741272,38.87726800167002,25.72197202635339,0.1025457601443355,0.35235231141067536,0.24980655126633985,0,0.0,0
1779941305.1972187,57.337363992701285,17.440634350182094,0.10255723209422658,0.36158520561002183,0.25902797351579526,1,0.5317527651786804,0
1779941305.2987123,48.614661005558446,20.569926423752356,0.09448206444035948,0.3425532237200436,0.24807115927968412,1,0.26674994826316833,0
1779941305.4181075,60.59387700224761,16.503317653084107,0.08972014995234205,0.33032516339869283,0.24060501344635077,1,0.3388276994228363,0
1779941305.540887,62.67009201110341,15.95657462610439,0.08467893858932461,0.31660942606209147,0.23193048747276684,1,0.28497710824012756,0
1779941305.661265,59.87001500034239,16.702852003532673,0.08005310883033769,0.29630414283769063,0.21625103400735296,0,0.0,0
1779941305.784834,63.51416899997275,15.744518360941305,0.07406152556508715,0.28207065291394334,0.20800912734885618,0,0.0,0
1779941305.9082642,62.78631299210247,15.927038113000588,0.07020220588235294,0.27320079316448803,0.2029985872821351,0,0.0,0
1779941306.0143192,44.84385899559129,22.29959736735218,0.06742460256672113,0.2649138752723311,0.19748927270561,0,0.0,0
1779941306.1456003,60.84554799599573,16.435056186293373,0.06399398318355119,0.25797348175381263,0.19397949857026142,0,0.0,0
1779941306.260104,61.05123499582987,16.379685031241472,0.05585533683959695,0.2396998910675381,0.18384455422794116,0,0.0,0
1779941306.3574698,45.34360900288448,22.0538246070441,0.04424391935593682,0.21114939065904137,0.16690547130310454,0,0.0,0
1779941306.4823341,51.81406100746244,19.2997804178286,0.034477685866013075,0.18806135961328976,0.1535836737472767,0,0.0,0
1779941306.6057627,63.63828199391719,15.713812011700506,0.02713072320942266,0.16756442333877997,0.1404337001293573,0,0.0,0
1779941306.7337341,59.864583003218286,16.704367588198863,0.019133148658769063,0.15425937840413945,0.1351262297453704,1,0.3654033839702606,0
1779941306.8453841,51.13842600258067,19.554766897783196,0.015236932359749456,0.13119825708061003,0.11596132472086057,0,0.0,0
1779941306.954358,51.473279992933385,19.427555425597262,0.015210903458605665,0.1300484068627451,0.11483750340413944,0,0.0,0
1779941307.0806553,51.97276700346265,19.24084588248641,0.015625617000272332,0.12996580541938998,0.11434018841911765,0,0.0,0
1779941307.2133043,63.7424739979906,15.688126570542645,0.014470043572984748,0.12430174291938997,0.10983169934640523,0,0.0,0
1779941307.3120294,43.39522699592635,23.04400896655923,0.012336724707244008,0.11912328090958606,0.10678655620234205,0,0.0,0
1779941307.4153268,52.06682199786883,19.206088668921094,0.011939908428649237,0.11687981685729848,0.10493990842864924,0,0.0,0
1779941307.5169575,49.82792500231881,20.069067695543488,0.011015556917211329,0.10954393041938998,0.09852837350217865,0,0.0,0
1779941307.6114883,42.07129401038401,23.769176192992322,0.010574601715686274,0.10806573393246188,0.0974911322167756,0,0.0,0
1779941307.7138925,52.37497101188637,19.09308932644664,0.010194099775326797,0.10648893654684097,0.09629483677151417,0,0.0,0
1779941307.8158462,49.062749996664934,20.382061748841544,0.009882297623910675,0.10466476034858388,0.09478246272467321,0,0.0,0
1779941307.9079628,40.51983400131576,24.679271883678695,0.009789075265522876,0.10443710852396514,0.09464803325844226,0,0.0,0
1779941308.0082126,48.39220999565441,20.66448298372402,0.009801976953976034,0.10405519812091503,0.09425322116693899,0,0.0,0
1779941308.12036,59.943659987766296,16.68233137923321,0.00987866370506536,0.10493850422113289,0.09505984051606753,0,0.0,0
1779941308.2141848,42.99853900738526,23.256604133183313,0.00995828227124183,0.10489030160675382,0.09493201933551199,0,0.0,0
1779941308.3143725,48.29689800681081,20.70526351110542,0.009960409858387798,0.10490143314270152,0.09494102328431372,0,0.0,0
1779941308.4152887,49.28351398848463,20.290760927348963,0.009922887731481481,0.10440430964052287,0.0944814219090414,0,0.0,0
1779941308.5087318,42.00981200847309,23.8039627456154,0.009894152539488018,0.10431278935185186,0.09441863681236384,0,0.0,0
1779941308.5991173,39.64822999841999,25.221806876116553,0.00991270084422658,0.10407957175925926,0.09416687091503269,0,0.0,0
1779941308.6986463,48.173370989388786,20.758356317233257,0.009783752042483659,0.1042145799291939,0.09443082788671024,0,0.0,0
1779941308.7940202,44.180116994539276,22.63461638464202,0.009636680453431372,0.10344907407407407,0.0938123936206427,0,0.0,0
1779941308.8939686,48.484843006008305,20.62500233064751,0.009998119212962963,0.10588579112200436,0.09588767190904139,0,0.0,0
1779941308.9911063,46.16236800211482,21.662666870863024,0.009973383884803922,0.10449325980392156,0.09451987591911763,0,0.0,0
1779941309.0915895,48.00999999861233,20.828993960193788,0.009941350932734206,0.10445831631263618,0.09451696537990197,0,0.0,0
1779941309.177176,33.18967600353062,30.12985121920512,0.009511969805283224,0.10103257761437909,0.09152060780909586,0,0.0,0
1779941309.2773442,49.748796998756006,20.100988573150936,0.009495770356753813,0.10116361996187363,0.09166784960511982,0,0.0,0
1779941309.3785894,50.695422003627755,19.725647020522686,0.009553262016612201,0.10146806917211329,0.09191480715550109,0,0.0,0
1779941309.4799845,49.93002300034277,20.0280300290095,0.009536807257625273,0.10109752859477124,0.09156072133714596,0,0.0,0
1779941309.581086,50.03040700103156,19.98784459177758,0.009525560831971676,0.09978288398692811,0.09025732315495644,0,0.0,0
1779941309.6780877,47.05940801068209,21.249736073454397,0.009656084048202614,0.10150502110566449,0.09184893705746187,0,0.0,0
1779941309.778389,49.36413999530487,20.25762020963218,0.009572716673474946,0.1015350966775599,0.09196238000408495,0,0.0,0
1779941309.8792388,49.095287002273835,20.368553909333198,0.009645195057189542,0.10220574618736383,0.09256055113017429,0,0.0,0
1779941309.9787533,47.35186400648672,21.118492819269168,0.009569069989106754,0.10185094975490196,0.0922818797657952,0,0.0,0
1779941310.0789154,49.255612000706606,20.302255101117296,0.00959530739379085,0.10256069580610022,0.09296538841230938,0,0.0,0
1779941310.1705735,41.00600599485915,24.386671555512336,0.009523339630991286,0.10255490876906319,0.0930315691380719,0,0.0,0
1779941310.2712042,48.73751298873685,20.518076091225627,0.009511880446623093,0.10244221473311547,0.09293033428649239,0,0.0,0
1779941310.3621454,39.197038000565954,25.512131809183167,0.009526016135620916,0.10307834626906318,0.09355233013344226,0,0.0,0
1779941310.4512343,38.414089998696,26.032114779601596,0.009637242136437909,0.10389533973311546,0.09425809759667755,0,0.0,0
1779941310.552044,48.53854399698321,20.60218370089866,0.009614000374455338,0.10374263003812637,0.09412862966367103,0,0.0,0
1779941310.650479,48.343843009206466,20.68515735932625,0.009702439916938999,0.10420453771786493,0.09450209780092593,0,0.0,0
1779941310.739208,39.41821400076151,25.36898297778487,0.009602643314270153,0.10340468409586057,0.0938020407815904,0,0.0,0
1779941310.8305368,40.035936995991506,24.977559538574617,0.00951228468818083,0.10334793709150326,0.09383565240332244,0,0.0,0
1779941310.9316037,48.824382000020705,20.481570048333143,0.009662726375272332,0.1043218443627451,0.09465911798747276,0,0.0,0
1779941311.0356913,51.4063000009628,19.452868616906308,0.009838171466503268,0.1050926947167756,0.09525452325027232,0,0.0,0
1779941311.1423028,42.870821998803876,23.325888176996013,0.010065742442810457,0.1060404922385621,0.09597474979575164,0,0.0,0
1779941311.2612498,60.84538099821657,16.4351012943663,0.010333533326525054,0.10740669253812636,0.09707315921160131,0,0.0,0
1779941311.3723722,50.60806099209003,19.759697968991514,0.010947627314814816,0.11057943559368191,0.0996318082788671,0,0.0,0
1779941311.493064,44.04425900429487,22.704434643854206,0.0114965150122549,0.11246360974945534,0.10096709473720043,0,0.0,0
1779941311.602313,43.18239800340962,23.15758378960431,0.011980268756808278,0.11462619144880175,0.10264592269199346,0,0.0,0
1779941311.7061708,43.92558000108693,22.765777935664257,0.012623685151143791,0.1170755378540305,0.10445185270288672,0,0.0,0
1779941311.8158681,51.82227499608416,19.296721343776646,0.013240723720043573,0.11990766271786492,0.10666693899782134,0,0.0,0
1779941311.9174924,49.32568100048229,20.27341497809675,0.014288151892701526,0.12496206086601308,0.11067390897331156,0,0.0,0
1779941312.0162191,46.68372999003623,21.42073909290092,0.01591281147875817,0.13139539079520696,0.11548257931644879,0,0.0,0
1779941312.130824,51.70276400167495,19.34132573584662,0.02129899833197168,0.1512813010620915,0.12998230273011982,0,0.0,0
1779941312.2519162,55.309554998530075,18.080058681118956,0.027804423679193897,0.17695707380174291,0.14915265012254902,0,0.0,0
1779941312.3575563,47.82753900508396,20.90845610713322,0.03235428581154684,0.19433454180283224,0.1619802559912854,0,0.0,0
1779941312.471461,54.360381996957585,18.395750052969966,0.05006415100762527,0.23390912649782136,0.1838449754901961,0,0.0,0
1779941312.5835702,43.30094999750145,23.094181537765383,0.09195796313316992,0.31192342388344224,0.21996546075027232,0,0.0,0
1779941312.7018907,51.015803997870535,19.601768895806117,0.11851570584831154,0.365706580201525,0.24719087435321346,0,0.0,0
1779941312.8234344,61.97178999718744,16.13637430910717,0.15321282679738563,0.41155455133442265,0.258341724537037,1,0.308723121881485,0
1779941312.9362733,52.87402399699204,18.912878657710813,0.18057498893654686,0.4356213916122004,0.2550464026756536,1,0.47542792558670044,0
1779941313.0413473,49.18523500964511,20.33130470564799,0.22278327120778868,0.47201919934640524,0.24923592813861656,1,0.38046419620513916,0
1779941313.1612132,51.98156299593393,19.237590067813496,0.2475241693899782,0.48960336669389976,0.24207919730392155,1,0.444265753030777,0
1779941313.2725644,51.626845001010224,19.369767801623983,0.20393067044526142,0.42517866625816997,0.22124799581290855,0,0.0,0
1779941313.3748887,41.01011899183504,24.384225761429665,0.19352519063180829,0.4053217252178649,0.21179653458605663,1,0.5721168518066406,0
1779941313.4868093,52.06507199909538,19.206734219389435,0.18529193474264705,0.38375330201525054,0.1984613672726035,1,0.5778738260269165,0
1779941313.595975,52.64618499495555,18.994728679690997,0.18373280909586057,0.3673382012527233,0.18360539215686275,1,0.43490317463874817,0
1779941313.7069447,48.66839699388947,20.54721465606427,0.18805953414351853,0.36808258442265795,0.18002305027913942,1,0.334972083568573,0
1779941313.810237,49.37249100476038,20.25419377571171,0.19412144692946623,0.3804567674291939,0.18633532049972765,1,0.29066669940948486,0
1779941313.9097736,49.28392999863718,20.29058965118351,0.2096977336941721,0.40764077818627453,0.19794304449210243,0,0.0,0
1779941314.0106068,49.25319799804129,20.303250157274423,0.22701064219090414,0.4418385076252723,0.2148278654343682,0,0.0,0
1779941314.1118362,41.656121000414714,24.00607584153225,0.24402780330882354,0.4769349298747277,0.23290712656590415,0,0.0,0
1779941314.2144737,41.39184899395332,24.1593459655809,0.2516827810117102,0.49142407066993465,0.23974128965822444,1,0.3201979100704193,0
1779941314.3133729,41.60493800009135,24.035608465461582,0.2850248970247821,0.5316997549019608,0.24667485787717863,1,0.33136382699012756,0
1779941314.4114487,42.41673399519641,23.575601085016295,0.32939639076116556,0.5788183210784315,0.2494219303172659,1,0.26360777020454407,0
1779941314.4455192,0.008957998943515122,111632.07389345813,0.3717343920206972,0.3732538466775599,0.0015194546568627065,1,0.5028851628303528,0
1779941314.4925277,0.011702999472618103,85448.17953207067,0.383155637254902,0.38375868055555556,0.0006030433006535829,1,0.4865509867668152,0
1779941314.524921,0.007861002814024687,127210.2330526986,0.39104210920479304,0.390896003540305,-0.00014610566448802764,1,0.5530081391334534,0
1779941314.5548515,0.005342008080333471,187195.52366112775,0.39963565921160127,0.3992142905773421,-0.00042136863425917825,1,0.2943389117717743,0
1779941314.5845075,0.0059480080381035805,168123.51187051064,0.4044962001293573,0.4036434163943355,-0.0008527837350217893,1,0.5670366883277893,0
1779941314.6144648,0.005203008186072111,192196.50714309688,0.40703924972766886,0.40348132829520694,-0.003557921432461919,1,0.4627082347869873,0
1779941314.6554697,0.008168004569597542,122428.92269210282,0.4098303079044118,0.40949897875816993,-0.0003313291462418433,1,0.414957195520401,0
1779941314.6933463,0.005916008376516402,169032.89115842036,0.4119486570669935,0.40963305078976037,-0.002315606277233151,0,0.0,0
1779941314.7233362,0.0059349986258894205,168492.03564055412,0.41177567146650323,0.41020877587145965,-0.0015668955950435826,1,0.2506963908672333,0
1779941314.7726014,0.009420007700100541,106157.02575161662,0.4093801359953704,0.40830798951525055,-0.0010721464801198288,1,0.4322572946548462,0
1779941314.8043005,0.007296999683603644,137042.62619703816,0.40203048406862746,0.4022349877450981,0.00020450367647062428,1,0.4610196352005005,0
1779941314.8461726,0.008998002158477902,111135.78129760746,0.39783963950163403,0.39854512186819174,0.0007054823665577081,1,0.6065882444381714,0
1779941314.8869884,0.01020600029733032,97981.57660857402,0.39305518961056646,0.3942031420206972,0.0011479524101307148,1,0.5221035480499268,0
1779941314.9195359,0.0058140140026807785,171998.20976332546,0.3886486502587146,0.3894673202614379,0.0008186700027232874,1,0.573660671710968,0
1779941314.9551342,0.007883994840085506,126839.25094871757,0.3861306253404139,0.38733976715686275,0.0012091418164488221,1,0.5515179634094238,0
1779941314.9862504,0.005316993338055909,188076.21834742365,0.386857596337146,0.3878894846132898,0.0010318882761438108,1,0.49275141954421997,0
1779941315.0166326,0.00703400291968137,142166.5602671229,0.38954753880718956,0.3905237608932462,0.0009762220860566329,1,0.45913904905319214,0
1779941315.0545478,0.006637987098656595,150648.07827095376,0.3923072108183551,0.3941518246187364,0.0018446138003812562,1,0.33259496092796326,0
1779941315.0865474,0.006966001819819212,143554.36961771463,0.39548529411764705,0.39672150735294115,0.0012362132352941035,1,0.4783782362937927,0
1779941315.1189878,0.00553599966224283,180635.84917107175,0.39907527828839867,0.4003480051742919,0.0012727268858932494,1,0.43759477138519287,0
1779941315.1497626,0.0064490013755857944,155062.76735894868,0.4028836209831155,0.40407186138344225,0.0011882404003267788,1,0.40459245443344116,0
1779941315.1828768,0.006379996193572879,156739.9054261798,0.4060108506944444,0.40735258374183003,0.001341733047385607,1,0.5586079955101013,0
1779941315.2155206,0.0060919992392882705,164149.72502800744,0.4081227319921024,0.40946376293572984,0.0013410309436274193,1,0.49091291427612305,0
1779941315.2487185,0.005887995939701796,169837.0736394642,0.40944011267701524,0.4105542619825708,0.001114149305555534,1,0.46548405289649963,0
1779941315.2799947,0.0063889892771840096,156519.2797507334,0.3989783581835512,0.40074639161220044,0.0017680334286492294,1,0.4277484714984894,0
1779941315.3994896,68.47947298956569,14.602916119876847,0.10842504936002179,0.31891704112200436,0.21049199176198258,0,0.0,0
1779941315.4902894,39.581281002028845,25.264467816206917,0.02320207822712418,0.15399205133442265,0.13078997310729845,0,0.0,0
1779941315.5876348,45.78465400845744,21.84137942410306,0.02244690819035948,0.15115252246732025,0.12870561427696076,0,0.0,0
1779941315.6905687,52.89784100023098,18.904363223361678,0.020513978247549018,0.14337402982026143,0.1228600515727124,0,0.0,0
1779941315.797048,55.501023001852445,18.017685907638555,0.017780930861928106,0.13495627382897604,0.11717534296704793,0,0.0,0
1779941315.8975363,48.97515499033034,20.418516290503625,0.01637041292211329,0.1308218954248366,0.11445148250272331,0,0.0,0
1779941315.9910388,41.96626000339165,23.828666169422327,0.015283028662854031,0.12615083741830066,0.11086780875544663,0,0.0,0
1779941316.093195,49.44184000487439,20.22578447528271,0.01477172691993464,0.12414350149782136,0.10937177457788672,0,0.0,0
1779941316.1964166,50.16584000259172,19.933883294854365,0.014240532237200437,0.12145818014705882,0.10721764790985838,0,0.0,0
1779941316.288066,40.17733200453222,24.88965668221062,0.014010561342592593,0.11971449482570806,0.10570393348311546,0,0.0,0
1779941316.3911312,51.17349699139595,19.541365331513983,0.01379617715141612,0.11816098175381264,0.10436480460239651,0,0.0,0
1779941316.4899817,48.6497420060914,20.5550935886729,0.01361297487745098,0.11732066993464053,0.10370769505718955,0,0.0,0
1779941316.5736034,33.34006998920813,29.993938234793468,0.013435168164488018,0.11616801130174291,0.10273284313725489,0,0.0,0
1779941316.674468,48.09466098959092,20.792328699778736,0.013010518790849674,0.11330361519607843,0.10029309640522875,0,0.0,0
1779941316.7743456,47.15153200959321,21.2082186385067,0.012795560151143791,0.1124229813453159,0.09962742119417212,0,0.0,0
1779941316.886936,41.31979800877161,24.201473583866843,0.01283692470043573,0.11315824142156863,0.1003213167211329,0,0.0,0
1779941317.0001147,53.925005995552056,18.54427239345108,0.013281398931100218,0.11571878404139434,0.10243738511029413,0,0.0,0
1779941317.1189907,60.22466599824838,16.604492252876664,0.014737859987745098,0.12219379765795207,0.10745593767020697,0,0.0,0
1779941317.2404294,60.50851599138696,16.526599332602114,0.0188044236791939,0.13416779003267973,0.11536336635348583,0,0.0,0
1779941317.3516555,50.61012599617243,19.75889172999942,0.023294777199074072,0.14869231685729847,0.1253975396582244,0,0.0,0
1779941317.452567,41.19147099845577,24.276870326808407,0.024468720213779955,0.15350847630718953,0.12903975609340956,0,0.0,0
1779941317.5608528,48.141318999114446,20.77217701530768,0.02503987098311547,0.1558033769063181,0.13076350592320263,0,0.0,0
1779941317.674781,60.22086199664045,16.605541117225908,0.025590996902233116,0.15902692674291938,0.13343592984068625,0,0.0,0
1779941317.7755847,50.53176201181486,19.789533556462754,0.026592081971677558,0.16095957584422657,0.134367493872549,0,0.0,0
1779941317.876874,50.30257299949881,19.879698798110457,0.02620334626906318,0.15946413739106755,0.13326079112200437,0,0.0,0
1779941317.983919,54.71036299422849,18.27807284162037,0.02436189831835512,0.15301811002178647,0.12865621170343136,0,0.0,0
1779941318.0741916,38.29040299751796,26.116204628737428,0.02219238919526144,0.14617796840958608,0.12398557921432464,0,0.0,0
1779941318.1681714,41.566556988982484,24.05780205141978,0.0205415432666122,0.1408846677559913,0.12034312448937909,0,0.0,0
1779941318.2819538,43.824392996612005,22.818342288900805,0.02027089716094771,0.13898978758169936,0.11871889042075165,0,0.0,0
1779941318.4115021,55.82687100104522,17.912521014858193,0.01983578856889978,0.146661220043573,0.1268254314746732,1,0.36788615584373474,0
1779941318.5159543,41.174901998601854,24.286639468721898,0.01909168198529412,0.14510940904139435,0.12601772705610023,2,0.2773222327232361,0
1779941318.6435676,63.85697299265303,15.659996913963548,0.01852547998366013,0.1270467218137255,0.10852124183006537,0,0.0,0
1779941318.7510793,52.53458200604655,19.035080547227032,0.01929885365604575,0.12883098447712418,0.10953213082107843,0,0.0,0
1779941318.8540666,39.31317600654438,25.43676450443821,0.021999859579248368,0.1324312193627451,0.11043135978349673,0,0.0,0
1779941318.972523,54.65464299777523,18.296707199070095,0.018306742749183008,0.12206306168300654,0.10375631893382353,0,0.0,0
1779941319.0791826,51.67534900829196,19.351586766052367,0.014473217933006535,0.11063563793572985,0.09616242000272332,0,0.0,0
1779941319.1970716,56.134305996238254,17.814418157534774,0.013432334218409586,0.10711708537581699,0.0936847511574074,0,0.0,0
1779941319.3126595,53.62671200418845,18.64742331996592,0.012962350217864923,0.105551947167756,0.09258959694989108,0,0.0,0
1779941319.4215612,49.04591399827041,20.389058302293332,0.012968869144880175,0.10545923543028322,0.09249036628540305,0,0.0,0
1779941319.5453665,52.45334601204377,19.064560719737322,0.013349664692265796,0.10618188316993464,0.09283221847766884,0,0.0,0
1779941319.6542208,43.129268000484444,23.1861111111083,0.015098039215686275,0.11146548202614379,0.0963674428104575,0,0.0,0
1779941319.7665167,47.316159994807094,21.134428493557994,0.01637078312227669,0.1145675211056645,0.09819673798338781,0,0.0,0
1779941319.9051976,67.24408800073434,14.871195814107548,0.01718821912445534,0.11677740332244009,0.09958918419798475,0,0.0,0
1779941320.021845,53.99280499841552,18.520986268991695,0.015968694682734205,0.11337923815359477,0.09741054347086056,0,0.0,0
1779941320.1319737,53.39763200026937,18.727422219677372,0.01469950384667756,0.10972281794662309,0.09502331409994552,0,0.0,0
1779941320.2636817,61.14702200284228,16.35402620185685,0.013741570499727669,0.10688240400326798,0.09314083350354031,0,0.0,0
1779941320.376788,51.07297300128266,19.579827474991237,0.012728919866557734,0.10383959694989106,0.09111067708333333,0,0.0,0
1779941320.4815028,42.897652005194686,23.311299179705806,0.01302953941993464,0.10468094703159041,0.09165140761165577,0,0.0,0
1779941320.5955544,44.60490199562628,22.41906057988996,0.013672985600490196,0.10677651824618738,0.09310353264569718,0,0.0,0
1779941320.71664,51.6608400066616,19.357021679691062,0.014256110430283225,0.10785321350762526,0.09359710307734204,0,0.0,0
1779941320.849151,63.65488299343269,15.709713897410989,0.015416641135620916,0.11098323461328977,0.09556659347766885,0,0.0,0
1779941320.9644222,52.3247410019394,19.11141805676468,0.015493434266067538,0.11106649986383442,0.09557306559776688,0,0.0,0
1779941321.079881,43.01754600601271,23.2463283670395,0.01506072133714597,0.1095040679466231,0.09444334660947712,0,0.0,0
1779941321.2062008,55.08672300493345,18.15319455307665,0.014566401994825708,0.10810190291394335,0.09353550091911764,0,0.0,0
1779941321.3217843,51.1378350056475,19.554992891067116,0.01491386676198257,0.1092807223583878,0.09436685559640523,0,0.0,0
1779941321.44071,53.971921995980665,18.528152472955675,0.015747749012799565,0.11127435661764705,0.09552660760484749,0,0.0,0
1779941321.5650997,51.639633005834185,19.36497108503891,0.01772983047385621,0.11676244212962963,0.09903261165577343,0,0.0,0
1779941321.6833565,50.62295901007019,19.75388281433874,0.018230681508714597,0.11805414283769063,0.09982346132897603,0,0.0,0
1779941321.8007114,43.258499004878104,23.116844620226736,0.019156058517156863,0.12045343137254902,0.10129737285539216,0,0.0,0
1779941321.9210207,51.53731899918057,19.403415222586563,0.018410977498638344,0.11922768586601307,0.10081670836737472,0,0.0,0
1779941322.041645,52.123571003903635,19.1851782358716,0.01778173934504357,0.11712784245642702,0.09934610311138345,0,0.0,0
1779941322.1634486,49.95059099746868,20.01978315032702,0.016646152471405228,0.11405882352941177,0.09741267105800654,0,0.0,0
1779941322.280624,43.6765440099407,22.89558440732861,0.01524017054738562,0.10985481345315903,0.09461464290577341,0,0.0,0
1779941322.4061933,53.90618400997482,18.55074734681571,0.012869081052559914,0.1024605119825708,0.08959143093001089,0,0.0,0
1779941322.5299687,51.653133996296674,19.359909508524616,0.011074759157135078,0.09633944376361657,0.0852646846064815,0,0.0,0
1779941322.6430714,39.67395999643486,25.205449622116394,0.01063996544798475,0.09517788330610022,0.08453791785811547,0,0.0,0
1779941322.7592132,41.44773900043219,24.12676841044508,0.01024899152369281,0.09462414896514161,0.0843751574414488,0,0.0,0
1779941322.8875673,52.63112600368913,19.000163514075414,0.009507412513616559,0.09122174564270152,0.08171433312908497,0,0.0,0
1779941323.0269506,63.95195200457238,15.636739280897993,0.009106843171296296,0.08946190767973856,0.08035506450844226,0,0.0,0
1779941323.184789,70.46255900058895,14.191934187227597,0.009092435151143791,0.08937329793028323,0.08028086277913944,0,0.0,0
1779941323.347001,66.97601100313477,14.930718999571289,0.009393978077342048,0.09061825980392157,0.08122428172657953,0,0.0,0
1779941323.5201483,65.55116199888289,15.255259701071994,0.009527326729302833,0.0910837248093682,0.08155639808006537,0,0.0,0
1779941323.698644,67.1075949940132,14.901442975109031,0.009428687534041394,0.09050270629084967,0.08107401875680827,0,0.0,0
1779941323.8828707,64.90233600197826,15.407765907987033,0.009385944308278866,0.09013737404684095,0.08075142973856209,0,0.0,0
1779941324.0802484,67.49193699215539,14.81658468501549,0.008858306951252724,0.08741164556100217,0.07855333860974945,0,0.0,0
1779941324.2532852,56.369451005593874,17.740105361337722,0.008065648828976035,0.08383282271241829,0.07576717388344226,0,0.0,0
1779941324.439364,58.52541200874839,17.08659479151586,0.007764314406318082,0.08267219839324619,0.0749078839869281,0,0.0,0
1779941324.6268177,69.84767899848521,14.316867995308579,0.0075061189406318085,0.08119235089869281,0.073686231958061,0,0.0,0
1779941324.8152363,65.54128299467266,15.257559118598309,0.007344103179466231,0.08080446623093682,0.07346036305147058,0,0.0,0
1779941324.9965866,64.3023939919658,15.551520525424667,0.007211775769335512,0.08009403935185186,0.07288226358251634,0,0.0,0
1779941325.1725893,58.31728100019973,17.147575861717133,0.007263412309368192,0.07987816584967321,0.07261475354030501,0,0.0,0
1779941325.3577914,64.3392850033706,15.542603557804723,0.007383944376361656,0.08095070806100219,0.07356676368464053,0,0.0,0
1779941325.5354483,57.01058200793341,17.540603249074763,0.07438079980255992,0.2078481243191721,0.1334673245166122,0,0.0,0
1779941325.711548,56.48487200960517,17.70385528765917,0.07250562959558823,0.20910157952069716,0.13659594992510893,0,0.0,0
1779941325.9022121,67.30526700266637,14.857678225396297,0.06453158615876906,0.19770584831154686,0.1331742621527778,0,0.0,0
1779941326.0888338,56.402715999865904,17.72964266476773,0.057889531420206974,0.18557000612745098,0.127680474707244,0,0.0,0
1779941326.279814,67.43490499502514,14.82911557558764,0.0064624480868736385,0.07261109409041396,0.06614864600354031,0,0.0,0
1779941326.4645379,58.6882979987422,17.039171932050778,0.006083286526416123,0.07227748842592592,0.0661942018995098,0,0.0,0
1779941326.6595728,62.2935179999331,16.053034603071765,0.005840401177832245,0.07096585648148149,0.06512545530364924,0,0.0,0
1779941326.8635836,70.93568300479092,14.097277387636645,0.01956423185593682,0.11697720928649237,0.09741297743055555,0,0.0,0
1779941327.0705135,74.41073399968445,13.438921325574354,0.012298151552287582,0.10142769607843137,0.08912954452614379,0,0.0,0
1779941327.2691848,72.72103299328592,13.751179800929485,0.00987471490332244,0.09522652845860567,0.08535181355528323,0,0.0,0
1779941327.4667656,72.41508000879548,13.809278397241854,0.00861968954248366,0.09034061819172114,0.08172092864923748,0,0.0,0
1779941327.6517675,54.14180699153803,18.47001523529299,0.007594145731209151,0.08580550449346405,0.0782113587622549,0,0.0,0
1779941327.846211,58.12806299945805,17.203394512033256,0.00751887169798475,0.08536912785947712,0.07785025616149237,0,0.0,0
1779941328.0468624,60.73009199462831,16.466301419211614,0.007474183857570806,0.08584150326797386,0.07836731941040306,0,0.0,0
1779941328.2508254,73.34184800856747,13.63478051280061,0.007725898692810458,0.0876447950708061,0.07991889637799564,0,0.0,0
1779941328.4598382,69.63369599543512,14.360863454175341,0.007678930078976035,0.08797480936819171,0.08029587928921568,0,0.0,0
1779941328.6625657,71.32809300674126,14.019721512889591,0.007536722154139433,0.08682800585511984,0.0792912837009804,0,0.0,0
1779941328.860116,71.36351001099683,14.012763663753422,0.008134514569716776,0.09003026279956428,0.08189574822984749,0,0.0,0
1779941329.0621073,73.29546600522008,13.643408719562276,0.009280875544662311,0.09679815155228759,0.08751727600762528,0,0.0,0
1779941329.2537723,57.463445991743356,17.40236741360212,0.011213928887527232,0.1068113936546841,0.09559746476715687,0,0.0,0
1779941329.4440036,62.46959400596097,16.007787723169418,0.011135101783769063,0.10675975285947713,0.09562465107570807,0,0.0,0
1779941329.6424096,70.69629699981306,14.145012432583906,0.008512514467592592,0.09182800585511983,0.08331549138752724,0,0.0,0
1779941329.843415,75.53372700931504,13.239118994838915,0.008843992544934641,0.09615482026143791,0.08731082771650328,0,0.0,0
1779941330.0471048,73.89159699960146,13.533338574417245,0.009075818695533769,0.097895799291939,0.08881998059640524,0,0.0,0
1779941330.2466404,71.72676500340458,13.94179703981539,0.009208754595588236,0.09892950027233115,0.08972074567674292,0,0.0,0
1779941330.4245074,57.46610200731084,17.401563096671843,0.007474600864651416,0.08629433891612201,0.07881973805147059,0,0.0,0
1779941330.6195743,70.17893300508149,14.249290451987813,0.007616923679193899,0.08860042211328976,0.08098349843409587,0,0.0,0
1779941330.8001812,54.166814996278845,18.46148790673216,0.007595098890250544,0.08830742783224402,0.08071232894199347,0,0.0,0
1779941330.9802716,56.10624399560038,17.823328185690276,0.0074613289760348585,0.0874059946895425,0.07994466571350764,0,0.0,0
1779941331.1613324,57.97925298975315,17.247548880575145,0.007380055147058823,0.08717476851851852,0.0797947133714597,0,0.0,0
1779941331.3330753,49.29890300263651,20.28442701750422,0.007393603622004357,0.08759902641612201,0.08020542279411765,0,0.0,0
1779941331.522375,65.81050698878244,15.195142018438673,0.007401096983932462,0.08756304466230937,0.08016194767837691,0,0.0,0
1779941331.6933095,47.54152600071393,21.034242779354265,0.007352698631535948,0.08693043641067538,0.07957773777913943,0,0.0,0
1779941331.8841097,69.32673499977682,14.424449673033344,0.007295875034041395,0.08720537173202614,0.07990949669798475,0,0.0,0
1779941332.0732057,67.58947999333031,14.795201858316995,0.007239702478213508,0.08679890046296296,0.07955919798474945,0,0.0,0
1779941332.256023,58.00041800830513,17.241255051934438,0.0071650199142156866,0.08624337894880174,0.07907835903458606,0,0.0,0
1779941332.435595,55.274313999689184,18.09158590381824,0.007131965720315905,0.08495161015795206,0.07781964443763616,0,0.0,0
1779941332.613446,57.26088899245951,17.463927256380643,0.007073993225762527,0.08541864106753812,0.07834464784177558,0,0.0,0
1779941332.7937832,56.972591002704576,17.55229984103283,0.00714718647875817,0.0855984987745098,0.07845131229575163,0,0.0,0
1779941332.9776144,55.089289002353325,18.15234899759337,0.00704784092456427,0.08501283360566449,0.07796499268110021,0,0.0,0
1779941333.1638784,57.51389201031998,17.387103620470782,0.006970762697440087,0.08424428104575163,0.07727351834831155,0,0.0,0
1779941333.3357368,47.62515999027528,20.997304790245177,0.0068851656113834425,0.08459725626361655,0.07771209065223311,0,0.0,0
1779941333.5227878,58.853779002674855,16.9912623614968,0.0067380770016339875,0.08319946555010893,0.07646138854847494,0,0.0,0
1779941333.7165427,64.51440199452918,15.500414931921712,0.006836758748638345,0.08431918913398692,0.07748243038534858,0,0.0,0
1779941333.9080734,59.5061869971687,16.804975254885345,0.006842741523692811,0.0842310559640523,0.07738831444035948,0,0.0,0
1779941334.0982745,61.10072600131389,16.366417642541535,0.00687091928785403,0.0838292313453159,0.07695831205746187,0,0.0,0
1779941334.2830122,56.68432499805931,17.64156140227897,0.006905211737472767,0.08473258782679738,0.0778273760893246,0,0.0,0
1779941334.4625847,55.05930200160947,18.162235328932585,0.007385693252995643,0.08823704724945533,0.0808513539964597,0,0.0,0
1779941334.661668,69.77560099039692,14.331657281427471,0.007735677083333333,0.08927893518518518,0.08154325810185184,0,0.0,0
1779941334.8356733,48.68141199403908,20.541721347820552,0.007286139195261438,0.08657024441721133,0.07928410522194988,0,0.0,0
1779941335.033074,72.30892499501351,13.829551470568273,0.0068157296772875815,0.08214489719498912,0.07532916751770154,0,0.0,0
1779941335.2275057,64.47981800010893,15.508728638134658,0.006497229881535948,0.07728233932461874,0.07078510944308279,0,0.0,0
1779941335.421709,66.02579999889713,15.145594601151423,0.006371723515795207,0.07618906590413943,0.06981734238834422,0,0.0,0
1779941335.6024094,55.84780299977865,17.905807324308952,0.006479324108115468,0.07703380310457517,0.0705544789964597,0,0.0,0
1779941335.7966092,65.15516400395427,15.34797763596006,0.006516918572984749,0.07764266748366012,0.07112574891067537,0,0.0,0
1779941335.987733,62.57778800500091,15.980111024699129,0.006613745063997822,0.07871086941721132,0.0720971243532135,0,0.0,0
1779941336.1741061,58.04039599024691,17.229379347584736,0.0067155160675381265,0.08089060797930284,0.0741750919117647,0,0.0,0
1779941336.3646078,58.92167300044093,16.97168374687047,0.006816780705337691,0.08351664624183006,0.07669986553649237,0,0.0,0
1779941336.558493,59.86203100474086,16.705079717739675,0.006821333741830066,0.08505347903050109,0.07823214528867102,0,0.0,0
1779941336.742629,55.538044005515985,18.00567553118509,0.0067938878676470586,0.08539995234204793,0.07860606447440087,0,0.0,0
1779941336.9369144,62.10764999559615,16.10107611656385,0.006908760552832243,0.08690216503267974,0.0799934044798475,0,0.0,0
1779941337.1171517,50.821561002521776,19.676688009452914,0.0070104634735838785,0.08675539556100217,0.0797449320874183,0,0.0,0
1779941337.3036802,59.482452998054214,16.811680581376024,0.00705881501906318,0.0874103690087146,0.08035155398965142,0,0.0,0
1779941337.4988837,62.6259749988094,15.967815271842255,0.007060512833605664,0.08737913602941176,0.0803186231958061,0,0.0,0
1779941337.699876,71.54699999955483,13.976826421879633,0.007028058619281046,0.0870490876906318,0.08002102907135075,0,0.0,0
1779941337.9045813,70.22671599406749,14.239595086355406,0.006888633578431372,0.08640841162854031,0.07951977805010893,0,0.0,0
1779941338.1023412,69.97691400465555,14.290427267676739,0.006857719737200435,0.0865863630174292,0.07972864328022876,0,0.0,0
1779941338.2846594,54.233312999713235,18.438851412328205,0.006823223039215687,0.08593908292483661,0.07911585988562092,0,0.0,0
1779941338.4933107,60.2858319907682,16.58764533851227,0.006819299768518519,0.08594131263616558,0.07912201286764707,0,0.0,0
1779941338.6715338,52.26198099262547,19.134368445411724,0.006850894437636166,0.0853711533224401,0.07852025888480393,0,0.0,0
1779941338.8545086,60.16162599553354,16.62189117152919,0.0068926376974400875,0.08620950776143792,0.07931687006399783,0,0.0,0
1779941339.0441015,58.301625002059154,17.15218057755133,0.00687107247412854,0.08551228894335512,0.07864121646922659,0,0.0,0
1779941339.2404993,71.56659400789067,13.972999747476367,0.006902207584422658,0.0855827716503268,0.07868056406590414,0,0.0,0
1779941339.4470034,72.21554299758282,13.847434478661635,0.006829367510893246,0.08456379357298476,0.07773442606209151,0,0.0,0
1779941339.6466675,61.971381001058035,16.136480805275696,0.006757599741285403,0.08404779411764707,0.07729019437636167,0,0.0,0
1779941339.8512123,61.823276002542116,16.175137661078992,0.006823840039488017,0.08424167687908497,0.07741783683959695,0,0.0,0
1779941340.0366445,52.00369899102952,19.2294013580168,0.006797951559095861,0.08391835171568626,0.0771204001565904,0,0.0,0
1779941340.2412074,70.01966900133993,14.28170133139109,0.006752702035675381,0.08336739174836601,0.07661468971269063,0,0.0,0
1779941340.4489262,64.56275499658659,15.488806201855382,0.006798457924836601,0.08447159245642702,0.07767313453159042,0,0.0,0
1779941340.6495829,57.856889005051926,17.284026452108105,0.0067881178513071894,0.08394692946623093,0.07715881161492374,0,0.0,0
1779941340.8511333,62.28678401384968,16.054770138359473,0.0067663739106753815,0.08339210580065361,0.07662573188997823,0,0.0,0
1779941341.0425434,59.52199999592267,16.800510736677214,0.006835069444444444,0.08395557598039216,0.07712050653594772,0,0.0,0
1779941341.2441626,63.08981000620406,15.850420216856937,0.0067793819784858385,0.08283648216230938,0.07605710018382354,0,0.0,0
1779941341.4491737,66.97963800979778,14.929910487926495,0.006780939372276688,0.08348497072440088,0.0767040313521242,0,0.0,0
1779941341.6472063,58.34499199409038,17.139431608822356,0.006911794492102397,0.08412392769607843,0.07721213320397603,0,0.0,0
1779941341.8638508,71.63650401344057,13.959363508475764,0.006864834388616558,0.08365231821895426,0.0767874838303377,0,0.0,0
1779941342.079742,60.03718099964317,16.65634500737041,0.006882565699891067,0.08418528730936818,0.07730272160947711,0,0.0,0
1779941342.3116486,68.7286370084621,14.549975723756557,0.00685070720996732,0.08338752723311546,0.07653682002314814,0,0.0,0
1779941342.55672,70.51827899704222,14.180720434795969,0.006877089290577342,0.08384517973856209,0.07696809044798475,0,0.0,0
1779941342.7708917,56.28960298781749,17.765270084005135,0.006892616421568627,0.08432878880718955,0.07743617238562092,0,0.0,0
1779941343.0029113,69.55984199885279,14.376110860293393,0.0067905390454793026,0.08333404820261439,0.07654350915713509,0,0.0,0
1779941343.2196631,56.42018900834955,17.72415189626556,0.006799389808006536,0.08348847698801742,0.07668908718001088,0,0.0,0
1779941343.4574366,65.98331900022458,15.15534555023818,0.006772960920479304,0.08371202682461873,0.07693906590413943,0,0.0,0
1779941343.6925292,61.311005003517494,16.310285566883607,0.00681769982298475,0.08415097358387799,0.07733327376089325,0,0.0,0
1779941343.9154716,62.005223997402936,16.127673372196586,0.006946320976307189,0.0846683346949891,0.07772201371868191,0,0.0,0
1779941344.1594727,67.69671700021718,14.771765076832189,0.007067491319444444,0.08457192946623095,0.07750443814678651,0,0.0,0
1779941344.372349,50.31152599258348,19.876161183173252,0.007223120063997821,0.08568947440087146,0.07846635433687364,0,0.0,0
1779941344.6088328,71.33824599441141,14.017726200870419,0.007278152233115469,0.08565594362745098,0.07837779139433551,0,0.0,0
1779941344.8740788,82.92804200027604,12.058647182296568,0.0073981566584967315,0.0873190529684096,0.07992089630991286,0,0.0,0
1779941345.1061323,51.695393995032646,19.344083151703785,0.007384416700708061,0.08747853690087146,0.08009412020016339,0,0.0,0
1779941345.335078,62.9713759990409,15.880231043628944,0.007354545377178649,0.08718848720043573,0.07983394182325708,0,0.0,0
1779941345.5516105,59.2146480048541,16.887713322521574,0.007207720588235294,0.08696337145969499,0.0797556508714597,0,0.0,0
1779941345.775758,61.77969800774008,16.18654723554516,0.007138850592320261,0.08848711533224402,0.08134826473992375,0,0.0,0
1779941346.0116875,67.51120599801652,14.812355744754138,0.007046666496459695,0.0880290883714597,0.080982421875,0,0.0,0
1779941346.2595448,68.70796100702137,14.554354187541797,0.006985694104030501,0.0877349026416122,0.08074920853758169,0,0.0,0
1779941346.4888966,60.85300999984611,16.43304086359128,0.006956133408224401,0.08613708469498911,0.07918095128676471,0,0.0,0
1779941346.71365,66.32784800603986,15.076623621332315,0.006415479473039215,0.08226938657407407,0.07585390710103485,0,0.0,0
1779941346.9314153,58.83745399478357,16.995976747883386,0.006378106277233115,0.0816218852124183,0.07524377893518518,0,0.0,0
1779941347.1749449,71.46448700223118,13.992964085347442,0.006415739038671024,0.0818738936546841,0.07545815461601307,0,0.0,0
1779941347.4059205,64.8717660078546,15.415026621580196,0.006479617715141612,0.08271475013616558,0.07623513242102398,0,0.0,0
1779941347.6485212,69.88008800544776,14.310228114223916,0.006577265454793028,0.08326070601851851,0.07668344056372547,0,0.0,0
1779941347.8953528,72.30921799782664,13.829495432104611,0.006465099060457517,0.08061853213507625,0.07415343307461873,0,0.0,0
1779941348.142698,59.81002899352461,16.71960399999582,0.006870898011982571,0.0816577308006536,0.07478683278867103,0,0.0,0
1779941348.3520455,49.42348299664445,20.2332967926986,0.007700176164215687,0.08462385961328976,0.07692368344907408,0,0.0,0
1779941348.5708065,60.7093519938644,16.47192676510639,0.00775267650462963,0.08495489515250546,0.07720221864787583,0,0.0,0
1779941348.7641926,47.59302300226409,21.011483131727694,0.00732391237745098,0.08281752110566448,0.07549360872821351,0,0.0,0
1779941348.9635587,57.58466299448628,17.365735041216613,0.007118787445533769,0.08300714869281046,0.0758883612472767,0,0.0,0
1779941349.1603837,58.95982700167224,16.960701054493217,0.0069045606958061,0.08213572303921568,0.07523116234340958,0,0.0,0
1779941349.3602188,60.597871997742914,16.50222964986703,0.006774548100490196,0.08262128948801743,0.07584674138752724,0,0.0,0
1779941349.559907,58.276149997254834,17.159678531390735,0.006731647433278867,0.08493309163943356,0.0782014442061547,0,0.0,0
1779941349.7612512,59.808648002217524,16.719990058342784,0.007279513888888888,0.09042424087690631,0.08314472698801742,0,0.0,0
1779941349.9816904,72.31762100127526,13.827888502891513,0.007660628574346405,0.09173391544117647,0.08407328686683006,0,0.0,0
1779941350.1976511,58.51874200743623,17.08854233183833,0.008030777675653593,0.09442187499999999,0.0863910973243464,0,0.0,0
1779941350.4203591,69.1742609924404,14.45624406611707,0.0073464690563725486,0.08828719022331155,0.080940721166939,0,0.0,0
1779941350.6277077,50.1423160021659,19.943235170007004,0.006008110362200436,0.07170875885076253,0.0657006484885621,0,0.0,0
1779941350.8413653,64.94267800007947,15.398194697157027,0.012030777675653593,0.09739772263071896,0.08536694495506536,0,0.0,0
1779941351.0539718,58.89930500416085,16.97812902765757,0.016784820091230935,0.11002566721132898,0.09324084712009804,0,0.0,0
1779941351.2915182,69.41584798914846,14.40593220378618,0.006426283360566449,0.07409135008169934,0.0676650667211329,0,0.0,0
1779941351.5317445,72.01222800358664,13.886530492435174,0.006194674223856209,0.07542167075163399,0.06922699652777778,0,0.0,0
1779941351.7768736,62.49928999750409,16.000181762703782,0.006330678104575163,0.07449560866013072,0.06816493055555556,0,0.0,0
1779941352.0288856,74.24063500366174,13.469712374505923,0.006803657747821351,0.0814031862745098,0.07459952852668846,0,0.0,0
1779941352.2657218,60.25175700779073,16.59702637170725,0.006627059504357298,0.07980957244008714,0.07318251293572985,0,0.0,0
1779941352.4907796,57.57068500679452,17.36995138900952,0.007073461328976034,0.08463769744008715,0.07756423611111112,0,0.0,0
1779941352.692675,49.29407600138802,20.286413320169387,0.006945359306917212,0.085533786083878,0.07858842677696079,0,0.0,0
1779941352.903725,60.246023000217974,16.59860601912896,0.007417581529139434,0.09019078499455338,0.08277320346541395,0,0.0,0
1779941353.0940545,48.34198299795389,20.685953243629367,0.006997880923202614,0.08564481209150326,0.07864693116830065,0,0.0,0
1779941353.2914543,55.439702002331614,18.03761499219356,0.0068835146037581705,0.08607334218409586,0.07918982758033768,0,0.0,0
1779941353.4844043,60.95794799330179,16.404751684060667,0.007441993464052288,0.09094909109477124,0.08350709763071895,0,0.0,0
1779941353.676023,59.79288899106905,16.72439677817482,0.00706515522875817,0.08530148760893247,0.0782363323801743,0,0.0,0
1779941353.8650267,55.124038000940345,18.14090615028858,0.007965209694989105,0.09038895697167755,0.08242374727668844,0,0.0,0
1779941354.0488267,50.952125995536335,19.62626643071979,0.008369234238834424,0.09355456835511983,0.0851853341162854,0,0.0,0
1779941354.2387505,58.66690901166294,17.045384133007598,0.008370276756535948,0.09420525258714596,0.08583497583061,0,0.0,0
1779941354.434655,59.79073299386073,16.724999844084188,0.008506152982026144,0.09480366625816994,0.0862975132761438,0,0.0,0
1779941354.649327,72.70623800286558,13.753978028138203,0.008318244485294118,0.09308272058823529,0.08476447610294117,0,0.0,0
1779941354.867081,74.69035898975562,13.388608831524802,0.00751909296704793,0.0879552866285403,0.08043619366149236,0,0.0,0
1779941355.095159,72.42915999086108,13.806593920544948,0.006153007557189543,0.07569289556100217,0.06953988800381262,0,0.0,0
1779941355.3002017,54.61139199906029,18.311197781173703,0.005841524543845316,0.07351445057189543,0.06767292602805011,0,0.0,0
1779941355.5361328,67.69962400721852,14.771130780480766,0.005800904650054466,0.07348915781590414,0.06768825316584967,0,0.0,0
1779941355.7512228,63.23153999983333,15.814892378117564,0.006130689168028323,0.07552388003812636,0.06939319087009804,0,0.0,0
1779941355.9729412,69.08051899517886,14.47586113343749,0.0062827988834422656,0.07674332788671023,0.07046052900326796,0,0.0,0
1779941356.2236633,63.72928600467276,15.691373035729256,0.006276254425381263,0.0778912037037037,0.07161494927832243,0,0.0,0
1779941356.4364347,57.30179199599661,17.451461205085263,0.006792568763616558,0.08519955065359477,0.07840698188997822,0,0.0,0
1779941356.6530423,63.61503999505658,15.719553113190031,0.00775206375953159,0.09301533564814814,0.08526327188861654,0,0.0,0
1779941356.8802412,72.50674199895002,13.791820904247514,0.007370519301470588,0.0912063419117647,0.08383582261029411,0,0.0,0
1779941357.111045,72.40889100648928,13.81045871715367,0.007583801402505446,0.09261863425925926,0.08503483285675381,0,0.0,0
1779941357.3271706,56.39058700762689,17.73345611502056,0.007514531420206971,0.09292025803376906,0.08540572661356209,0,0.0,0
1779941357.5384536,51.92985299800057,19.256746211827377,0.007131357230392157,0.08964135688997821,0.08250999965958605,0,0.0,0
1779941357.753341,59.868706011911854,16.70321720000151,0.0072131118940631815,0.08945937159586057,0.08224625970179739,0,0.0,0
1779941357.9597297,62.297402997501194,16.05203350194407,0.007283326525054467,0.09170758442265795,0.08442425789760348,0,0.0,0
1779941358.1585364,57.439383992459625,17.409657459614735,0.007247897943899782,0.09086504289215687,0.08361714494825709,0,0.0,0
1779941358.3594878,59.1976900032023,16.892551042885373,0.007346605221949892,0.09091658156318083,0.08356997634123094,0,0.0,0
1779941358.557501,59.94798699975945,16.68112725793466,0.007729324108115469,0.09377735226034858,0.08604802815223311,0,0.0,0
1779941358.78066,72.67541000328492,13.759812293522666,0.007824252791394336,0.09387952750544662,0.08605527471405228,0,0.0,0
1779941358.995203,56.921620009234175,17.568017210995993,0.00762627229711329,0.09218770424836602,0.08456143195125272,0,0.0,0
1779941359.2178059,67.25490100507159,14.868804876013296,0.007833418436819171,0.09353518178104575,0.08570176334422658,0,0.0,0
1779941359.4587312,70.881059000385,14.108141358251553,0.0078081086601307186,0.0924574482570806,0.08464933959694988,0,0.0,0
1779941359.6674438,50.54379200737458,19.784823423103976,0.007867774714052287,0.09242567061546841,0.08455789590141613,0,0.0,0
1779941359.9112277,71.51191700540949,13.98368330587971,0.007832431236383441,0.09239425040849673,0.08456181917211329,0,0.0,0
1779941360.1317177,59.31521799357142,16.85907990944887,0.0075902735226034855,0.09273953227124183,0.08514925874863835,0,0.0,0
1779941360.3830118,73.19741800893098,13.661684075768735,0.007549585546023965,0.09253031386165576,0.0849807283156318,0,0.0,0
1779941360.6330051,72.47255799302366,13.798326258833887,0.0076069623161764705,0.09246308210784314,0.08485611979166667,0,0.0,0
1779941360.868248,56.823039005394094,17.59849556629789,0.007420666530501089,0.0915733251633987,0.0841526586328976,0,0.0,0
1779941361.1142159,70.63046300027054,14.158196867492851,0.007120561853213508,0.08935998774509804,0.08223942589188453,0,0.0,0
1779941361.3509536,59.33777100290172,16.8526721361188,0.008067793436819171,0.09371594158496732,0.08564814814814815,0,0.0,0
1779941361.5836537,61.10397199518047,16.365548218025406,0.00821539266748366,0.09388958673747276,0.0856741940699891,0,0.0,0
1779941361.7895336,46.04804499831516,21.716448549261727,0.008230021956699347,0.09403143722766885,0.0858014152709695,0,0.0,0
1779941362.009009,62.71940500300843,15.944028804993183,0.008201108047385622,0.0938798508986928,0.08567874285130718,0,0.0,0
1779941362.2408445,73.27726000221446,13.646798474312218,0.008230307053376908,0.09468498093681917,0.08645467388344226,0,0.0,0
1779941362.4804215,69.95660199027043,14.294576516725042,0.008133280569172114,0.09412741693899783,0.08599413636982571,0,0.0,0
1779941362.7220576,68.37047899898607,14.626195613092456,0.007871961805555555,0.09119029139433552,0.08331832958877997,0,0.0,0
1779941362.9450548,56.933850995847024,17.564243108602366,0.007422760076252723,0.08815968818082788,0.08073692810457515,0,0.0,0
1779941363.1683815,62.72429699311033,15.942785299129627,0.007431764025054467,0.08924307257625272,0.08181130855119825,0,0.0,0
1779941363.390974,62.69725799211301,15.949660830873892,0.007059223515795207,0.08780255991285403,0.08074333639705883,0,0.0,0
1779941363.6093712,59.15496899979189,16.90475063901256,0.006644258918845316,0.08428204997276689,0.07763779105392157,0,0.0,0
1779941363.8311214,70.5901440087473,14.166283608602402,0.007565823291122004,0.09143937227668845,0.08387354898556645,0,0.0,0
1779941364.045969,61.12175500311423,16.36078675995231,0.007564291428376906,0.0910596064814815,0.08349531505310459,0,0.0,0
1779941364.2688317,61.70607601234224,16.20585952994294,0.0075373731958061005,0.08978002450980392,0.08224265131399783,0,0.0,0
1779941364.506436,70.68393200461287,14.147486870633335,0.007615489685457516,0.09117934708605666,0.08356385740059914,0,0.0,0
1779941364.7327693,67.39678500161972,14.83750300516512,0.007628531794662309,0.09066139025054466,0.08303285845588235,0,0.0,0
1779941364.9502304,61.09024799661711,16.36922475835055,0.007636433653322439,0.0909914556100218,0.08335502195669936,0,0.0,0
1779941365.1694443,60.80306100193411,16.446540412960303,0.007681593818082789,0.0904878131808279,0.08280621936274511,0,0.0,0
1779941365.3930104,59.06891000631731,16.92937959906577,0.007579763242102397,0.09006813385076254,0.08248837060866014,0,0.0,0
1779941365.609413,61.85340799856931,16.16725791444071,0.007553938589324619,0.09001901211873639,0.08246507352941178,0,0.0,0
1779941365.8273215,66.75826200807933,14.979419324592008,0.007530411730664488,0.08962171500544662,0.08209130327478213,0,0.0,0
1779941366.0408738,57.92125698644668,17.264818687101275,0.007564006331699346,0.09042323665577343,0.08285923032407408,0,0.0,0
1779941366.231533,50.43720699904952,19.82663314443333,0.007539356107026144,0.0904463677832244,0.08290701167619825,0,0.0,0
1779941366.4307048,59.2936019966146,16.865226033275825,0.0074738987608932465,0.0900480324074074,0.08257413364651416,0,0.0,0
1779941366.6233647,56.84313400706742,17.592274202820484,0.007423751531862745,0.08972164351851852,0.08229789198665578,0,0.0,0
1779941366.8334281,65.28398700174876,15.317691916904725,0.007452325027233115,0.08965262459150328,0.08220029956427016,0,0.0,0
1779941367.0499427,67.92058199062012,14.72307761052608,0.007442742374727669,0.0895027913943355,0.08206004901960784,0,0.0,0
1779941367.2671008,59.815241998876445,16.718146856595244,0.007521905637254901,0.08997811138344226,0.08245620574618737,0,0.0,0
1779941367.4907415,59.766470003523864,16.731789579358452,0.007546726068899782,0.0901751940359477,0.08262846796704792,0,0.0,0
1779941367.7102337,61.61419101408683,16.230027263871246,0.007673436648965142,0.0913781658496732,0.08370472920070807,0,0.0,0
1779941367.9363136,69.11793499602936,14.468024834038333,0.007633501838235294,0.0912218137254902,0.0835883118872549,0,0.0,0
1779941368.15008,57.93392199848313,17.261044402037598,0.0075251906318082795,0.09034400531045751,0.08281881467864924,0,0.0,0
1779941368.3667703,60.02889700175729,16.658643585783793,0.007564351000816994,0.09113284654139434,0.08356849554057734,0,0.0,0
1779941368.580923,60.01893999928143,16.66140721598836,0.007423496221405229,0.09004365808823529,0.08262016186683006,0,0.0,0
1779941368.787478,55.49966500257142,18.018126775245722,0.007573316653050109,0.09131631263616558,0.08374299598311546,0,0.0,0
1779941369.0218632,78.7855170055991,12.692688174260915,0.007706809980936819,0.0911001327614379,0.08339332278050109,0,0.0,0
1779941369.2461755,67.85222399048507,14.73791043518677,0.007782892497276688,0.09166739855664488,0.08388450605936819,0,0.0,0
1779941369.4837213,73.12762600486167,13.674722599821825,0.007961780024509804,0.09263705065359476,0.08467527062908496,0,0.0,0
1779941369.7156687,62.51287100894842,15.996705700124615,0.007970379731753813,0.09237009803921568,0.08439971830746187,0,0.0,0
1779941369.972512,71.28422601090278,14.028348990519332,0.007959558823529412,0.09188643790849672,0.0839268790849673,0,0.0,0
1779941370.1941679,50.02870700263884,19.988523787897485,0.008452810117102397,0.09477025462962962,0.08631744451252722,0,0.0,0
1779941370.4599636,80.36649700079579,12.442995991104327,0.009737915305010893,0.10304643246187364,0.09330851715686275,0,0.0,0
1779941370.6995568,59.491064996109344,16.80924690229363,0.006822542211328976,0.08899824686819172,0.08217570465686275,0,0.0,0
1779941370.9172983,50.98959899623878,19.611842800994854,0.006562848924291939,0.09108084831154684,0.08451799938725489,0,0.0,0
1779941371.1229103,51.373545997194014,19.465271096034897,0.007600766782407407,0.09865761165577343,0.09105684487336602,0,0.0,0
1779941371.3440237,71.01184299972374,14.082158098669405,0.009501944614651417,0.10655935117102397,0.09705740655637256,0,0.0,0
1779941371.569937,71.25355199968908,14.03438806818169,0.009328482434640524,0.10238196146514161,0.0930534790305011,0,0.0,0
1779941371.7841952,59.099959005834535,16.920485510003093,0.008612200435729847,0.0996037241285403,0.09099152369281045,0,0.0,0
1779941372.0082252,72.23030300519895,13.844604804274773,0.008030573427287581,0.09724685117102397,0.08921627774373639,0,0.0,0
1779941372.2605233,75.07670299673919,13.319711176494167,0.008136948529411764,0.09912714460784314,0.09099019607843137,0,0.0,0
1779941372.5008712,65.33049400604796,15.306787668059348,0.008254331767429193,0.10029340277777778,0.09203907101034858,0,0.0,0
1779941372.712277,50.29399700288195,19.883088630690814,0.00789492272603486,0.09588577410130719,0.08799085137527234,0,0.0,0
1779941372.9303317,59.65743299748283,16.762370584101294,0.007722034994553377,0.09249804261982571,0.08477600762527233,0,0.0,0
1779941373.1326292,55.0600190035766,18.16199881687367,0.00738518263208061,0.0889709116285403,0.08158572899645969,0,0.0,0
1779941373.3379219,61.14526301098522,16.354496665102943,0.006812440427559913,0.0858364651416122,0.07902402471405229,0,0.0,0
1779941373.5530422,62.571646994911134,15.981679371190735,0.007111489821623094,0.08727292687908496,0.08016143705746187,0,0.0,0
1779941373.7565098,69.54218300234061,14.379761417129265,0.007227851817810457,0.08727267156862745,0.080044819750817,0,0.0,0
1779941373.9451642,51.2034620041959,19.529929439498726,0.0067772969430827884,0.08662244689542484,0.07984514995234204,0,0.0,0
1779941374.1258454,45.266042012372054,22.091615602854816,0.0066243361928104575,0.08769109136710239,0.08106675517429193,0,0.0,0
1779941374.3350272,70.81414401181974,14.121472679710537,0.006498757489106753,0.08850457856753813,0.08200582107843138,0,0.0,0
1779941374.5464578,71.18045499373693,14.048800335541387,0.006967605358115468,0.09054476443355121,0.08357715907543574,0,0.0,0
1779941374.76832,72.2195739945164,13.846661572331202,0.005546475013616558,0.06840204588779956,0.062855570874183,0,0.0,0
1779941374.988723,59.2235950025497,16.88516207023481,0.005492136437908497,0.06997659654139433,0.06448446010348584,0,0.0,0
1779941375.2071445,59.517268993658945,16.801846202092058,0.005508999693627451,0.0703379459422658,0.06482894624863836,0,0.0,0
1779941375.44074,72.35735599533655,13.820294927090071,0.005519731243191722,0.06986825980392157,0.06434852856072985,0,0.0,0
1779941375.6737823,62.63784300244879,15.964789846944532,0.005507416768790849,0.07084540100762526,0.06533798423883441,0,0.0,0
1779941375.8875847,49.66052999952808,20.136716221302972,0.005515067572167756,0.0707280433006536,0.06521297572848585,0,0.0,0
1779941376.1107962,64.65366198972333,15.467027995397222,0.0054819069989106755,0.07017396854575164,0.06469206154684097,0,0.0,0
1779941376.306869,54.845135993673466,18.23315745110656,0.005480421943082789,0.07075844226579521,0.06527802032271242,0,0.0,0
1779941376.5004554,54.92500199761707,18.206644763406384,0.006325176164215687,0.07605853417755991,0.06973335801334422,0,0.0,0
1779941376.6865568,52.86714500107337,18.915339573939484,0.017289990127995643,0.10669623161764706,0.08940624148965141,0,0.0,0
1779941376.8667097,48.6127410113113,20.570738847400484,0.007356264467592593,0.08811715345860566,0.08076088899101307,0,0.0,0
1779941377.0686195,69.90097201196477,14.305952710197401,0.0069549547249455335,0.0874390318627451,0.08048407713779956,0,0.0,0
1779941377.2661772,62.041398996370845,16.11826967439106,0.007025573597494553,0.08639874387254902,0.07937317027505447,0,0.0,0
1779941377.4768395,67.53006200597156,14.808219780866954,0.006782181883169935,0.08435164760348585,0.07756946572031591,0,0.0,0
1779941377.668841,54.84919299487956,18.231808808806996,0.006678419458061002,0.08413374863834422,0.07745532918028322,0,0.0,0
1779941377.8841143,75.05090400809422,13.324289869874855,0.0067184819240196075,0.08481008306100217,0.07809160113698256,0,0.0,0
1779941378.0849504,62.03552799706813,16.119795096243255,0.006622225626361656,0.08446871595860567,0.07784649033224401,0,0.0,0
1779941378.2980201,67.75093400210608,14.759944120754326,0.006530135144335512,0.08308821827342049,0.07655808312908498,0,0.0,0
1779941378.5225205,71.91906598745845,13.904518729072263,0.006583843954248366,0.08241545819716775,0.07583161424291938,0,0.0,0
1779941378.7385068,65.69215199851897,15.222518513665758,0.006623166019880174,0.08281449142156863,0.07619132540168846,0,0.0,0
1779941378.9621115,72.36220400955062,13.819369015736674,0.006488251463779956,0.07982843137254901,0.07334017990876905,0,0.0,0
1779941379.1855514,61.996573000214994,16.129923826540093,0.00603407969090414,0.07643504901960785,0.07040096932870371,0,0.0,0
1779941379.4111812,66.72471300407778,14.986950935838218,0.006452610123910675,0.08178817742374728,0.0753355672998366,0,0.0,0
1779941379.6287699,68.64129200403113,14.568490347490437,0.0063836890659041395,0.08129716435185186,0.07491347528594772,0,0.0,0
1779941379.8427417,59.763918005046435,16.732504048940708,0.0064207686546840954,0.08093309163943355,0.07451232298474945,0,0.0,0
1779941380.0519788,48.29256499942858,20.70712127243257,0.0064188240400326795,0.08128073937908498,0.0748619153390523,0,0.0,0
1779941380.2551832,60.969924001256004,16.401529383231633,0.006548028152233116,0.08422283496732026,0.07767480681508715,0,0.0,0
1779941380.4525275,54.82075200416148,18.241267466088196,0.00672294134667756,0.08568664896514161,0.07896370761846405,0,0.0,0
1779941380.65582,63.01696700393222,15.868742142693103,0.006766067538126361,0.08654178581154684,0.07977571827342048,0,0.0,0
1779941380.855841,56.904188997577876,17.57339868322462,0.006674198325163399,0.08537496595860566,0.07870076763344226,0,0.0,0
1779941381.0532122,57.937154997489415,17.260081204251968,0.00673468137254902,0.08673789828431372,0.0800032169117647,0,0.0,0
1779941381.2547016,63.4213860030286,15.767551972961398,0.006699491081154684,0.08580657679738561,0.07910708571623093,0,0.0,0
1779941381.4565544,63.65779299812857,15.708995755309932,0.0067106141067538125,0.08637401279956426,0.07966339869281044,0,0.0,0
1779941381.6418564,49.97110000113025,20.01156668509162,0.006717886199618736,0.08615322031590414,0.07943533411628541,0,0.0,0
1779941381.8294945,60.36213200422935,16.566677928638004,0.006651726749727669,0.0853575878267974,0.07870586107706973,0,0.0,0
1779941382.022775,62.74185200163629,15.938324548881985,0.006605677253540305,0.08552970111655772,0.07892402386301742,0,0.0,0
1779941382.2125242,58.477506987401284,17.10059220232226,0.0066659262663398685,0.08620869076797386,0.07954276450163399,0,0.0,0
1779941382.4169452,62.2856230038451,16.055069400819296,0.006677257795479303,0.08551365059912854,0.07883639280364924,0,0.0,0
1779941382.632388,65.85365800128784,15.185185308619362,0.006762863391884532,0.0863224741285403,0.07955961073665577,0,0.0,0
1779941382.8381696,60.09750200610142,16.639626716905383,0.006728077342047931,0.08675507216775599,0.08002699482570806,0,0.0,0
1779941383.0439527,59.88224899920169,16.69943959541886,0.006810993668300654,0.08656040645424835,0.0797494127859477,0,0.0,0
1779941383.2297933,45.83801899570972,21.815951516002396,0.006862889773965142,0.08648103894335511,0.07961814916938997,0,0.0,0
1779941383.418286,52.37207398749888,19.094145483692287,0.006808610770697168,0.08640483728213508,0.07959622651143791,0,0.0,0
1779941383.6251998,69.82957199215889,14.320580399838184,0.006847809436274509,0.0871837554466231,0.08033594601034859,0,0.0,0
1779941383.8155138,56.241200989461504,17.780559134705896,0.006906573393246187,0.08712305964052287,0.08021648624727669,0,0.0,0
1779941384.0235696,64.83908000518568,15.422797484480384,0.006900577852668846,0.08732686546840958,0.08042628761574074,0,0.0,0
1779941384.24189,70.63319601002149,14.157649044482133,0.0068685746868191715,0.0867975558278867,0.07992898114106753,0,0.0,0
1779941384.4258509,51.00536099052988,19.605782227199,0.006883289079520697,0.08744871663943354,0.08056542755991285,0,0.0,0
1779941384.6223795,61.817087000235915,16.176757083299375,0.006884978383714597,0.08738815699891068,0.08050317861519608,0,0.0,0
1779941384.8138802,54.43367999396287,18.370979145832287,0.006909747753267974,0.08685787717864923,0.07994812942538126,0,0.0,0
1779941385.028723,67.70610899548046,14.769715980381509,0.006886403867102396,0.08652117374727668,0.07963476988017429,0,0.0,0
1779941385.2430248,63.33900199388154,15.788060571219589,0.006846379697712419,0.0862113630174292,0.07936498331971678,0,0.0,0
1779941385.4637501,70.295156998327,14.22573108448708,0.006909407339324618,0.08624336192810457,0.07933395458877995,0,0.0,0
1779941385.672532,56.681728005059995,17.642369687648365,0.006904518144063181,0.08669481889978214,0.07979030075571897,0,0.0,0
1779941385.8650022,49.54724200069904,20.182758103587105,0.0070017276007625275,0.0869822133714597,0.07998048577069718,0,0.0,0
1779941386.047585,48.22849400807172,20.73463044134523,0.006817393450435729,0.0864151177832244,0.07959772433278867,0,0.0,0
1779941386.2444446,58.952168008545414,16.962904567904015,0.006802525871459695,0.08561167279411765,0.07880914692265795,0,0.0,0
1779941386.425985,50.14972299977671,19.94028960049196,0.006700393178104575,0.08503094362745098,0.0783305504493464,0,0.0,0
1779941386.628244,67.97268899390474,14.711791085529546,0.006729119859749455,0.08581067878540305,0.07908155892565359,0,0.0,0
1779941386.8395455,68.74519700068049,14.546470788207957,0.006682508680555556,0.08496527777777778,0.07828276909722222,0,0.0,0
1779941387.0254126,49.21334200480487,20.319692978834205,0.006547381365740741,0.08328416053921568,0.07673677917347493,0,0.0,0
1779941387.2388477,67.05461500678211,14.913216635407673,0.006523939610566449,0.08327690972222222,0.07675297011165577,0,0.0,0
1779941387.4249604,48.65412099752575,20.553243579322988,0.006537428513071895,0.08317420683551198,0.07663677832244009,0,0.0,0
1779941387.6356134,68.36152100004256,14.628112209489567,0.006490940733932461,0.08191021582244008,0.07541927508850763,0,0.0,0
1779941387.839196,58.69041998812463,17.0385558699757,0.006526628880718954,0.08224143858932462,0.07571480970860567,0,0.0,0
1779941388.0406773,55.552473990246654,18.00099848254409,0.006514680351307189,0.08199041734749456,0.07547573699618737,0,0.0,0
1779941388.2564692,67.16335300006904,14.889072021150762,0.006525688487200436,0.08249538739106753,0.0759696989038671,0,0.0,0
1779941388.4919934,70.39316301234066,14.20592508145556,0.006596486077069717,0.08301271446078431,0.07641622838371459,0,0.0,0
1779941388.7092385,58.83165600243956,16.99765173971192,0.006607021888616557,0.08340391816448803,0.07679689627587147,0,0.0,0
1779941388.920029,48.512446010136046,20.61326694990937,0.006532598890250545,0.08307005718954248,0.07653745829929194,0,0.0,0
1779941389.1435864,58.77587299619336,17.01378387122834,0.0065470239311002185,0.08242500680827887,0.07587798287717865,0,0.0,0
1779941389.3328059,50.28984999808017,19.8847282312072,0.006568801913126361,0.08251104643246188,0.07594224451933551,0,0.0,0
